use,year_built,heated_sqft,site_address,city,zip,owner,owner_addr1,owner_addr2,owner_addr3,assessed_value,pin
HOSPITAL,1978,1801169.0,2810 BLUE RIDGE RD,RALEIGH,27607,REX HOSPITAL INC ,4420 LAKE BOONE TRL,RALEIGH NC 27607-7505,,362973268,0785822820
HR OFFC,1981,1597789.0,501 N SALISBURY ST,RALEIGH,27604,NORTH CAROLINA STATE OF ,STATE PROPERTY OFFICE,116 W JONES ST,RALEIGH NC 27603-1335,438974266,1704711025
LABRATRY,1987,1118017.0,0 CENTENNIAL PKWY,RALEIGH,27606,BOARD OF TRUSTEES OF THE ENDOWNMENT FUND OF NC STATE UNIVERSITY,PO BOX 7001,RALEIGH NC 27601,,502186527,0793520711
HOSPITAL,1977,1085654.0,3400 WAKE FOREST RD,RALEIGH,27609,DUKE UNIVERSITY ,CORP TAX DEPT,2200 W MAIN ST STE 300,DURHAM NC 27705-4677,196087489,1715360687
HOSPITAL,1975,982239.0,1200 LAKE WHEELER RD,RALEIGH,27603,RALEIGH CITY OF ,222 W HARGETT ST,RALEIGH NC 27601-1316,,164590028,1703241889
OFC GROSS,1996,896802.0,5000 DAVIS DR,,27560,BIOGEN (RTP) REALTY LLC ,ATTN ERIC TISCH,PO BOX 14627,RTP NC 27709-4627,193351069,0736980221
HR OFFC,2004,765252.0,100 E DAVIE ST,RALEIGH,27601,JPMORGAN TRUST CO NTL ASSOC TRUSTEE ,PENNY DEVELLE CXIG/PROGRESS ENERGY,PO BOX 14042,ST PETERSBURG FL 33733-4042,114018687,1703774295
HR OFFC,1990,654148.0,150 FAYETTEVILLE ST,RALEIGH,27601,HRLP FAYETTEVILLE LP ,150 FAYETTEVILLE ST STE 1400,RALEIGH NC 27601-2956,,123170526,1703688565
HOSPITAL,1990,633930.0,1900 KILDAIRE FARM RD,CARY,27518,WAKEMED ,CORPORATE ACCOUNTING,3000 NEW BERN AVE,RALEIGH NC 27610-1231,147425222,0762448334
OFC GROSS,2001,627566.0,7301 KIT CREEK RD,,27560,NETWORK APPLIANCE INC ,3060 OLSEN DR,SAN JOSE CA 95128-2155,,95487146,0736379134
OFC GROSS,2001,624324.0,7200 KIT CREEK RD,,27560,CISCO SYSTEMS INC ,PROPERTY TAX ALLIANCE,PO BOX 311746,NEW BRAUNFELS TX 78131-1746,99781337,0736581509
SCHOOL,1982,613087.0,1060 WILLIAM MOORE DR,RALEIGH,27607,NORTH CAROLINA STATE OF ,STATE PROPERTY OFFICE,1321 MAIL SERVICE CTR,RALEIGH NC 27699-1321,274041077,0784858345
SCHOOL,1992,600334.0,8410 PRIDE WAY,RALEIGH,27613,WAKE CNTY BOARD OF EDUCATION ,RE SERVICES DIRECTOR,1551 ROCK QUARRY RD,RALEIGH NC 27610-4145,113837382,0787385693
OFC GROSS,1999,597624.0,7100 KIT CREEK RD,,27560,CISCO SYSTEMS INC ,PROPERTY TAX ALLIANCE,PO BOX 311746,NEW BRAUNFELS TX 78131-1746,93926265,0736679298
HR OFFC,1992,554316.0,500 SAS CAMPUS DR,CARY,27513,SAS INSTITUTE INC ,ATTN: ERIN SHARP,100 SAS CAMPUS DR,CARY NC 27513-2414,90581620,0775147941
SCHOOL,2005,553292.0,5329 CASS HOLT RD,HOLLY SPRINGS,27540,WAKE CNTY BOARD OF EDUCATION ,RE SERVICES DIRECTOR,1551 ROCK QUARRY RD,RALEIGH NC 27610-4145,126312637,0648449088
HR OFFC,1997,513738.0,6400 WESTON PKWY,CARY,27513,MCI WORLDCOM NETWORK SERVICES INC ,ATTN: TAX DEPT,1133 19TH ST NW,WASHINGTON DC 20036-3607,73841356,0765274411
SCHOOL,1999,497619.0,2300 WAKEFIELD PINES DR,RALEIGH,27614,WAKE CNTY BOARD OF EDUCATION ,RE SERVICES DIRECTOR,1551 ROCK QUARRY RD,RALEIGH NC 27610-4145,129171710,1729791694
HR OFFC,1991,490100.0,434 FAYETTEVILLE ST,RALEIGH,27601,PHOENIX LIMITED PARTNERSHIP OF RAL ,BABAK SOTOODEH,5 HUTTON CENTRE DR STE 860,SANTA ANA CA 92707-8725,73698799,1703667978
HR OFFC,1999,479046.0,8529 SIX FORKS RD,RALEIGH,27615,HIGHWOODS DLF FORUM LLC ,150 FAYETTEVILLE ST STE 1400,RALEIGH NC 27601-2956,,33097521,1708305836
OFC GROSS,1996,454838.0,1100 CORPORATE CENTER DR,RALEIGH,27607,1100 CORPORATE CENTER DRIVE LLC ,532 GOVERNOR MORRISON ST STE 201,CHARLOTTE NC 28211-3372,,50405258,0774866422
HR OFFC,1987,443347.0,1001 WINSTEAD DR,CARY,27513,BRI 1879 WESTON I LLC ,FLANAGAN BILTON  ATT: SPERO KOPITAS,1 N LA SALLE ST STE 2100,CHICAGO IL 60602-3918,32577042,0765471857
NURSG HM,1993,439439.0,4000 GLENAIRE CIR,CARY,27511,GLENAIRE INC ,2109 SANDY RIDGE RD,COLFAX NC 27235-9608,,124316516,0763377533
OFC GROSS,1998,425972.0,8001 DEVELOPMENT DR,,27560,"DEVELOPMENT DRIVE MORRISVILLE, LP ",ATTN: MARTIN J CAWLEY,1251 AVENUE OF THE AMERICAS FL 35,NEW YORK NY 10020-0083,68174346,0736690741
HR OFFC,1985,395760.0,421 FAYETTEVILLE ST,RALEIGH,27601,HIGHWOODS REALTY LIMITED PARTNERSHIP LIMITED PARTN ,150 FAYETTEVILLE ST STE 1400,RALEIGH NC 27601-2956,,74853462,1703761946
OFC GROSS,1995,379066.0,1034 BRAGG ST,RALEIGH,27610,NORTH CAROLINA STATE OF ,STATE PROPERTY OFFICE,116 W JONES ST,RALEIGH NC 27603-1335,110363022,1713227709
OFC GROSS,1986,370651.0,100 E TRYON RD,RALEIGH,27603,FIRST CITIZENS BANK & TRUST CO ,COLD RIVER LAND  LLC,PO BOX 2249,CUMMING GA 30028-6501,59909134,1702700167
OFC GROSS,1984,366313.0,1500 SAWMILL RD,RALEIGH,27615,AMMONS INC ,SPRINGMOOR INC FINANCE DEPT,812 SPRINGMOOR DR,RALEIGH NC 27615-7739,39979681,0797661811
HR OFFC,1991,349950.0,3200 BEECHLEAF CT,RALEIGH,27604,BEECHLEAF 3200 LLC GALLERIA TIC OWNER LLC,964 HIGH HOUSE RD # 4305,CARY NC 27513-3574,,28542515,1715630873
SCHOOL,1999,327535.0,123 MIDDLE CREEK PARK AVE,CARY,27539,WAKE CNTY BOARD OF EDUCATION ,RE SERVICES DIRECTOR,1551 ROCK QUARRY RD,RALEIGH NC 27610-4145,81972704,0679170678
SCHOOL,1978,314623.0,1420 ATHENS DR,RALEIGH,27606,WAKE COUNTY BOARD OF EDUCATION ,REAL ESTATE SERVICES,111 CORNING RD STE 100,CARY NC 27518-9299,72108109,0783543760
OFC GROSS,2000,312240.0,5200 PARAMOUNT PKWY,MORRISVILLE,27560,RALEIGH 1 LP LIMITED PARTNERSHIP ,ASCENDAS LAND INTERNATIONAL PTE LTD,3020 CARRINGTON MILL BLVD STE 425,MORRISVILLE NC 27560-5434,59790762,0746885661
HR OFFC,2001,308799.0,4140 PARKLAKE AVE,RALEIGH,27612,HIGHWOODS REALTY LP ,150 FAYETTEVILLE ST STE 1400,RALEIGH NC 27601-2956,,33775060,0795295504
HR OFFC,2000,296313.0,3008 BEECHLEAF CT,RALEIGH,27604,TRUIST BANK ,PO BOX 167,WINSTON SALEM NC 27102-0167,,31009295,1715547125
OFC GROSS,2001,291597.0,1225 CRESCENT GREEN,CARY,27518,CL CARY LLC ,HLM REALTY LLC,455 TARRYTOWN RD STE 1573,WHITE PLAINS NY 10607-1313,52480873,0762318127
OFC GROSS,1995,286343.0,7025 KIT CREEK RD,,27560,CISCO SYSTEMS INC ,PROPERTY TAX ALLIANCE,PO BOX 311746,NEW BRAUNFELS TX 78131-1746,46041021,0736859805
SCHOOL,1997,276494.0,2600 ROCK QUARRY RD,RALEIGH,27610,WAKE CNTY BOARD OF EDUCATION ,RE SERVICES DIRECTOR,1551 ROCK QUARRY RD,RALEIGH NC 27610-4145,59576640,1712763137
MED OFC GROSS,2005,270912.0,8300 HEALTH PARK,RALEIGH,27615,RALEIGH 8300 MP WRK7 L.P. LIMITED PARTNERSHIP ,REMEDYMEDICAL PROPERTIES INC,800 W MADISON ST STE 400,CHICAGO IL 60607-2481,37626196,1708110136
HR OFFC,1998,266959.0,2501 BLUE RIDGE RD,RALEIGH,27607,ATRIUM AT BLUE RIDGE LLC THE ,C/O BLUE RIDGE REALTY INC,2501 BLUE RIDGE RD STE 280,RALEIGH NC 27607-6367,27229437,0785710619
HR OFFC,2000,266191.0,2301 SUGAR BUSH RD,RALEIGH,27612,CRABTREE OVERLOOK OFFICE LLC ,FOUNDRY COMMERCIAL,2301 SUGAR BUSH RD STE 220,RALEIGH NC 27612-2956,28720325,0796622442
OFC GROSS,1997,264295.0,11000 WESTON PKWY,CARY,27513,HIGHWOODS REALTY LTD PTNRP LTD PTNRP ,150 FAYETTEVILLE ST STE 1400,RALEIGH NC 27601-2956,,53965984,0755865552
SCHOOL,2004,263074.0,100 HORTON RD,KNIGHTDALE,27545,WAKE CNTY BOARD OF EDUCATION ,RE SERVICES DIRECTOR,1551 ROCK QUARRY RD,RALEIGH NC 27610-4145,54021959,1755501315
SCHOOL,1999,263023.0,2500 CARPENTER UPCHURCH RD,CARY,27519,WAKE CNTY BOARD OF EDUCATION ,RE SERVICES DIRECTOR,1551 ROCK QUARRY RD,RALEIGH NC 27610-4145,77839939,0734985018
SCHOOL,2004,257946.0,6770 MCCRIMMON PKWY,CARY,27519,WAKE COUNTY BOARD OF EDUCATION ,RE SERVICES DIRECTOR,1551 ROCK QUARRY RD,RALEIGH NC 27610-4145,68859851,0735278154
HOSPITAL,2001,255600.0,10000 FALLS OF NEUSE RD,RALEIGH,27614,WAKEMED PROPERTY SERVICES ,ATTN: CORPORATE ACCOUNTING,3000 NEW BERN AVE,RALEIGH NC 27610-1231,84353478,1718952829
OFC GROSS,1990,248667.0,2001 EVANS RD,CARY,27513,COPPER III 2021 LLC ,301 COMMERCE ST STE 3300,FORT WORTH TX 76102-4133,,30769107,0755748400
OFC GROSS,1999,247392.0,7025 KIT CREEK RD,,27560,CISCO SYSTEMS INC ,PROPERTY TAX ALLIANCE INC,PO BOX 311746,NEW BRAUNFELS TX 78131-1746,39217631,0736668193
SCHOOL,1999,242305.0,940 REEDY CREEK RD,CARY,27513,WAKE COUNTY BOARD OF EDUCATION FACILITIES BUILDING,RE SERVICES DIRECTOR,1551 ROCK QUARRY RD,RALEIGH NC 27610-4145,68961277,0765807841
SCHOOL,2003,242251.0,950 HOLLY SPRINGS RD,HOLLY SPRINGS,27540,WAKE COUNTY BOARD OF EDUCATION ,RE SERVICES DIRECTOR,1551 ROCK QUARRY RD,RALEIGH NC 27610-4145,56471878,0659437194
HR OFFC,1985,240173.0,8601 SIX FORKS RD,RALEIGH,27615,HIGHWOODS DLF FORUM LLC ,150 FAYETTEVILLE ST STE 1400,RALEIGH NC 27601-2956,,20216090,1708219480
LABRATRY,1981,237537.0,1001 AIRPORT BLVD,MORRISVILLE,27560,STITCH OWNER LLC ,RELATED FUND MGT,30 HUDSON YARDS,NEW YORK NY 10001-2170,145962542,0756382750
OFC GROSS,1995,233513.0,7001 DEVELOPMENT DR,,27560,"DEVELOPMENT DRIVE MORRISVILLE, LP ",ATTN: MARTIN J CAWLEY,1251 AVENUE OF THE AMERICAS FL 35,NEW YORK NY 10020-0083,45728734,0736790977
SCHOOL,2003,232734.0,3500 ROGERS RD,WAKE FOREST,27587,WAKE COUNTY BOARD OF EDUCATION ,RE SERVICES DIRECTOR,1551 ROCK QUARRY RD,RALEIGH NC 27610-4145,56038341,1840405222
OFC GROSS,1997,225333.0,1500 N HARRISON AVE,CARY,27513,CARY ACADEMY ,1500 N HARRISON AVE,CARY NC 27513-5549,,54615734,0765837323
SCHOOL,1998,225173.0,5018 DILLARD DR,RALEIGH,27606,WAKE CNTY BOARD OF EDUCATION ,RE SERVICES DIRECTOR,1551 ROCK QUARRY RD,RALEIGH NC 27610-4145,54952934,0782290419
OFC GROSS,1998,224850.0,3900 PARAMOUNT PKWY,MORRISVILLE,27560,3900 PARAMOUNT PKWY OWNER LLC ,OPC ACQUISITIONS LLC,15921 VENTURA BLVD STE 690,ENCINO CA 91436-2702,38959531,0756060479
OFC GROSS,1987,221791.0,901 CORPORATE CENTER DR,RALEIGH,27607,NC ADMINISTRATIVE OFFICE OF THE COURTS THE ,901 CORPORATE CENTER DR,RALEIGH NC 27607-5045,,40427119,0774647662
CHURCH,1980,220772.0,2721 E MILLBROOK RD,RALEIGH,27604,CROSSROADS FELLOWSHIP CHURCH ,2721 E MILLBROOK RD,RALEIGH NC 27604-2811,,30145826,1726157086
MULT TEN,2001,217824.0,120 S WILMINGTON ST,RALEIGH,27601,FIRST UNION NATIONAL BANK OF N C ,HIGHWOODS PROPERTIES INC,150 FAYETTEVILLE ST STE 1400,RALEIGH NC 27601-2956,36982834,1703781685
SCHOOL,2001,216372.0,7300 PERRY CREEK RD,RALEIGH,27616,NORTH RALEIGH CHRISTIAN ACADEMY INC ,7300 PERRY CREEK RD,RALEIGH NC 27616-6440,,50694162,1737555705
LABRATRY,1981,213607.0,4020 AJINOMOTO DR,RALEIGH,27610,AJINOMOTO NORTH AMERICA INC ,4020 AJINOMOTO DR,RALEIGH NC 27610-2911,,24637928,1723962582
SCHOOL,1998,211387.0,5312 TRINITY RD,RALEIGH,27607,CARDINAL GIBBONS MEMORIAL HIGH SCHOOL ,1401 EDWARDS MILL RD,RALEIGH NC 27607-3616,,87321858,0784073155
OFC GROSS,1984,210050.0,405 GREGSON DR,CARY,27511,LORD CORPORATION ,C/O TAX DEPARTMENT,6035 PARKLAND BLVD,CLEVELAND OH 44124-4186,30339513,0752601827
SCHOOL,1993,209936.0,2101 DAVIS DR,CARY,27519,WAKE COUNTY BOARD OF EDUCATION ,RE SERVICES DIRECTOR,1551 ROCK QUARRY RD,RALEIGH NC 27610-4145,53902803,0743483431
OFC GROSS,1987,209472.0,4401 BLAND RD,RALEIGH,27609,RALEIGH NC I FGF LLC ,ERIC DOWLING,1 N WACKER DR STE 4025,CHICAGO IL 60606-2844,28550052,1716319406
SCHOOL,1975,209191.0,1501 LAURA DUNCAN RD,APEX,27502,COUNTY OF WAKE ,C/O SCOTT W WARREN,PO BOX 550,RALEIGH NC 27602-0550,46745856,0742769296
OFC GROSS,2001,204914.0,3000 CENTREGREEN WAY,CARY,27513,HIGHWOODS REALTY LP ,150 FAYETTEVILLE ST STE 1400,RALEIGH NC 27601-2956,,26773649,0765067381
SCHOOL,1991,201269.0,4500 WEST LAKE RD,CARY,27539,WAKE CNTY BOARD OF EDUCATION ,RE SERVICES DIRECTOR,1551 ROCK QUARRY RD,RALEIGH NC 27610-4145,45800707,0679056467
OFC GROSS,1986,198200.0,225 HILLSBOROUGH ST,RALEIGH,27603,CAMPBELL UNIVERSITY INC ,ATTN: ROBERT C COGSWELL JR,PO BOX 116,BUIES CREEK NC 27506-0116,44790826,1703599044
HR OFFC,1995,197298.0,8609 SIX FORKS RD,RALEIGH,27615,HIGHWOODS DLF FORUM LLC ,150 FAYETTEVILLE ST STE 1400,RALEIGH NC 27601-2956,,16731289,1708312700
HR OFFC,1999,195398.0,701 SAS CAMPUS DR,CARY,27513,SAS INSTITUTE INC ,ATTN: ERIN SHARP,100 SAS CAMPUS DR,CARY NC 27513-2414,33840542,0775344657
HR OFFC,1990,193634.0,4011 WESTCHASE BLVD,RALEIGH,27607,F7 WEST LLC ,THE BROOKDALE GROUP,3455 PEACHTREE RD NE STE 300,ATLANTA GA 30326-4234,16474033,0784664762
HR OFFC,1988,189926.0,8521 SIX FORKS RD,RALEIGH,27615,HIGHWOODS DLF FORUM LLC ,150 FAYETTEVILLE ST STE 1400,RALEIGH NC 27601-2956,,16001274,1708301836
HR OFFC,1993,187987.0,7000 WESTON PKWY,CARY,27513,MCI WORLDCOM NETWORK SERVICES INC ,1133 19TH ST NW # 503,WASHINGTON DC 20036-3604,,43604424,0765178430
OFC GROSS,1996,184040.0,701 CORPORATE CENTER DR,RALEIGH,27607,HRLP RALEIGH LP LTD PTNRP ,150 FAYETTEVILLE ST STE 1400,RALEIGH NC 27601-2956,,27799426,0774638382
HR OFFC,2000,184037.0,720 SAS CAMPUS DR,CARY,27513,SAS INSTITUTE INC ,ATTN: ERIN SHARP,100 SAS CAMPUS DR,CARY NC 27513-2414,35320165,0775239718
OFC GROSS,1999,179606.0,4700 FALLS OF NEUSE RD,RALEIGH,27609,US REIF 4700 FALLS NC LLC ,INTERCONTINENTAL REAL ESTATE CORP,1270 SOLDIERS FIELD RD,BOSTON MA 02135-1003,26649313,1716425974
HR OFFC,1989,178892.0,4101 LAKE BOONE TRL,RALEIGH,27607,SUMMIT AT LAKE BOONE LLC THE ,CAPITAL ASSOCIATES,1501 SUNRISE AVE STE 100,RALEIGH NC 27608-2689,19737297,0785912507
HR OFFC,1985,176886.0,4800 FALLS OF NEUSE RD,RALEIGH,27609,ONG 4800 FALLS OF NEUSE LLC ,2509 VICTORIA PARK LN,RALEIGH NC 27614-6858,,24603376,1716435438
HR OFFC,1984,170440.0,4601 SIX FORKS RD,RALEIGH,27609,EVN LANDMARK LLC ,3105 GLENWOOD AVE STE 105,RALEIGH NC 27612-5059,,27037720,1706513889
HR OFFC,1984,169950.0,3100 SMOKETREE CT,RALEIGH,27604,DP SMOKETREE LLC ,DEBNAM PROPERTY MANAGEMENT LLC,2900 HIGHWOODS BLVD STE 200,RALEIGH NC 27604-1036,25343116,1715635164
SCHOOL,2004,169116.0,0 BLAIR DR,RALEIGH,27606,NORTH CAROLINA STATE OF ,STATE PROPERTY OFFICE,116 W JONES ST,RALEIGH NC 27603-1335,67836525,0793658861
OFC GROSS,2001,166132.0,2000 EVANS RD,CARY,27513,JOHN DEERE COMMERCIAL & CONSUMER EQUIPMENT DIVISION OF DEERE & CO,GENERAL LEDGER SS SUPERVISOR,3400 80TH ST,MOLINE IL 61265-5884,37031533,0755848591
HR OFFC,1999,165600.0,3301 BENSON DR,RALEIGH,27609,ONE REN LLC ,PO BOX 17566,RALEIGH NC 27619-7566,,30985301,1715168947
HR OFFC,1986,164990.0,5511 CAPITAL CENTER DR,RALEIGH,27606,CAP CENTER LLC ,PO BOX 31763,RALEIGH NC 27622-1763,,24379300,0783046376
FLEX WHSE,1987,162005.0,2200 GATEWAY CENTRE BLVD,CARY,27560,CPVF IV 2200-3800 GATEWAY LLC ,1301 S MOPAC EXPY STE 125,AUSTIN TX 78746-7085,,33967613,0756833661
SCHOOL,2003,161685.0,109 N ENNIS ST,FUQUAY-VARINA,27526,WAKE COUNTY BOARD OF EDUCATION ,RE SERVICES DIRECTOR,1551 ROCK QUARRY RD,RALEIGH NC 27610-4145,33026353,0666182482
OFC GROSS,1975,161487.0,4401 CREEDMOOR RD,RALEIGH,27612,STATE EMPLOYEES' CREDIT UNION ,119 N SALISBURY ST,RALEIGH NC 27603-1739,,29899939,0796218350
SCHOOL,2005,161446.0,1701 RIDGE RD,RALEIGH,27607,WAKE CNTY BOARD OF EDUCATION ,RE SERVICES DIRECTOR,1551 ROCK QUARRY RD,RALEIGH NC 27610-4145,46756078,0795208717
HR OFFC,1984,161130.0,2000 REGENCY PKWY,CARY,27518,ALIDADE REGENCY 2000 LLC ,40900 WOODWARD AVE STE 250,BLOOMFIELD HILLS MI 48304-5119,,28985001,0762222478
SCHOOL,1985,161082.0,400 E WILLIAMS ST,APEX,27502,WAKE CNTY BOARD OF EDUCATION ,RE SERVICES DIRECTOR,1551 ROCK QUARRY RD,RALEIGH NC 27610-4145,28781816,0741593016
OFC GROSS,1982,160505.0,2700 WYCLIFF RD,RALEIGH,27607,CPGJRC WYCLIFF ROAD LLC ,FLANAGAN BILTON  ATT: SPERO KOPITAS,1 N LA SALLE ST STE 2100,CHICAGO IL 60602-3918,31813420,0795139316
SCHOOL,2003,157686.0,6150 OLD JENKS RD,APEX,27523,WAKE COUNTY BOARD OF EDUCATION ,RE SERVICES DIRECTOR,1551 ROCK QUARRY RD,RALEIGH NC 27610-4145,46939779,0743414096
SCHOOL,1975,157049.0,3801 SPRING FOREST RD,RALEIGH,27616,WAKE CNTY BOARD OF EDUCATION ,RE SERVICES DIRECTOR,1551 ROCK QUARRY RD,RALEIGH NC 27610-4145,32143987,1726578127
SCHOOL,1999,156156.0,6051 TRYON RD,CARY,27518,SHEPHERDS CHURCH OF CARY INC ,6051 TRYON RD,CARY NC 27518-9316,,54902581,0772653914
OFC GROSS,1976,154367.0,8500 BATTLE BRIDGE RD,,27610,RALEIGH CITY OF ,PUBLIC UTILITIES ADMIN,PO BOX 590,RALEIGH NC 27602-0590,114240868,1751047213
OFC GROSS,1982,154008.0,5601 SIX FORKS RD,RALEIGH,27609,"SIX FORKS OFFICE, LLC ",1650 TYSONS BLVD STE 1500,MC LEAN VA 22102-4845,,17691315,1706673346
HR OFFC,1998,153906.0,1000 ST ALBANS DR,RALEIGH,27609,COASTAL FEDERAL CREDIT UNION ,PO BOX 58429,RALEIGH NC 27658-8429,,37990667,1715280163
SCHOOL,1993,153099.0,6301 JONES SAUSAGE RD,GARNER,27529,WAKE COUNTY BOARD OF EDUCATION ,RE SERVICES DIRECTOR,1551 ROCK QUARRY RD,RALEIGH NC 27610-4145,22425713,1721303343
CHURCH,1980,151838.0,4815 E SIX FORKS RD,RALEIGH,27609,TRINITY BAPTIST CHURCH OF RALEIGH ,4815 SIX FORKS RD,RALEIGH NC 27609-5205,,26172206,1706530387
SCHOOL,1983,151786.0,11401 LEESVILLE RD,RALEIGH,27613,SAINT FRANCIS OF ASSISI CATHOLIC PARISH OF RALEIGH ,11401 LEESVILLE RD,RALEIGH NC 27613-5954,,36604696,0778790465
SCHOOL,1995,147275.0,10401 DURANT RD,RALEIGH,27614,WAKE CNTY BOARD OF EDUCATION ,RE SERVICES DIRECTOR,1551 ROCK QUARRY RD,RALEIGH NC 27610-4145,33139224,1728139814
SCHOOL,1984,146215.0,1002 LUFKIN RD,APEX,27539,WAKE COUNTY BOARD OF EDUCATION ,RE SERVICES DIRECTOR,1551 ROCK QUARRY RD,RALEIGH NC 27610-4145,26038985,0751062892
HR OFFC,1983,144998.0,8000 REGENCY PKWY,CARY,27518,ALIDADE REGENCY 8000 LLC ,40900 WOODWARD AVE STE 250,BLOOMFIELD HILLS MI 48304-5119,,23212747,0762104644
SCHOOL,1975,144713.0,1115 SE MAYNARD RD,CARY,27511,WAKE COUNTY BOARD OF EDUCATION ,RE SERVICES DIRECTOR,1551 ROCK QUARRY RD,RALEIGH NC 27610-4145,24892650,0763995109
OFC GROSS,1997,143713.0,5150 MCCRIMMON PKWY,MORRISVILLE,27560,HUMPHREYS DC ASSETS LP LIMITED PARTNERSHIP ,PO BOX 20197,ATLANTA GA 30325-0197,,20914212,0756046227
HR OFFC,1993,142776.0,220 SWINBURNE ST,RALEIGH,27610,WAKE COUNTY ,WAKE COUNTY ATTORNEY'S OFFICE,PO BOX 550,RALEIGH NC 27602-0550,29561553,1723296034
OFC GROSS,2005,141590.0,5410 TRINITY RD,RALEIGH,27607,ALIDADE PALISADES II LLC ,40900 WOODWARD AVE STE 250,BLOOMFIELD HILLS MI 48304-5119,,16078116,0774973391
HR OFFC,1984,141316.0,2626 GLENWOOD AVE,RALEIGH,27608,"2626 GLENWOOD, LLC ",2900 HIGHWOODS BLVD STE 200,RALEIGH NC 27604-1036,,18089305,1705025607
DORMTY,1998,138234.0,301 E SOUTH ST,RALEIGH,27601,SHAW UNIVERSITY ,ATTN ACCOUNTS PAYABLE,118 E SOUTH ST,RALEIGH NC 27601-2341,23374293,1703864149
SCHOOL,1989,137650.0,1800 S MAIN ST,WAKE FOREST,27587,WAKE CNTY BOARD OF EDUCATION ,RE SERVICES DIRECTOR,1551 ROCK QUARRY RD,RALEIGH NC 27610-4145,27861838,1830921694
OFC GROSS,1994,137608.0,7030 KIT CREEK RD,,27560,ARE 7030 KIT CREEK LLC ,RYAN LLC,PO BOX 847,CARLSBAD CA 92018-0847,26191019,0736862962
HR OFFC,1984,137472.0,4505 FALLS OF NEUSE RD,RALEIGH,27609,SOUTH SOMERSET LLC ,PO BOX 31763,RALEIGH NC 27622-1763,,17099648,1716414680
SCHOOL,1989,136430.0,2700 OLD MILBURNIE RD,KNIGHTDALE,27604,WAKE COUNTY ,SCOTT W WARREN,PO BOX 550,RALEIGH NC 27602-0550,23316640,1745757956
HR OFFC,2000,134064.0,8540 COLONNADE CENTER DR,RALEIGH,27615,FIRST-CITIZENS BANK & TRUST COMPANY ,100 E TRYON RD,RALEIGH NC 27603-3581,,24672483,1708412789
CHURCH,2001,133847.0,3805 TARHEEL CLUB RD,RALEIGH,27604,WAKE CHAPEL CHURCH INC ,3805 TARHEEL CLUB RD,RALEIGH NC 27604-9665,,36287951,1745176640
HR OFFC,1986,132268.0,1 COPLEY PKWY,MORRISVILLE,27560,CCP CONCOURSE LLC ,780 LYNNHAVEN PKWY STE 460,VIRGINIA BEACH VA 23452-7332,,16409525,0756392464
SCHOOL,2000,132166.0,625 MAGDALA PL,APEX,27502,SAINT MARY MAGDALENE CATHOLIC PARISH OF APEX ,625 MAGDALA PL,APEX NC 27502-6885,,38822799,0731782553
SCHOOL,1975,130697.0,8115 STRICKLAND RD,RALEIGH,27615,WAKE CNTY BOARD OF EDUCATION ,RE SERVICES DIRECTOR,1551 ROCK QUARRY RD,RALEIGH NC 27610-4145,29291787,1708808370
OFC GROSS,1990,130422.0,1020 BIRCH RIDGE DR,RALEIGH,27610,NORTH CAROLINA STATE OF ,STATE PROPERTY OFFICE,116 W JONES ST,RALEIGH NC 27603-1335,16657398,1723437204
CHURCH,2004,129612.0,3227 BURLINGTON MILLS RD,WAKE FOREST,27587,RICHLAND CREEK COMMUNITY CHURCH ,3229 BURLINGTON MILLS RD,WAKE FOREST NC 27587-8866,,22940848,1749107837
HR OFFC,1985,129360.0,1 EXCHANGE PLZ,RALEIGH,27601,RALEIGH CITY OF ,222 W HARGETT ST,RALEIGH NC 27601-1316,,27116831,1703781166
SCHOOL,2004,128768.0,911 PARTNERS WAY,RALEIGH,27606,NORTH CAROLINA STATE OF ,STATE PROPERTY OFFICE,116 W JONES ST,RALEIGH NC 27603-1335,49983355,0793654965
OFC GROSS,1976,128000.0,3932 NEW HILL HOLLEMAN RD,,27562,NORTH CITY ASSOCIATES ,PO BOX 37996,CHARLOTTE NC 28237-7996,,20948325,0629210324
OFC GROSS,1988,127409.0,3720 LAKE WHEELER RD,,27603,NORTH CAROLINA STATE OF ,STATE PROPERTY OFFICE,116 W JONES ST,RALEIGH NC 27603-1335,133836072,0791273988
SCHOOL,1995,127215.0,7100 HILBURN DR,RALEIGH,27613,WAKE COUNTY BOARD OF EDUCATION ,RE SERVICES DIRECTOR,1551 ROCK QUARRY RD,RALEIGH NC 27610-4145,25376360,0787436507
CHURCH,2003,126233.0,6911 CARPENTER FIRE STATION RD,CARY,27519,THE YOUNG MEN'S CHRISTIAN ASSOCIATION OF THE TRIAN ,801 CORPORATE CENTER DR STE 200,RALEIGH NC 27607-5243,,28949809,0735641399
OFC GROSS,1999,126125.0,6397 WESTON PKWY,CARY,27513,COTTON BOARD ,671 RIDGEWAY LOOP RD,MEMPHIS TN 28120,,49779765,0765362411
HR OFFC,1986,125370.0,300 SAS CAMPUS DR,CARY,27513,SAS INSTITUTE INC ,ATTN: ERIN SHARP,100 SAS CAMPUS DR,CARY NC 27513-2414,17093901,0775056792
OFC GROSS,1999,124800.0,200 REGENCY WOODS PL,CARY,27518,"U.S. REIF 200 LUCENT LANE NC, LLC ",1270 SOLDIERS FIELD RD,BOSTON MA 02135-1003,,17554653,0761191145
OFC GROSS,1996,122030.0,111 CORNING RD,CARY,27518,EGP CARY LLC ,EASTERLY GOVT PROPERIES INC,2001 K ST NW STE 775N,WASHINGTON DC 20006-1037,22342825,0772889725
OFC GROSS,1997,120453.0,7025 KIT CREEK RD,,27560,CISCO SYSTEMS INC ,PROPERTY TAX ALLIANCE INC,PO BOX 311346,NEW BRAUNFELS TX 78131-1346,19751041,0736759844
FLEX WHSE,1986,118775.0,100 PERIMETER PARK DR,MORRISVILLE,27560,TGA KING EASTRIDGE OWNER LLC ,800 BOYLSTON ST STE 1570,BOSTON MA 02199-8203,,22247222,0756360227
MED OFC GROSS,1989,116657.0,10 SUNNYBROOK RD,RALEIGH,27610,WAKEMED ,3000 NEW BERN AVE,RALEIGH NC 27610-1231,,20517865,1724216297
CHURCH,1996,116643.0,804 HIGH HOUSE RD,CARY,27513,SAINT MICHAEL THE ARCHANGEL CATHOLIC PARISH OF CAR ,804 HIGH HOUSE RD,CARY NC 27513-3507,,21946897,0754311542
SCHOOL,1986,114288.0,2450 LAURA DUNCAN RD,CARY,27523,WAKE CNTY BOARD OF EDUCATION ,RE SERVICES DIRECTOR,1551 ROCK QUARRY RD,RALEIGH NC 27610-4145,18075711,0753115217
HR OFFC,1988,113724.0,4000 WESTCHASE BLVD,RALEIGH,27607,F7 WEST LLC ,THE BROOKDALE GROUP,3455 PEACHTREE RD NE STE 300,ATLANTA GA 30326-4234,18410443,0784674144
OFC GROSS,1997,113268.0,1200 CRESCENT GREEN,CARY,27518,GH CRESCENT GREEN INC ,ATTN: JOHN GINLEY III ESQ,3433 PEACHTREE RD NE,ATLANTA GA 30326-1112,16050622,0762414813
OFC GROSS,1983,113120.0,4924 GREEN RD,RALEIGH,27616,MILENA USA LLC ,16870 W BERNARDO DR STE 400,SAN DIEGO CA 92127-1678,,12154895,1726258977
FLEX WHSE,1986,112240.0,3209 GRESHAM LAKE RD,RALEIGH,27615,TL LINCOLN PARK NORTH PROPERTY OWNER LP LIMITED PA ,TOWN LANE REAL ESTATE OPPORTUNITIES,200 PARK AVE RM 803,NEW YORK NY 10166-0025,16433366,1727472326
HR OFFC,2004,111621.0,1751 VARSITY DR,RALEIGH,27606,BOARD OF TRUSTEES OF THE ENDOWMENT FUND OF NC STATE UNIVERSITY,PO BOX 7001,RALEIGH NC 27601,,19726506,0793575071
OFC GROSS,2000,111465.0,2000 CENTREGREEN WAY,CARY,27513,HIGHWOODS REALTY LP ,150 FAYETTEVILLE ST STE 1400,RALEIGH NC 27601-2956,,20246946,0755958530
OFC GROSS,1985,111000.0,6601 SIX FORKS RD,RALEIGH,27615,NORTHCHASE AT MIDTOWN LLC ,2900 HIGHWOODS BLVD STE 200,RALEIGH NC 27604-1036,,18108224,1707612719
OFC GROSS,1999,110264.0,1201 EDWARDS MILL RD,RALEIGH,27607,1201 EDWARDS MILL ROAD LLC ,TRI PROPERTIES,5425 PAGE RD STE 100,DURHAM NC 27703-7009,19532606,0784055770
SCHOOL,2005,109029.0,1520 E MILLBROOK RD,RALEIGH,27609,WAKE COUNTY BOARD OF EDUCATION ,RE SERVICES DIRECTOR,1551 ROCK QUARRY RD,RALEIGH NC 27610-4145,26936483,1716543166
OFC GROSS,2000,108855.0,400 REGENCY FOREST DR,CARY,27518,EPIC REGENCY LLC ,EPIC LLC,15 WATTS ST FL 5,NEW YORK NY 10013-1677,19744105,0762028198
SCHOOL,2002,108480.0,301 S PERSON ST,RALEIGH,27601,WAKE COUNTY BOARD OF EDUCATION ,RE SERVICES DIRECTOR,1551 ROCK QUARRY RD,RALEIGH NC 27610-4145,70664316,1703874682
HEALTH,1992,108209.0,410 ASHE AVE,RALEIGH,27606,RALEIGH CITY OF ,PO BOX 590,RALEIGH NC 27602-0590,,46838467,0793997529
FLEX WHSE,1994,106980.0,507 AIRPORT BLVD,MORRISVILLE,27560,DURHAM PERIMETER PARK 1 LLC ,60 STATE ST STE 3500,BOSTON MA 02109-1812,,20384098,0756039676
FLEX WHSE,2001,106800.0,639 DAVIS DR,DURHAM,27560,DURHAM KEYSTONE TECH 11 AND 12 LLC ,60 STATE ST STE 3500,BOSTON MA 02109-1812,,18774254,0747100467
FLEX WHSE,1998,106244.0,160 PHARMA DR,MORRISVILLE,27560,SBP OFFICE OWNER L.P LIMITED PARTNERSHIP ,1255 23RD ST NW,WASHINGTON DC 20037-1125,,19657706,0755589312
OFC GROSS,1987,105907.0,500 GREGSON DR,CARY,27511,SERAC 500 GREGSON RALEIGH OWNER LLC ,5051 WESTHEIMER RD STE 1700,HOUSTON TX 77056-5721,,15200264,0752419983
OFC GROSS,1999,105900.0,100 REGENCY FOREST DR,CARY,27518,AKF3 AF4 REGENCY INTERCHANGE LLC ,FLANAGAN BILTON  ATT: SPERO KOPITAS,1 N LA SALLE ST STE 2100,CHICAGO IL 60602-3918,14944295,0762116334
SCHOOL,1998,105792.0,3707 MARSH CREEK RD,RALEIGH,27604,WAKE CNTY BOARD OF EDUCATION ,RE SERVICES DIRECTOR,1551 ROCK QUARRY RD,RALEIGH NC 27610-4145,26571633,1725640109
CLUB HSE,1996,105392.0,6612 FALLS OF NEUSE RD,RALEIGH,27615,NORTH RIDGE COUNTRY CLUB INC ,6612 FALLS OF NEUSE RD,RALEIGH NC 27615-6815,,13904719,1717337989
SCHOOL,2003,103924.0,100 LAWSON RIDGE RD,KNIGHTDALE,27545,WAKE COUNTY BOARD OF EDUCATION ,RE SERVICES DIRECTOR,1551 ROCK QUARRY RD,RALEIGH NC 27610-4145,22765495,1755306068
CHURCH,1987,103554.0,110 S SALEM ST,APEX,27502,APEX BAPTIST CHURCH INC ,110 S SALEM ST,APEX NC 27502-1823,,15035812,0742307837
SCHOOL,1986,103174.0,6600 JOHNSON POND RD,FUQUAY-VARINA,27526,WAKE CNTY BOARD OF EDUCATION ,RE SERVICES DIRECTOR,1551 ROCK QUARRY RD,RALEIGH NC 27610-4145,27405567,0677148590
SCHOOL,2003,102827.0,1050 TOWN HALL DR,MORRISVILLE,27560,WAKE COUNTY BOARD OF EDUCATION ,RE SERVICES DIRECTOR,1551 ROCK QUARRY RD,RALEIGH NC 27610-4145,35263311,0745795775
SCHOOL,1993,102726.0,821 CHARTER SCHOOL WAY,ZEBULON,27597,EAST WAKE FIRST CHARTER SCHOOL ,821 CHARTER SCHOOL WAY,ZEBULON NC 27597-2777,,24551003,2705580437
OFC GROSS,1997,102600.0,200 REGENCY FOREST DR,CARY,27518,AKF3 AF4 REGENCY INTERCHANGE LLC ,FLANAGAN BILTON  ATT: SPERO KOPITAS,1 N LA SALLE ST STE 2100,CHICAGO IL 60602-3918,13584052,0762119912
OFC GROSS,2002,102375.0,801 CORPORATE CENTER DR,RALEIGH,27607,HRLP RALEIGH LP LTD PTNRP ,150 FAYETTEVILLE ST STE 1400,RALEIGH NC 27601-2956,,18845994,0774639854
HR OFFC,1986,102279.0,4020 WESTCHASE BLVD,RALEIGH,27607,F7 WEST LLC ,THE BROOKDALE GROUP,3455 PEACHTREE RD NE STE 300,ATLANTA GA 30326-4234,16551126,0784579360
OFC GROSS,1981,102258.0,5171 GLENWOOD AVE,RALEIGH,27612,ALPHA BETA CENTER LLC ,3700 GLENWOOD AVE STE 430,RALEIGH NC 27612-5530,,11856466,0796126886
OFC GROSS,1997,101704.0,5520 DILLARD DR,CARY,27518,"THE CRIB CROSSROADS, LLC ",KROLL,PO BOX 2629,ADDISON TX 75001-3040,20546076,0772898912
FLEX WHSE,1981,101432.0,5205 CAPITAL BLVD,RALEIGH,27616,AF5 RALEIGH LIGHT INDUSTRIAL LLC ,FLANAGAN BILTON  ATT: SPERO KOPITAS,1 N LA SALLE ST STE 2100,CHICAGO IL 60602-3918,14652713,1726375088
SCHOOL,2005,101316.0,3829 FORESTVILLE RD,RALEIGH,27616,WAKE COUNTY BOARD OF EDUCATION ,RE SERVICES DIRECTOR,1551 ROCK QUARRY RD,RALEIGH NC 27610-4145,24329005,1747434096
NURSG HM,2002,101312.0,5201 CLARKS FORK DR,RALEIGH,27616,5201 CLARKS FORK DRIVE LLC ,5201 CLARKS FORK DR,RALEIGH NC 27616-5868,,9363337,1737196344
SCHOOL,1995,101311.0,1101 MAXWELL DR,,27603,WAKE CNTY BOARD OF EDUCATION ,RE SERVICES DIRECTOR,1551 ROCK QUARRY RD,RALEIGH NC 27610-4145,25976162,1701248190
SCHOOL,1988,101215.0,321 CHAPANOKE RD,RALEIGH,27603,WAKE TECHNICAL COMMUNITY COLLEGE ,9101 FAYETTEVILLE RD,RALEIGH NC 27603-5655,,23479626,1702425673
FLEX WHSE,1995,100500.0,5151 MCCRIMMON PKWY,MORRISVILLE,27560,DURHAM PERIMETER PARK 5 LLC ,60 STATE ST STE 3500,BOSTON MA 02109-1812,,23276381,0756034647
RESEARCH,1991,100411.0,1021 MAIN CAMPUS DR,RALEIGH,27606,NORTH CAROLINA STATE OF ,STATE PROPERTY OFFICE,116 W JONES ST,RALEIGH NC 27603-1335,18578428,0793556075
OFC GROSS,1994,100256.0,110 CORNING RD,CARY,27518,EGP CARY LLC ,EASTERLY GOVT PROPERIES INC,2001 K ST NW STE 775N,WASHINGTON DC 20006-1037,16424113,0772880949
OFC GROSS,2000,99605.0,4000 CENTREGREEN WAY,CARY,27513,HIGHWOODS REALTY LP ,150 FAYETTEVILLE ST STE 1400,RALEIGH NC 27601-2956,,18839075,0765056371
MED OFC GROSS,1989,98544.0,3100 DURALEIGH RD,RALEIGH,27612,HTA RALEIGH LLC ,3310 W END AVE STE 700,NASHVILLE TN 37203-1097,,23913169,0785743871
SCHOOL,1976,98175.0,1601 LYNN RD,RALEIGH,27612,WAKE CNTY BOARD OF EDUCATION ,RE SERVICES DIRECTOR,1551 ROCK QUARRY RD,RALEIGH NC 27610-4145,27940901,0797822044
FLEX WHSE,1996,97546.0,2101 WESTINGHOUSE BLVD,RALEIGH,27604,TL LINCOLN PARK CENTRAL PROPERTY OWNER LP LIMITED  ,TOWN LANE REAL ESTATE OPPORTUNITIES,200 PARK AVE RM 803,NEW YORK NY 10166-0025,12204860,1714999227
SCHOOL,1996,97111.0,6119 CREEDMOOR RD,RALEIGH,27612,WAKE CNTY BOARD OF EDUCATION ,RE SERVICES DIRECTOR,1551 ROCK QUARRY RD,RALEIGH NC 27610-4145,17360636,0797415029
HR OFFC,1986,96928.0,5400 GLENWOOD AVE,RALEIGH,27612,SALTMEADOW LLC ,THE RUNNYMEDE CORPORATION,600 22ND ST STE 400,VIRGINIA BEACH VA 23451-4092,15779812,0796140891
OFC GROSS,2004,96904.0,620 CROSSROADS BLVD,CARY,27518,EPIC GAMES INC ,KROLL,PO BOX 2629,ADDISON TX 75001-3040,20707076,0773900278
FLEX WHSE,1988,95971.0,6001 CHAPEL HILL RD,RALEIGH,27607,TANAGER PROPERTIES ,1205 KINGS GRANT DR,RALEIGH NC 27614-9355,,17111615,0784115618
FLEX WHSE,1985,95782.0,2640 YONKERS RD,RALEIGH,27604,FIRST ASSEMBLY OF GOD OF RALEIGH INC ,2660 YONKERS RD,RALEIGH NC 27604-3228,,9072497,1714981077
OFC GROSS,2005,95176.0,8010 ARCO CORPORATE DR,RALEIGH,27617,BRIER CREEK 1 & 2 LLC ,AMERICAN ASSET CORPORATION,5950 FAIRVIEW RD STE 800,CHARLOTTE NC 28210-3194,17002746,0768553790
OFC GROSS,2005,95176.0,8020 ARCO CORPORATE DR,RALEIGH,27617,BRIER CREEK 1 & 2 LLC ,AMERICAN ASSET CORPORATION,5950 FAIRVIEW RD STE 800,CHARLOTTE NC 28210-3194,17212185,0768551384
OFC GROSS,1986,95088.0,5580 CENTERVIEW DR,RALEIGH,27606,BUILDERS FIRST LLC ,5580 CENTERVIEW DR,RALEIGH NC 27606-3569,,13864709,0773918799
OFC GROSS,1986,95088.0,5540 CENTERVIEW DR,RALEIGH,27606,BMIC REAL ESTATE LLC ,BUILDERS MUTUAL INSURANCE COMPANY,5580 CENTERVIEW DR STE 400,RALEIGH NC 27606-3569,14142463,0773924812
OFC GROSS,2001,95020.0,15401 WESTON PKWY,CARY,27513,15501 WESTON LLC ,15501 WESTON PKWY,CARY NC 27513-8636,,12320250,0755403907
OFC GROSS,1996,94954.0,160 RUSH ST,RALEIGH,27603,DUKE ENERGY PROGRESS INC ,TAX DEPT - DEC41B,550 S TRYON ST,CHARLOTTE NC 28202-4200,16858720,1702651082
LIBRARY,1986,94876.0,4020 CARYA DR,RALEIGH,27610,WAKE COUNTY ,WAKE COUNTY ATTORNEY'S OFFICE,PO BOX 550,RALEIGH NC 27602-0550,31905256,1723765231
OFC GROSS,1995,94844.0,3200 ATLANTIC AVE,RALEIGH,27604,ARBORS OFFICE PARK LLC ,TRINITY PARTNERS,3020 CARRINGTON MILL BLVD STE 425,MORRISVILLE NC 27560-5434,14646596,1715659331
GYM,2001,94755.0,2500 WAKEFIELD PINES DR,RALEIGH,27614,CAPITAL AREA YMCA INC ,801 CORPORATE CENTER DR STE 200,RALEIGH NC 27607-5243,,11728557,1729886955
OFC GROSS,1994,94717.0,1600 PERIMETER PARK DR,MORRISVILLE,27560,PERIMETER PARK OFFICES LP ,5 BRYANT PARK FL 28,NEW YORK NY 10018-0664,,13717672,0756066024
SCHOOL,2005,94615.0,3925 BARWELL RD,RALEIGH,27610,WAKE COUNTY BOARD OF EDUCATION ,RE SERVICES DIRECTOR,1551 ROCK QUARRY RD,RALEIGH NC 27610-4145,23144092,1732313627
SCHOOL,1997,94438.0,1601 TIMBER DR,GARNER,27529,WAKE COUNTY BOARD OF EDUCATION ,RE SERVICES DIRECTOR,1551 ROCK QUARRY RD,RALEIGH NC 27610-4145,22222034,1700768135
REST  HM,2000,94093.0,615 SPRING FOREST RD,RALEIGH,27609,SZR NORTH HILLS LP ,SUNRISE SENIOR LIVING REIT,7900 WESTPARK DR FL 7,MC LEAN VA 22102-4242,17377546,1717100197
OFC GROSS,1995,93864.0,1100 CRESCENT GREEN,CARY,27518,GH CRESCENT GREEN INC ,ATTN: JOHN GINLEY III ESQ,3343 PEACHTREE RD NE,ATLANTA GA 30326-1085,17082363,0762419926
FLEX WHSE,1983,92894.0,5240 GREENS DAIRY RD,RALEIGH,27616,AF5 RALEIGH LIGHT INDUSTRIAL LLC ,FLANAGAN BILTON  ATT: SPERO KOPITAS,1 N LA SALLE ST STE 2100,CHICAGO IL 60602-3918,12640783,1726573863
OFC GROSS,1985,92676.0,2840 PLAZA PL,RALEIGH,27612,CROSSPOINTE II LIMITED PARTNERSHIP ,2840 PLAZA PL STE 100,RALEIGH NC 27612-6342,,11938043,0796378225
OFC GROSS,1995,92400.0,6501 WESTON PKWY,CARY,27513,6501 WESTON LLC ,TRI PROPERTIES,5425 PAGE RD STE 100,DURHAM NC 27703-7009,22291361,0765263421
CHURCH,2004,91938.0,821 BUCK JONES RD,RALEIGH,27606,HOPE COMMUNITY CHURCH OF CARY INC ,821 BUCK JONES RD,RALEIGH NC 27606-3318,,21255820,0773759573
OFC GROSS,1990,91252.0,1000 BIRCH RIDGE DR,RALEIGH,27610,NORTH CAROLINA STATE OF ,STATE PROPERTY OFFICE,116 W JONES ST,RALEIGH NC 27603-1335,11247858,1723436599
SCHOOL,1995,90540.0,10401 PENNY RD,CARY,27606,WAKE COUNTY BOARD OF EDUCATION ,RE SERVICES DIRECTOR,1551 ROCK QUARRY RD,RALEIGH NC 27610-4145,14033621,0761444743
SCHOOL,1991,90518.0,700 TINGEN RD,APEX,27502,WAKE COUNTY BOARD OF EDUCATION ,RE SERVICES DIRECTOR,1551 ROCK QUARRY RD,RALEIGH NC 27610-4145,17943621,0741272284
SCHOOL,2003,89563.0,400 KILDAIRE FARM RD,CARY,27511,WAKE COUNTY BOARD OF EDUCATION ,RE SVCS SENIOR DIRECTOR,1551 ROCK QUARRY RD,RALEIGH NC 27610-4145,25430519,0763497245
FLEX WHSE,1987,89503.0,3100 SPRING FOREST RD,RALEIGH,27616,"FFV NC RALEIGH, LLC ",PO BOX 130339,CARLSBAD CA 92013-0339,,13908356,1726168085
SCHOOL,1983,89350.0,109 RIDGE ST,KNIGHTDALE,27545,WAKE CNTY BOARD OF EDUCATION ,RE SERVICES DIRECTOR,1551 ROCK QUARRY RD,RALEIGH NC 27610-4145,16179382,1754406672
SCHOOL,1999,88972.0,110 MIDDLE CREEK PARK AVE,CARY,27539,WAKE COUNTY BOARD OF EDUCATION ,RE SERVICES DIRECTOR,1551 ROCK QUARRY RD,RALEIGH NC 27610-4145,20946796,0679184922
OFC GROSS,1983,88964.0,801 HILLSBOROUGH ST,RALEIGH,27603,STATE EMPLOYEES CREDIT UNION INC ,801 HILLSBOROUGH STREET,PO BOX 26807,RALEIGH NC 27611-6807,10835463,1703395105
SCHOOL,2004,88242.0,2100 MORRISVILLE PKWY,CARY,27519,WAKE COUNTY BOARD OF EDUCATION ,RE SERVICES DIRECTOR,1551 ROCK QUARRY RD,RALEIGH NC 27610-4145,33728266,0735914481
SCHOOL,2002,88053.0,1127 CHALK RD,WAKE FOREST,27587,FRANKLIN ACADEMY INC THE ,1127 CHALK RD,WAKE FOREST NC 27587-9150,,18677249,1850137022
FLEX WHSE,2001,87881.0,3452 APEX PEAKWAY,APEX,27502,PEAKWAY DEVELOPMENT LLC ,PO BOX 1798,APEX NC 27502-2798,,18061142,0741456026
OFC GROSS,1996,87640.0,110 MACALYSON CT,CARY,27511,SIEMENS MEDICAL SOLUTIONS USA INC ,"DUCHARME, MCMILLEN & ASSOC",PO BOX 80615,INDIANAPOLIS IN 46280-0615,11248426,0752827744
OFC GROSS,1992,86848.0,319 CHAPANOKE RD,RALEIGH,27603,AIS PROPERTIES LLC ,319 CHAPANOKE RD,RALEIGH NC 27603-3710,,8943373,1702521740
SCHOOL,1999,86608.0,6116 OLD JENKS RD,APEX,27523,WAKE COUNTY BOARD OF EDUCATION ,RE SERVICES DIRECTOR,1551 ROCK QUARRY RD,RALEIGH NC 27610-4145,22323261,0743406194
SCHOOL,1998,86168.0,291 LILES DEAN RD,,27591,WAKE COUNTY BOARD OF EDUCATION ,RE SERVICES DIRECTOR,1551 ROCK QUARRY RD,RALEIGH NC 27610-4145,17967170,1784139394
SCHOOL,1997,85814.0,2001 LAKE BOONE TRL,RALEIGH,27607,WAKE CNTY BOARD OF EDUCATION ,RE SERVICES DIRECTOR,1551 ROCK QUARRY RD,RALEIGH NC 27610-4145,24812041,0795414581
CHURCH,1984,84925.0,400 NEWTON RD,RALEIGH,27615,THE KING'S CHAPEL OF RALEIGH INC ,400 NEWTON RD,RALEIGH NC 27615-6210,,22380650,1707641501
FLEX WHSE,1989,84640.0,1100 PERIMETER PARK DR,MORRISVILLE,27560,NR PERIMETERS EDGE LP LIMITED PARTNERSHIP ,NUVEEN REAL ESTATE,801 BRICKWELL AVE STE 2310,MIAMI FL 33131,17173909,0756152256
OFC GROSS,2001,83917.0,2600 SUMNER BLVD,RALEIGH,27616,TL SUMNER BUSINESS PARK PROPERTY OWNER LP LIMITED  ,TOWN LANE REAL ESTATE OPPORTUNITIES,200 PARK AVE RM 803,NEW YORK NY 10166-0025,9561713,1727122748
OFC GROSS,1998,83896.0,313 CHAPANOKE RD,RALEIGH,27603,STEPHENS ENTERPRISES LLC ,319 CHAPANOKE RD STE 102,RALEIGH NC 27603-3433,,8888888,1702524656
SCHOOL,1985,83654.0,3355 WENDELL BLVD,WENDELL,27591,WAKE CNTY BOARD OF EDUCATION ,RE SERVICES DIRECTOR,1551 ROCK QUARRY RD,RALEIGH NC 27610-4145,11874407,1784611398
OFC GROSS,2000,83422.0,5400 TRINITY RD,RALEIGH,27607,ALIDADE PALISADES I LLC ,GEOFFREY R LANGDON,40900 WOODWARD AVE STE 250,BLOOMFIELD HILLS MI 48304-5119,14016165,0774976032
SCHOOL,1983,83419.0,700 PROCTOR ST,ZEBULON,27597,WAKE CNTY BOARD OF EDUCATION ,RE SERVICES DIRECTOR,1551 ROCK QUARRY RD,RALEIGH NC 27610-4145,16852230,2706116112
SCHOOL,2003,83208.0,1651 N MCLAURIN LN,FUQUAY-VARINA,27526,WAKE COUNTY BOARD OF EDUCATION ,RE SERVICES DIRECTOR,1551 ROCK QUARRY RD,RALEIGH NC 27610-4145,23906407,0667785322
FLEX WHSE,2001,82836.0,2500 SUMNER BLVD,RALEIGH,27616,TL SUMNER BUSINESS PARK PROPERTY OWNER LP LIMITED  ,TOWN LANE REAL ESTATE OPPORTUNITIES,200 PARK AVE RM 803,NEW YORK NY 10166-0025,16544498,1727133207
OFC GROSS,1993,82607.0,1400 WIMBERLY RD,,27523,CARY TOWN OF APEX TOWN OF,REAL ESTATE DEPT TOWN OF CARY,PO BOX 8005,CARY NC 27512-8005,30642786,0722488535
OFC GROSS,1998,82245.0,1300 CRESCENT GREEN,CARY,27518,GH CRESCENT GREEN INC ,ATTN: JOHN GINLEY III ESQ,3343 PEACHTREE RD NE,ATLANTA GA 30326-1085,14107744,0762329191
SCHOOL,1999,82132.0,5993 YATES MILL POND RD,,27606,WAKE COUNTY BOARD OF EDUCATION (CONSENT JUDGMENT),RE SERVICES DIRECTOR,1551 ROCK QUARRY RD,RALEIGH NC 27610-4145,20642153,0782033621
SCHOOL,2003,82132.0,5415 HIGHCROFT DR,CARY,27519,WAKE COUNTY BOARD OF EDUCATION ,RE SERVICES DIRECTOR,1551 ROCK QUARRY RD,RALEIGH NC 27610-4145,27098172,0734463377
SCHOOL,2003,82132.0,6801 TURNER CREEK RD,CARY,27519,WAKE COUNTY BOARD OF EDUCATION ,RE SERVICES DIRECTOR,1551 ROCK QUARRY RD,RALEIGH NC 27610-4145,27137441,0733751958
SCHOOL,1999,81988.0,8401 WILD WOOD FOREST DR,RALEIGH,27616,WAKE COUNTY BOARD OF EDUCATION ,RE SERVICES DIRECTOR,1551 ROCK QUARRY RD,RALEIGH NC 27610-4145,21464638,1738209515
SCHOOL,1981,81636.0,5500 WAKE ACADEMY DR,,27603,WAKE CHRISTIAN ACADEMY INC ,5500 WAKE ACADEMY DR,RALEIGH NC 27603-4120,,13147120,0791714474
SCHOOL,1999,81485.0,2700 LOUIS STEPHENS DR,CARY,27519,WAKE COUNTY BOARD OF EDUCATION ,RE SERVICES DIRECTOR,1551 ROCK QUARRY RD,RALEIGH NC 27610-4145,20247195,0744175154
OFC GROSS,1985,81090.0,3600 GLENWOOD AVE,RALEIGH,27612,GST INVESTMENTS LLC ,HIGHWOODS PROPERTIES,150 FAYETTEVILLE ST STE 1400,RALEIGH NC 27601-2956,13705425,0795961818
OFC GROSS,1995,80374.0,1500 PERIMETER PARK DR,MORRISVILLE,27560,PERIMETER PARK OFFICES LP ,5 BRYANT PARK FL 28,NEW YORK NY 10018-0664,,12394603,0756059486
OFC GROSS,1991,80200.0,5625 DILLARD DR,CARY,27518,EGP CARY LLC ,EASTERLY GOVT PROPERIES INC,2001 K ST NW STE 775N,WASHINGTON DC 20006-1037,12051718,0772892538
OFC GROSS,1997,79834.0,1700 PERIMETER PARK DR,MORRISVILLE,27560,PERIMETER PARK OFFICES LP ,5 BRYANT PARK FL 28,NEW YORK NY 10018-0664,,12470590,0756047824
OFC GROSS,1998,79434.0,7001 WESTON PKWY,CARY,27513,HIGHWOODS FORSYTH LIMITED PRTNSHP ,150 FAYETTEVILLE ST STE 1400,RALEIGH NC 27601-2956,,13347214,0765166379
OFC GROSS,1980,78976.0,5000 FALLS OF NEUSE RD,RALEIGH,27609,ONG 5000 FALLS OF NEUSE LLC ,2509 VICTORIA PARK LN,RALEIGH NC 27614-6858,,11890938,1716444421
OFC GROSS,1998,78860.0,700 SPRING FOREST RD,RALEIGH,27609,LAKE PARTNERS LLC ,CAPITAL ASSOCIATES,1501 SUNRISE AVE STE 100,RALEIGH NC 27608-2689,12615178,1716193752
FLEX WHSE,1998,78775.0,14001 WESTON PKWY,CARY,27513,COC 14001 WESTON LLC ,110 MACKENAN DR,CARY NC 27511-7901,,13769735,0755639684
CHURCH,2001,78409.0,4309 AUBURN KNIGHTDALE RD,GARNER,27610,SPRINGFIELD BAPTIST CHURCH ,4309 AUBURN KNIGHTDALE RD,RALEIGH NC 27610-8221,,22266190,1730686666
OFC GROSS,1985,78400.0,4110 WAKE FOREST RD,RALEIGH,27609,UNITED STATES POSTAL SERVICE ,PO BOX 8601,PHILADELPHIA PA 19197-0001,,14010268,1715499805
OFC GROSS,2001,78254.0,2100 GATEWAY CENTRE BLVD,CARY,27560,CPVF IV 2100 GATEWAY LLC ,1301 S MOPAC EXPY STE 125,AUSTIN TX 78746-7085,,16647800,0756837100
OFC GROSS,1998,77944.0,4515 FALLS OF NEUSE RD,RALEIGH,27609,NORTH SOMERSET LLC ,PO BOX 31763,RALEIGH NC 27622-1763,,8704639,1716414944
OFC GROSS,1986,77891.0,9216 BAILEYWICK RD,RALEIGH,27615,"YOUNG MEN'S CHRISTIAN ASSOC OF THE TRIANGLE AREA,  ",801 CORPORATE CENTER DR STE 200,RALEIGH NC 27607-5243,,19704200,1708154632
OFC GROSS,1999,77864.0,2803 SLATER RD,MORRISVILLE,27560,JAMES R GLIDEWELL DENTAL CERAMICS INC ,2201 DUPONT DR,IRVINE CA 92612-1515,,13956577,0756290136
OFC GROSS,1985,77561.0,900 RIDGEFIELD DR,RALEIGH,27609,RL 14 NC LIMITED PARTNERSHIP LIMITED PARTNERSHIP ,HOLD-THYSSEN INC,301 S NEW YORK AVE STE 200,WINTER PARK FL 32789-4273,16215063,1716199720
CHURCH,1991,77354.0,100 LOCHMERE DR W,CARY,27518,RESURRECTION LUTHERN CHURCH ,100 W LOCHMERE DR,CARY NC 27518-9129,,15487347,0762506508
OFC GROSS,1975,76990.0,416 DOROTHEA DR,RALEIGH,27601,HOUSING AUTH CITY OF RALEIGH ,900 HAYES ST,RALEIGH NC 27604-1462,,9815805,1703457939
OFC GROSS,1998,76878.0,2801 SLATER RD,MORRISVILLE,27560,JAMES R GLIDEWELL DENTAL CERAMICS INC ,2201 DUPONT DR,IRVINE CA 92612-1515,,13332331,0756283630
FLEX WHSE,1987,76438.0,951 AVIATION PKWY,MORRISVILLE,27560,SBP OFFICE OWNER L.P LIMITED PARTNERSHIP ,1255 23RD ST NW,WASHINGTON DC 20037-1125,,17037790,0755595805
OFC GROSS,1984,76268.0,301 SAS CAMPUS DR,CARY,27513,SAS INSTITUTE INC ,ATTN: ERIN SHARP,100 SAS CAMPUS DR,CARY NC 27513-2414,11412499,0775067453
SCHOOL,1992,76082.0,450 CREECH RD,GARNER,27529,WAKE COUNTY BOARD OF EDUCATION ,RE SERVICES DIRECTOR,1551 ROCK QUARRY RD,RALEIGH NC 27610-4145,14338563,1711858238
OFC GROSS,2003,75396.0,101 J MORRIS COMMONS LN,MORRISVILLE,27560,TOWN HALL COMMONS HOLDINGS LLC ,TRI PROPERTIES LLC,5425 PAGE RD STE 100,DURHAM NC 27703-7009,13223862,0746414491
OFC GROSS,1999,75276.0,5565 CENTERVIEW DR,RALEIGH,27606,5565 CENTERVIEW DRIVE LLC ,95 FROEHLICH FARM BLVD,WOODBURY NY 11797-2930,,9109637,0773928698
SCHOOL,1995,74000.0,1000 OLDE WEATHERSTONE WAY,CARY,27513,WAKE COUNTY BOARD OF EDUCATION ,RE SERVICES DIRECTOR,1551 ROCK QUARRY RD,RALEIGH NC 27610-4145,15877138,0754631453
SCHOOL,1996,74000.0,401 HOLLY SPRINGS RD,HOLLY SPRINGS,27540,WAKE COUNTY BOARD OF EDUCATION ,RE SERVICES DIRECTOR,1551 ROCK QUARRY RD,RALEIGH NC 27610-4145,15637566,0659038981
SCHOOL,1996,74000.0,2128 MINGO BLUFF BLVD,KNIGHTDALE,27545,WAKE COUNTY BOARD OF EDUCATION ,RE SERVICES DIRECTOR,1551 ROCK QUARRY RD,RALEIGH NC 27610-4145,17252729,1743186130
SCHOOL,1997,74000.0,1751 OLIVE CHAPEL RD,APEX,27502,WAKE COUNTY BOARD OF EDUCATION ,RE SERVICES DIRECTOR,1551 ROCK QUARRY RD,RALEIGH NC 27610-4145,17889988,0732124322
SCHOOL,1996,74000.0,1100 JONES DAIRY RD,,27587,WAKE COUNTY BOARD OF EDUCATION ,RE SERVICES DIRECTOR,1551 ROCK QUARRY RD,RALEIGH NC 27610-4145,14307217,1850613161
SCHOOL,1996,73949.0,9425 BAILEYWICK RD,RALEIGH,27615,WAKE COUNTY BOARD OF EDUCATION ,RE SERVICES DIRECTOR,1551 ROCK QUARRY RD,RALEIGH NC 27610-4145,17170227,0798962034
OFC GROSS,1991,73238.0,501 SAS CAMPUS DR,CARY,27513,SAS INSTITUTE INC ,ATTN: ERIN SHARP,100 SAS CAMPUS DR,CARY NC 27513-2414,12785436,0775162255
OFC GROSS,1988,73001.0,1135 KILDAIRE FARM RD,CARY,27511,PALM PARK INC ,1135 KILDAIRE FARM RD STE 200,CARY NC 27511-4587,,5898283,0763447560
SCHOOL,1992,72904.0,1900 PLEASANT UNION CHURCH RD,,27614,WAKE CNTY BOARD OF EDUCATION ,RE SERVICES DIRECTOR,1551 ROCK QUARRY RD,RALEIGH NC 27610-4145,13323214,0890605926
SCHOOL,1992,72392.0,9901 DURANT RD,RALEIGH,27614,WAKE COUNTY BOARD OF EDUCATION ,RE SERVICES DIRECTOR,1551 ROCK QUARRY RD,RALEIGH NC 27610-4145,15431086,1728422783
OFC GROSS,1980,72266.0,1820 CAPITAL BLVD,RALEIGH,27604,WAKE COUNTY BOARD OF EDUCATION ,"BETTY L PARKER, RE SVCS SR DIRECT",1551 ROCK QUARRY RD,RALEIGH NC 27610-4145,15962705,1714374487
FLEX WHSE,1985,72049.0,400 PERIMETER PARK DR,MORRISVILLE,27560,TGA KING EASTRIDGE OWNER LLC ,800 BOYLSTON ST STE 1570,BOSTON MA 02199-8203,,15533295,0756258293
FLEX WHSE,1984,71970.0,500 PERIMETER PARK DR,MORRISVILLE,27560,TGA KING EASTRIDGE OWNER LLC ,800 BOYLSTON ST STE 1570,BOSTON MA 02199-8203,,15125261,0756255327
MED OFC GROSS,1986,71909.0,101 SW CARY PKWY,CARY,27511,FLAGSHIP CARY MEDICAL PAVILION LLC ,2701 COLTSGATE RD STE 300,CHARLOTTE NC 28211-3594,,14411273,0763309547
OFC GROSS,1995,71574.0,801 JONES FRANKLIN RD,RALEIGH,27606,AKF3 AF4 REGENCY INTERCHANGE LLC ,FLANAGAN BILTON  ATT: SPERO KOPITAS,1 N LA SALLE ST STE 2100,CHICAGO IL 60602-3918,9568111,0783240636
OFC GROSS,1984,71561.0,3400 SUMNER BLVD,RALEIGH,27616,NC ELECTRIC MEMBERSHIP CORP ,3400 SUMNER BLVD,RALEIGH NC 27616-2950,,11303766,1726491980
SCHOOL,1975,71492.0,8850 CHAPEL HILL RD,CARY,27513,WAKE COUNTY BOARD OF EDUCATION ,RE SERVICES DIRECTOR,1551 ROCK QUARRY RD,RALEIGH NC 27610-4145,10934815,0764242639
SCHOOL,1991,71476.0,1519 MORRISVILLE PKWY,MORRISVILLE,27560,WAKE COUNTY BOARD OF EDUCATION ,RE SERVICES DIRECTOR,1551 ROCK QUARRY RD,RALEIGH NC 27610-4145,21646438,0745504427
SCHOOL,1983,71396.0,312 GREGSON DR,CARY,27511,"TRIAD EDUCATIONAL SERVICES, INC. ",312 GREGSON DR,CARY NC 27511-6444,,11614469,0752717837
OFC GROSS,1985,70882.0,3261 ATLANTIC AVE,RALEIGH,27604,WAKEMED PROPERTY SERVICES ,ATTN: CORPORATE ACCOUNTING,3000 NEW BERN AVE,RALEIGH NC 27610-1231,11896537,1715656823
OFC GROSS,2000,70676.0,1616 E MILLBROOK RD,RALEIGH,27609,TG BROOK FOREST CENTERVIEW LLC ,1717 MAIN ST STE 2600,DALLAS TX 75201-7310,,9904301,1716640371
OFC GROSS,2001,70479.0,3200 GATEWAY CENTRE BLVD,CARY,27560,CS RALEIGH GATEWAY LLC ,CAPSTONE EQUITIES,1301 S MOPAC EXPY STE LL1,AUSTIN TX 78746-7686,11792993,0756842446
FLEX WHSE,1988,70340.0,1429 ROCK QUARRY RD,RALEIGH,27610,J T HOBBY & SON INC ,PO BOX 18506,RALEIGH NC 27619-8506,,10988340,1713428302
SNGL TEN,2005,70275.0,6100 CAPITAL BLVD,RALEIGH,27616,HIGHWAY ONE NORTH PARTNERSHIP ,1015 ASHES DR STE 205,WILMINGTON NC 28405-8383,,13783208,1727413178
SCHOOL,2004,70269.0,200 E JOHNSON ST,CARY,27513,WAKE COUNTY BOARD OF EDUCATION ,RE SERVICES DIRECTOR,1551 ROCK QUARRY RD,RALEIGH NC 27610-4145,17074924,0764538548
GYM,1982,70094.0,2500 WARREN CARROLL DR,RALEIGH,27607,NORTH CAROLINA STATE OF ,STATE PROPERTY OFFICE,116 W JONES ST,RALEIGH NC 27603-1335,13183163,0793799102
SCHOOL,1990,70069.0,300 ARBOR GREENE DR,GARNER,27529,WAKE COUNTY BOARD OF EDUCATION ,RE SERVICES DIRECTOR,1551 ROCK QUARRY RD,RALEIGH NC 27610-4145,17042190,1619335594
SCHOOL,1990,69648.0,8301 OLD LEAD MINE RD,RALEIGH,27615,WAKE CNTY BOARD OF EDUCATION ,RE SERVICES DIRECTOR,1551 ROCK QUARRY RD,RALEIGH NC 27610-4145,14719521,1707194674
SCHOOL,1988,69616.0,10900 PENNY RD,CARY,27518,WAKE CNTY BOARD OF EDUCATION ,RE SERVICES DIRECTOR,1551 ROCK QUARRY RD,RALEIGH NC 27610-4145,17548491,0761050928
SCHOOL,1989,69418.0,2001 BRASSFIELD RD,,27614,WAKE CNTY BOARD OF EDUCATION ,RE SERVICES DIRECTOR,1551 ROCK QUARRY RD,RALEIGH NC 27610-4145,15188421,1709941833
SCHOOL,1989,69418.0,7101 FOX RD,RALEIGH,27616,WAKE CNTY BOARD OF EDUCATION ,RE SERVICES DIRECTOR,1551 ROCK QUARRY RD,RALEIGH NC 27610-4145,15490602,1737137215
SCHOOL,1991,69135.0,6800 DWIGHT ROWLAND RD,,27592,WAKE COUNTY BOARD OF EDUCATION ,RE SERVICES DIRECTOR,1551 ROCK QUARRY RD,RALEIGH NC 27610-4145,11591949,0687017021
MULT TEN,1997,69070.0,2904 WAKE FOREST RD,RALEIGH,27609,CPREIF MIDTOWN CORNER LLC ,CLARION PARTNERS LLC,1 MADISON AVE FL 14,NEW YORK NY 10010-3659,15275091,1715230634
SCHOOL,1993,68452.0,1209 RANSDELL RD,FUQUAY-VARINA,27526,WAKE COUNTY ,SCOTT W WARREN,PO BOX 550,RALEIGH NC 27602-0550,30192099,0667120653
OFC GROSS,1997,68403.0,2600 PERIMETER PARK DR,MORRISVILLE,27560,DURHAM PERIMETER PARK 4 LLC ,60 STATE ST STE 3500,BOSTON MA 02109-1812,,11755932,0746937688
OFC GROSS,1992,68100.0,209 GREGSON DR,CARY,27511,SIEMENS MEDICAL SOLUTIONS USA INC ,"DUCHARME, MCMILLEN & ASSOC",PO BOX 80615,INDIANAPOLIS IN 46280-0615,10290780,0752834290
CHURCH,2003,68056.0,5510 FALLS OF NEUSE RD,RALEIGH,27609,FRIENDSHIP BAPTIST CHURCH OF ,5510 FALLS OF NEUSE RD,RALEIGH NC 27609-4760,,11144958,1716472180
OFC GROSS,1980,67665.0,3101 GLENWOOD AVE,RALEIGH,27612,C & W INVESTMENTS ,3111 GLENWOOD AVE,RALEIGH NC 27612-5006,,8863040,0795941334
MUNC BLD,1993,67570.0,400 JAMES JACKSON AVE,CARY,27513,CARY TOWN OF ,REAL ESTATE DEPT TOWN OF CARY,PO BOX 8005,CARY NC 27512-8005,17322844,0754751410
FLEX WHSE,1996,66770.0,860 AVIATION PKWY,MORRISVILLE,27560,SBP OFFICE OWNER L.P LIMITED PARTNERSHIP ,591 W PUTNAM AVE,GREENWICH CT 06830-6005,,15066817,0755598399
GYM,1985,66486.0,300 MATRIX DR,CARY,27513,SAS INSTITUTE INC ,ATTN: ERIN SHARP,100 SAS CAMPUS DR,CARY NC 27513-2414,10442856,0775051173
MED OFC GROSS,2002,66380.0,1505 SW CARY PKWY,CARY,27511,HTA-REX CARY MOB LLC ,3310 W END AVE STE 700,NASHVILLE TN 37203-1097,,17616683,0752695563
SCHOOL,1981,66199.0,7005 LEAD MINE RD,RALEIGH,27615,THE MONTESSORI SCHOOL OF RALEIGH INC ,7005 LEAD MINE RD,RALEIGH NC 27615-5905,,13675888,0797948124
OFC GROSS,1998,66106.0,3128 HIGHWOODS BLVD,RALEIGH,27604,ARBORS OFFICE PARK LLC ,TRINITY PARTNERS,3020 CARRINGTON MILL BLVD STE 425,MORRISVILLE NC 27560-5434,10545865,1715644908
SCHOOL,2004,66088.0,1330 OLD APEX RD,CARY,27513,CARY CHRISTIAN SCHOOL ,1330 OLD APEX RD,CARY NC 27513-5252,,20668268,0753675316
FLEX WHSE,1984,66040.0,4101 CAPITAL BLVD,RALEIGH,27604,324 CAUSEWAY DRIVE LLC PMT CAPITAL LLC,9051 STRICKLAND RD STE 125,RALEIGH NC 27615-2084,,8444190,1725396824
OFC GROSS,1981,65935.0,3012 HIGHWOODS BLVD,RALEIGH,27604,HIGHWOODS BUILDING JOINT VENTURE ,3012 HIGHWOODS BLVD STE 101,RALEIGH NC 27604-1030,,8547162,1715742099
HR OFFC,1983,65808.0,4600 MARRIOTT DR,RALEIGH,27612,GV CRABTREE LLC ,3700 GLENWOOD AVE STE 430,RALEIGH NC 27612-5530,,9894040,0796521136
CHURCH,2004,65740.0,121 HILLSBOROUGH ST,RALEIGH,27603,CHURCH OF THE GOOD SHEPHERD ,PO BOX 28024,RALEIGH NC 27611-8024,,38524036,1703694018
OFC GROSS,1982,65491.0,2500 BLUE RIDGE RD,RALEIGH,27607,BLUE RIDGE PROPERTY OWNER LLC ,929 JAY ST STE 100,CHARLOTTE NC 28208-4479,,8127627,0785717617
FLEX WHSE,2001,65124.0,2641 SUMNER BLVD,RALEIGH,27616,TL SUMNER BUSINESS PARK PROPERTY OWNER LP LIMITED  ,TOWN LANE REAL ESTATE OPPORTUNITIES,200 PARK AVE RM 803,NEW YORK NY 10166-0025,13786709,1727128810
OFC GROSS,1987,64332.0,4800 SIX FORKS RD,RALEIGH,27609,HIGHWOODS REALTY LIMITED PRTNRSHP ,150 FAYETTEVILLE ST STE 1400,RALEIGH NC 27601-2956,,9541902,1706529739
HEALTH,2004,64236.0,280 TOWERVIEW CT,MORRISVILLE,27513,P I C L S LLC ,2109 CAMERON ST,RALEIGH NC 27605-1312,,11132409,0754479245
OFC GROSS,1987,64228.0,805 SPRING FOREST RD,RALEIGH,27609,CAMPUS NORTH ACQUISITION LLC ,1001 WADE AVE STE 300,RALEIGH NC 27605-3323,,8623182,1717104538
FLEX WHSE,1996,64036.0,215 SOUTHPORT DR,MORRISVILLE,27560,SBP OFFICE OWNER L.P LIMITED PARTNERSHIP ,1255 23RD ST NW,WASHINGTON DC 20037-1125,,14016741,0755497184
MED OFC GROSS,1994,63977.0,2605 BLUE RIDGE RD,RALEIGH,27607,BRM PARTNERS LLC ,2501 BLUE RIDGE RD STE 280,RALEIGH NC 27607-6367,,16311382,0785722175
MED OFC GROSS,1996,63948.0,2709 BLUE RIDGE RD,RALEIGH,27607,BRM PARTNERS II LLC ,C/O BLUE RIDGE REALTY,2501 BLUE RIDGE RD STE 280,RALEIGH NC 27607-6367,15694214,0785722795
SCHOOL,2003,63390.0,3000 WAKEFIELD CROSSING DR,RALEIGH,27614,HIGH DEFINITION DESIGN LLC ,3000 WAKEFIELD CROSSING DR,RALEIGH NC 27614-7076,,10811162,1739184385
CHURCH,1996,63386.0,3328 FORESTVILLE RD,RALEIGH,27616,WAKE CROSS ROADS BAPTIST CHURCH INC ,3328 FORESTVILLE RD,RALEIGH NC 27616-8599,,14576044,1747477639
OFC GROSS,2000,62916.0,1500 SUNDAY DR,RALEIGH,27607,TRUSWOOD PROPERTIES LLC ,8813 RUNNING OAK DR,RALEIGH NC 27617-4621,,9437732,0774966087
OFC GROSS,1988,62862.0,3120 HIGHWOODS BLVD,RALEIGH,27604,ARBORS OFFICE PARK LLC ,TRINITY PARTNERS,3020 CARRINGTON MILL BLVD STE 425,MORRISVILLE NC 27560-5434,9309460,1715647567
OFC GROSS,1982,62790.0,205 CONVENTION DR,CARY,27511,BAPTIST STATE CONVENTION OF NC TRS ,PO BOX 26508,RALEIGH NC 27611-6508,,9465245,0773179571
FLEX WHSE,1983,62608.0,5301 CAPITAL BLVD,RALEIGH,27616,HAB PROPERTIES LLC ,333 SHERWEE DR,RALEIGH NC 27603-3521,,7822276,1726377623
MED OFC GROSS,1998,62464.0,300 ASHVILLE AVE,CARY,27518,HTA MPOC LLC ,3310 W END AVE STE 700,NASHVILLE TN 37203-1097,,11741310,0762345273
OFC GROSS,1998,62408.0,3000 RDU CENTER DR,CARY,27560,SHI LLC ,PO BOX 33483,RALEIGH NC 27636-3483,,8758375,0766046341
OFC GROSS,1997,62348.0,909 AVIATION PKWY,MORRISVILLE,27560,SBP OFFICE OWNER L.P LIMITED PARTNERSHIP ,1255 23RD ST NW,WASHINGTON DC 20037-1125,,9480026,0755591143
OFC GROSS,1983,61998.0,305 GREGSON DR,CARY,27511,YFP LLC ,JUDY MCMILLAN,600 TOWNE CENTRE BLVD STE 109,PINEVILLE NC 28134-8472,12426006,0752719495
OFC GROSS,2000,61808.0,3131 RDU CENTER DR,CARY,27560,"WSO 3131 RDU CENTER DRIVE, LLC ",801 CHERRY ST STE 1800,FORT WORTH TX 76102-6836,,8688925,0766140520
OFC GROSS,1999,61768.0,808 AVIATION PKWY,MORRISVILLE,27560,SBP OFFICE OWNER L.P LIMITED PARTNERSHIP ,1255 23RD ST NW,WASHINGTON DC 20037-1125,,8561687,0755585894
SCHOOL,1988,61656.0,7000 DESTINY DR,RALEIGH,27604,SCHOOL DEVELOPMENT DESTINY LLC ,6457 SUNSET DR,MIAMI FL 33143-4649,,11965812,1735866398
OFC GROSS,1984,61636.0,1230 NE MAYNARD RD,CARY,27513,1230 MAYNARD RD ASSOC LLC ,1230 NE MAYNARD RD,CARY NC 27513-4174,,9671908,0764938959
GYM,1997,61414.0,1515 SW CARY PKWY,CARY,27511,REX HOSPITAL INC ,4420 LAKE BOONE TRL,RALEIGH NC 27607-7505,,17060461,0752693344
SCHOOL,1997,61138.0,520 W HOLDING AVE,WAKE FOREST,27587,SAINT CATHERINE OF SIENA CATHOLIC PARISH OF WAKE F ,520 W HOLDING AVE,WAKE FOREST NC 27587-2845,,17274774,1841003183
OFC GROSS,1978,61106.0,2917 HIGHWOODS BLVD,RALEIGH,27604,COLLEGE FOUNDATION INC ,PO BOX 41966,RALEIGH NC 27629-1966,,8653988,1715737127
OFC GROSS,2000,60776.0,570 NEW WAVERLY PL,CARY,27518,WAVERLY OFFICE PARK LLC ,200 KETTLEBRIDGE DR,CARY NC 27511-6347,,0,0762636687
OFC GROSS,1998,60763.0,1121 SITUS CT,RALEIGH,27606,TSO SITUS OFFICE PARK LP ,1180 W PEACHTREE ST NW STE 200,ATLANTA GA 30309-3820,,8494553,0773939529
FLEX WHSE,1993,60735.0,140 SOUTHCENTER CT,MORRISVILLE,27560,SBP OFFICE OWNER L.P LIMITED PARTNERSHIP ,1255 23RD ST NW,WASHINGTON DC 20037-1125,,15593676,0756500860
OFC GROSS,1997,60560.0,2300 REXWOODS DR,RALEIGH,27607,EGMP 2300 REXWOODS LLC ,RYAN LLC,PO BOX 92129,SOUTHLAKE TX 76092-0102,10550055,0785813353
OFC GROSS,1983,60237.0,6501 SIX FORKS RD,RALEIGH,27615,NORTHCHASE AT MIDTOWN LLC ,2900 HIGHWOODS BLVD STE 200,RALEIGH NC 27604-1036,,9817293,1707615431
FLEX WHSE,1984,60052.0,3200 SPRING FOREST RD,RALEIGH,27616,"FFV NC RALEIGH, LLC ",PO BOX 130339,CARLSBAD CA 92013-0339,,10449079,1726263112
SCHOOL,2001,59846.0,3420 IDLEWOOD VILLAGE DR,RALEIGH,27610,SOUTHEAST RALEIGH CHARTER FOUNDATION INC ,3420 IDLEWOOD VILLAGE DR,RALEIGH NC 27610-6090,,13110773,1712239353
FLEX WHSE,1997,59824.0,2205 WESTINGHOUSE BLVD,RALEIGH,27604,2205 WESTINGHOUSE II LP LIMITED PARTNERSHIP ,200 PARK AVE RM 803,NEW YORK NY 10166-0025,,8642335,1714995940
SCHOOL,1990,59688.0,320 CHAPANOKE RD,RALEIGH,27603,STEPHENS ENTERPRISES LLC ,319 CHAPANOKE RD STE 102,RALEIGH NC 27603-3433,,13764381,1702438086
OFC GROSS,1985,59648.0,702 OBERLIN RD,RALEIGH,27605,BEACON - OR702 LLC ,3600 SOUTH BLVD STE 250,CHARLOTTE NC 28209-0066,,10980129,1704044011
OFC GROSS,1983,59408.0,4700 HOMEWOOD CT,RALEIGH,27609,HIGHWOODS FORSYTH LIMITED PARTNERSHIP,150 FAYETTEVILLE ST STE 1400,RALEIGH NC 27601-2956,,8244620,1706621630
SCHOOL,1996,59382.0,202 TREYBROOKE DR,MORRISVILLE,27560,LAURA HOLLAND UZZELL FOUNDATION ,202 TREYBROOKE DR,MORRISVILLE NC 27560-9300,,19778812,0745881512
OFC GROSS,1998,58950.0,201 SHANNON OAKS CIR,CARY,27511,REVA KAY SHANNON OAKS LLC ,PO BOX 149664,AUSTIN TX 78714-0160,,6797586,0763318405
OFC GROSS,2002,58932.0,1051 SCHIEFFELIN RD,APEX,27502,3500 REGENCY PARKWAY LLC ,517 MERCURY ST,RALEIGH NC 27603-2341,,8862374,0741893517
NURSG HM,1991,58813.0,968 WAIT AVE,WAKE FOREST,27587,HILLSIDE NURSING CENTER LLC ,PO BOX 1826,WAKE FOREST NC 27588-1826,,10344423,1840984938
NURSG HM,2005,58483.0,2420 LAKE WHEELER RD,RALEIGH,27603,WAKE HEALTHCARE PROPERTIES INC ,PROPERTY TAX DEPT,1626 JEURGENS CT,NORCROSS GA 30093-2219,9924988,0792670305
OFC GROSS,1997,58477.0,208 S ROGERS LN,RALEIGH,27610,ELSTER ELECTRICITY 208 SOUTH ROGERS LANE RALEIGH NC LLC,GLADSTONE COMMERCIAL CORP,1521 WESTBRANCH DR STE 100,MC LEAN VA 22102-3211,8043645,1733269645
OFC GROSS,1988,58020.0,4191 FAYETTEVILLE RD,GARNER,27603,TL FAYETTEVILLE LLC ,4201 FAYETTEVILLE RD,RALEIGH NC 27603-3607,,4578634,1701385193
OFC GROSS,1999,58000.0,4401 ATLANTIC AVE,RALEIGH,27604,GREAT OPPORTUNITIES PROPERTIES (SOUTH BUILDING) LL ,3101 POPLARWOOD CT STE 101,RALEIGH NC 27604-1045,,8972826,1716728242
OFC GROSS,1996,58000.0,1130 SITUS CT,RALEIGH,27606,TSO SITUS OFFICE PARK LP ,1180 W PEACHTREE ST NW STE 200,ATLANTA GA 30309-3820,,8182045,0773936865
GYM,1999,57989.0,1040 VISION DR,APEX,27523,VISION DRIVE PARTNERS LLC ,JAMES I ANTHONY JR,1201 EDWARDS MILL RD STE 300,RALEIGH NC 27607-3625,9594722,0732671884
CHURCH,1997,57971.0,1020 AVIATION PKWY,MORRISVILLE,27560,BAPS RALEIGH LLC ,CORPORATE AFFAIRS,PO BOX 519,WINDSOR NJ 08561-0519,14267083,0756607461
CHURCH,2003,57887.0,512 ALLEN LEWIS DR,CARY,27513,RALEIGH CHINESE CHRISTIAN CHURCH ,512 ALLEN LEWIS DR,CARY NC 27513-9683,,17371738,0754962492
OFC GROSS,1984,57814.0,401 HARRISON OAKS BLVD,CARY,27513,ONE HARRISON PARK LLC ,102 WOODMONT BLVD STE 100,NASHVILLE TN 37205-2216,,11566956,0765970664
FLEX WHSE,1996,57792.0,13000 WESTON PKWY,CARY,27513,COC 13000 WESTON LLC ,110 MACKENAN DR,CARY NC 27511-7901,,12038640,0755648613
OFC GROSS,2001,57549.0,940 NW CARY PKWY,CARY,27513,940 NW CARY PARKWAY LLC ,940 NW CARY PKWY STE 110,CARY NC 27513-2792,,9309201,0755937279
OFC GROSS,1983,57510.0,6131 FALLS OF NEUSE RD,RALEIGH,27609,SPRINGFIELD COMMONS ACQUISITION LLC ,REDMARK LLC,1001 WADE AVE STE 300,RALEIGH NC 27605-3323,11432797,1717201065
SNGL TEN,1984,57252.0,801 HIGH HOUSE RD,CARY,27513,CARY TOWN OF ,REAL ESTATE DEPT TOWN OF CARY,PO BOX 8005,CARY NC 27512-8005,12374205,0753197293
OFC GROSS,1998,57125.0,2400 PERIMETER PARK DR,MORRISVILLE,27560,"DURHAM PERIMETER PARK 2, LLC ",60 STATE ST STE 3500,BOSTON MA 02109-1812,,9264272,0746948561
MULT TEN,2002,56940.0,1003 E BROAD ST,FUQUAY-VARINA,27526,MAIN STREET STATION OF NC LTD PTNSH ,270 W NEW ENGLAND AVE,WINTER PARK FL 32789-4226,,10953379,0667415192
OFC GROSS,1996,56760.0,5501 DILLARD DR,CARY,27518,DILLARD HOLDINGS LLC ,620 CROSSROADS BLVD,CARY NC 27518-6965,,8467686,0772993135
MULT TEN,1980,56540.0,2020 PROGRESS CT,RALEIGH,27608,PROGRESS CT PHASE 1 OWNER LLC ,"SLI CAPITAL, LLC",2626 GLENWOOD AVE STE 550,RALEIGH NC 27608-1370,17379653,1714198573
CHURCH,1982,56343.0,1417 CLIFTON ST,RALEIGH,27604,TEMPLE BAPTIST CHURCH ,1417 CLIFTON ST,RALEIGH NC 27604-2010,,11332985,1714055432
OFC GROSS,1978,56338.0,3801 LAKE BOONE TRL,RALEIGH,27607,"GATEWAY THREE REALTY ASSOCIATES, LLC ",95 FROEHICH FARM BLVD,WOODBURY NY 11797,,5831601,0795017719
OFC GROSS,1995,56272.0,6001 HOSPITALITY CT,CARY,27560,AERIAL CENTER REALTY CORP ,AEW CAPITAL MANAGEMENT,2 SEAPORT LN STE 1600,BOSTON MA 02210-2047,7217462,0756574085
CHURCH,1991,56052.0,2728 MARKS CREEK RD,,27545,FAITH BAPTIST CHURCH OF KNIGHTDALE NC INC,PO BOX 265,KNIGHTDALE NC 27545-0265,,11806497,1764299567
OFC GROSS,1993,55972.0,133 SOUTHCENTER CT,MORRISVILLE,27560,SBP OFFICE OWNER L.P LIMITED PARTNERSHIP ,1255 23RD ST NW,WASHINGTON DC 20037-1125,,9931215,0756407274
FLEX WHSE,1984,55883.0,800 PERIMETER PARK DR,MORRISVILLE,27560,TGA KING EASTRIDGE OWNER LLC ,800 BOYLSTON ST STE 1570,BOSTON MA 02199-8203,,11771240,0756256799
OFC GROSS,2000,55850.0,4501 ATLANTIC AVE,RALEIGH,27604,GREAT OPPORTUNITIES PROPERTIES (NORTH BUILDING) LL ,3101 POPLARWOOD CT STE 101,RALEIGH NC 27604-1045,,7746435,1716728617
OFC GROSS,1988,55835.0,3001 SHELDON DR,CARY,27513,TEMPOSONICS LLC ,3001 SHELDON DR,CARY NC 27513-2006,,10836108,0755515680
SCHOOL,1994,55740.0,1101 BUCK JONES RD,CARY,27606,TRIAD EDUCATIONAL SERVICES INC ,3570 AMBERLIGHT RD,APEX NC 27502-7426,,12659448,0773742716
OFC GROSS,1975,55352.0,8024 GLENWOOD AVE,RALEIGH,27612,8024 GLENWOOD LLC ,2435 S ALSTON AVE,DURHAM NC 27713-1301,,6597624,0787039224
OFC GROSS,1984,55292.0,5510 SIX FORKS RD,RALEIGH,27609,5510 SIX FORKS ROAD LLC ,95 FROEHLICH FARM BLVD,WOODBURY NY 11797-2930,,8046992,1706677004
MULT TEN,2003,55172.0,800 W WILLIAMS ST,APEX,27502,PEAKWAY MARKET LLC ,PRATEEK CHANDAK,7930 SKYLAND RIDGE PKWY STE 200,RALEIGH NC 27617-6815,14628246,0742041210
OFC GROSS,1997,55000.0,2000 PERIMETER PARK DR,MORRISVILLE,27560,PERIMETER PARK OFFICES LP ,5 BRYANT PARK FL 28,NEW YORK NY 10018-0664,,9135067,0756052294
OFC GROSS,1984,54972.0,3105 GLENWOOD AVE,RALEIGH,27612,C & W INVESTMENTS ,3111 GLENWOOD AVE,RALEIGH NC 27612-5006,,7922329,0795940744
FLEX WHSE,1985,54856.0,300 PERIMETER PARK DR,MORRISVILLE,27560,TGA KING EASTRIDGE OWNER LLC ,800 BOYLSTON ST STE 1570,BOSTON MA 02199-8203,,11383764,0756352770
REST  HM,1998,54696.0,1050 CRESCENT GREEN,CARY,27518,SNH FM FINANCING LLC ,PO BOX 3075,MCKINNEY TX 75070-8182,,8223889,0762524003
FLEX WHSE,1983,54692.0,1000 PERIMETER PARK DR,MORRISVILLE,27560,TGA KING EASTRIDGE OWNER LLC ,800 BOYLSTON ST STE 1570,BOSTON MA 02199-8203,,9918096,0756250514
MED OFC GROSS,2005,54649.0,530 NEW WAVERLY PL,CARY,27518,OAKS DEVELOPMENT LLC ,1010 HIGH HOUSE RD STE 300,CARY NC 27513-3581,,0,0762635240
FLEX WHSE,1992,54632.0,101 SOUTHCENTER CT,MORRISVILLE,27560,SBP OFFICE OWNER L.P LIMITED PARTNERSHIP ,1255 23RD ST NW,WASHINGTON DC 20037-1125,,12454947,0755497860
SCHOOL,1996,54402.0,1120 BUCK JONES RD,CARY,27606,THALES ACADEMY ,4641 PARAGON PARK RD,RALEIGH NC 27616-3406,,19960942,0773655135
OFC GROSS,1990,54190.0,120 SOUTHCENTER CT,MORRISVILLE,27560,SBP OFFICE OWNER L.P LIMITED PARTNERSHIP ,1255 23RD ST NW,WASHINGTON DC 20037-1125,,9734829,0756502135
FLEX WHSE,1985,54006.0,1818 ST ALBANS DR,RALEIGH,27609,HARRISPARK PROPERTIES INC ,608 GASTON ST STE 200,RALEIGH NC 27603-1258,,5360117,1715684522
OFC GROSS,1983,53880.0,203 SAS CAMPUS DR,CARY,27513,SAS INSTITUTE INC ,ATTN: ERIN SHARP,100 SAS CAMPUS DR,CARY NC 27513-2414,8624231,0775063308
OFC GROSS,2001,53861.0,2450 PERIMETER PARK DR,MORRISVILLE,27560,DURHAM PERIMETER PARK 3 LLC ,60 STATE ST STE 3500,BOSTON MA 02109-1812,,9176028,0746948260
FLEX WHSE,1998,53692.0,300 DOMINION DR,MORRISVILLE,27560,JAY'S COMMONWEALTH PARK LLC ,8586 POTTER PARK DR UNIT 881,SARASOTA FL 34238-5439,,8438394,0756516675
OFC GROSS,1994,53640.0,1800 PERIMETER PARK DR,MORRISVILLE,27560,PERIMETER PARK OFFICES LP ,5 BRYANT PARK FL 28,NEW YORK NY 10018-0664,,8538195,0756052533
REST  HM,1991,53635.0,801 DIXIE TRL,RALEIGH,27607,MORNINGSIDE RALEIGH NC SLC LLC ,TWO NEWTON PL,255 WASHINGTON ST,NEWTON MA 02458-1637,11358072,0794568418
MED OFC GROSS,1985,53045.0,3020 NEW BERN AVE,RALEIGH,27610,WAKEMED ,ATTN: CORPORATE ACCOUNTING,3000 NEW BERN AVE,RALEIGH NC 27610-1231,11571200,1724214028
HR OFFC,1981,52956.0,4200 WAKE FOREST RD,RALEIGH,27609,UNITED STATES POSTAL SERVICE THE ,% REAL ESTATE BRANCH,2245 PERIMETER PARK DR STE 17,ATLANTA GA 30341-1310,9316712,1716501058
NURSG HM,1987,52948.0,3830 BLUE RIDGE RD,RALEIGH,27612,HILLCREST RALEIGH AT CRABTREE LLC ,1417 W PETTIGREW ST,DURHAM NC 27705-4820,,10179826,0795475963
OFC GROSS,1989,52890.0,3000 AERIAL CENTER PKWY,CARY,27560,AERIAL CENTER REALTY CORP ,AEW CAPITAL MANAGEMENT,2 SEAPORT LN STE 1600,BOSTON MA 02210-2047,6725122,0756560662
FLEX WHSE,1986,52800.0,3221 DURHAM DR,RALEIGH,27603,MMP GOWEN HOLDINGS LLC ,MARTIN AND MARTIN PROPERTIES LLC,4125 W NOBLE AVE STE 381,VISALIA CA 93277-1662,4445237,1702516825
SCHOOL,1999,52736.0,931 DURHAM RD,WAKE FOREST,27587,F R O LLC VII ,C/O JIM HASTINGS CPA,305 PIPING ROCK DR,SILVER SPRING MD 20905-5651,9588154,1831505761
OFC GROSS,1987,52711.0,3001 WESTON PKWY,CARY,27513,RED STORM ENTERTAINMENT INC ,3001 WESTON PKWY,CARY NC 27513-2301,,8420202,0765574341
REST  HM,1988,52697.0,4510 DURALEIGH RD,RALEIGH,27612,NC4 COVINGTON LLC ,4510 DURALEIGH RD,RALEIGH NC 27612-3534,,7958654,0786408588
CHURCH,1988,52659.0,8400 POOLE RD,,27545,BETHLEHEM BAPTIST CHURCH ,8400 POOLE RD,KNIGHTDALE NC 27545-9154,,7840655,1752387398
REST  HM,1984,52399.0,600 NEWTON RD,RALEIGH,27615,VSCRE HOLDINGS LLC ,ALTUS GROUP US INC #3846,PO BOX 808,COCKEYSVILLE MD 21030-0808,8241233,1707744874
FLEX WHSE,1990,52275.0,2111 HARROD ST,RALEIGH,27604,GREENWOOD NC LLC ,7508 WELCOME DR,WAKE FOREST NC 27587-5326,,5914815,1716715281
OFC GROSS,1979,52225.0,4225 DALY RD,RALEIGH,27604,RALEIGH CITY OF ,PO BOX 590,RALEIGH NC 27602-0590,,13158158,1725848613
MULT TEN,1993,52180.0,5910 DURALEIGH RD,RALEIGH,27612,WIDGEON ASSOCIATES LLC ,1205 KINGS GRANT DR,RALEIGH NC 27614-9355,,10336009,0786573672
SCHOOL,2003,51982.0,801 BUCK JONES RD,RALEIGH,27606,CARDINAL GIBBONS MEMORIAL HIGH SCHOOL ,FRANK TORTORA,7200 STONEHENGE DR,RALEIGH NC 27613-1622,8939998,0773851913
OFC GROSS,1980,51956.0,5151 GLENWOOD AVE,RALEIGH,27612,ALPHA BETA CENTER LLC ,3700 GLENWOOD AVE STE 430,RALEIGH NC 27612-5530,,6191504,0796220746
CHURCH,1993,51924.0,3000 ROCK QUARRY RD,RALEIGH,27610,WORD OF GOD FELLOWSHIP ,3000 ROCK QUARRY RD,RALEIGH NC 27610-5110,,9036535,1712963537
OFC GROSS,2000,51804.0,1400 CRESCENT GREEN,CARY,27518,HR NORTH CAROLINA LLC ,3310 W END AVE STE 700,NASHVILLE TN 37203-1097,,9406234,0762421440
OFC GROSS,1987,51665.0,2000 AERIAL CENTER PKWY,CARY,27560,AERIAL CENTER REALTY CORP ,AEW CAPITAL MANAGEMENT,2 SEAPORT LN STE 1600,BOSTON MA 02210-2047,6258780,0756466793
MULT TEN,1986,51400.0,6320 CAPITAL BLVD,RALEIGH,27616,DAVID J & MARILYN B MARTIN IRREVOCABLE TRUST ,2201 CANDUN DR STE 103,APEX NC 27523-6413,,11541850,1727428144
FLEX WHSE,1997,51268.0,2121 E WILLIAMS ST,APEX,27539,MCI ENTERPRISES LLC ,2121 E WILLIAMS ST STE 100,APEX NC 27539-7765,,13037446,0740956324
FLEX WHSE,1981,51200.0,3500 SPRING FOREST RD,RALEIGH,27616,ARBOR PROPERTIES ,5121 KINGDOM WAY STE 200,RALEIGH NC 27607-6063,,5723207,1726366049
OFC GROSS,2001,50962.0,4101 DOIE COPE RD,RALEIGH,27613,FAMILY VIDEO MOVIE CLUB INC ,209 POWELL PL,BRENTWOOD TN 37027-7522,,7424188,0787128535
FLEX WHSE,1985,50851.0,3221 WELLINGTON CT,RALEIGH,27615,TL LINCOLN PARK NORTH PROPERTY OWNER LP LIMITED PA ,TOWN LANE REAL ESTATE OPPORTUNITIES,200 PARK AVE RM 803,NEW YORK NY 10166-0025,5219943,1727488227
FLEX WHSE,1988,50720.0,100 DOMINION DR,MORRISVILLE,27560,FRANK R ANDERSON REALTY & INVESTMENT CO ,PO BOX 90367,RALEIGH NC 27675-0367,,7837642,0756616106
NURSG HM,1983,50696.0,3609 BOND ST,RALEIGH,27604,HILLCO LTD ,PO BOX 6159,KINSTON NC 28501-0159,,5492241,1724470760
FLEX WHSE,1984,50600.0,3645 TRUST DR,RALEIGH,27616,AF5 RALEIGH LIGHT INDUSTRIAL LLC ,FLANAGAN BILTON  ATT: SPERO KOPITAS,1 N LA SALLE ST STE 2100,CHICAGO IL 60602-3918,8435001,1726477989
FLEX WHSE,1995,50400.0,125 INTERNATIONAL DR,MORRISVILLE,27560,TOWN OF MORRISVILLE ,100 TOWN HALL DR,MORRISVILLE NC 27560-8147,,6308879,0755284553
FLEX WHSE,1989,50340.0,201 KITTY HAWK DR,CARY,27560,GWC/KITTY HAWK LLC ,ATLANTIC INVESTMENT MANAGEMENT LLC,4104 ATLANTIC AVE STE 140,RALEIGH NC 27604-1803,6765413,0757779560
FLEX WHSE,1985,50330.0,2810 YONKERS RD,RALEIGH,27604,2810 YONKERS LLC ,23801 CALABASAS RD STE 2024,CALABASAS CA 91302-1568,,6336171,1714977392
MED OFC GROSS,1998,50220.0,4201 LAKE BOONE TRL,RALEIGH,27607,EGMP 4201 LAKE BOONE TRAIL LLC ,RYAN LLC,PO BOX 92129,SOUTHLAKE TX 76092-0102,11936431,0785818541
OFC GROSS,1994,49905.0,8000 WESTON PKWY,CARY,27513,N C BAR ASSOC FOUNDATION INC ,8000 WESTON PKWY STE 320,CARY NC 27513-2123,,11255038,0765170351
CHURCH,2003,49812.0,200 WESTHIGH ST,CARY,27513,WESTWOOD BAPTIST CHURCH OF CARY ,200 WESTHIGH ST,CARY NC 27513-5736,,12608954,0743948543
FLEX WHSE,1985,49782.0,118 MACKENAN DR,CARY,27511,AF5 RALEIGH LIGHT INDUSTRIAL LLC ,FLANAGAN BILTON  ATT: SPERO KOPITAS,1 N LA SALLE ST STE 2100,CHICAGO IL 60602-3918,9370005,0752619676
OFC GROSS,1987,49754.0,3500 REGENCY PKWY,CARY,27518,3500 REGENCY PARKWAY LLC ,517 MERCURY ST,RALEIGH NC 27603-2341,,9225969,0762302536
FLEX WHSE,1986,49643.0,2700 GATEWAY CENTRE BLVD,CARY,27560,2700 GATEWAY CENTRE LLC ,2108 CLARK AVE,RALEIGH NC 27605-1606,,9136177,0756736770
OFC GROSS,1982,49233.0,3201 GLENWOOD AVE,RALEIGH,27612,CHAUCER 2.0 LLC ,3111 GLENWOOD AVE,RALEIGH NC 27612-5006,,6744963,0795859301
FLEX WHSE,2000,49050.0,1900 GARNER STATION BLVD,GARNER,27603,TI LINCOLN PARK SOUTH PROPERTY OWNER LP LIMITED PA ,200 PARK AVE RM 803,NEW YORK NY 10166-0025,,5967314,1701097223
FLEX WHSE,1998,49050.0,2000 GARNER STATION BLVD,GARNER,27603,TI LINCOLN PARK SOUTH PROPERTY OWNER LP LIMITED PA ,200 PARK AVE RM 803,NEW YORK NY 10166-0025,,7192880,1701094119
OFC GROSS,1996,49031.0,3304 GLEN ROYAL RD,RALEIGH,27617,HEALING PLACE OF WAKE COUNTY THE ,1251 GOODE ST,RALEIGH NC 27603-2261,,9003427,0777368287
NURSG HM,1991,48842.0,6590 TRYON RD,CARY,27518,"FC ENCORE CARY, LLC ",OMEGA HEALTHCARE INVESTORS INC,303 INTERNATIONAL CIR STE 200,HUNT VALLEY MD 21030-1359,10483137,0762954640
NURSG HM,1997,48824.0,3101 DURALEIGH RD,RALEIGH,27612,PRIME CARE ONE LLC ,450 E 96TH ST STE 500,INDIANAPOLIS IN 46240-3760,,13440177,0785649530
MULT TEN,1991,48739.0,6701 GLENWOOD AVE,RALEIGH,27612,NOBLE HOSPITALITY INC PHILLIPS FOOD SHOP INC,101 SWIFT WIND PL,APEX NC 27539-5113,,7277151,0786588214
CHURCH,1997,48233.0,4400 OLD POOLE RD,RALEIGH,27610,ABUNDANT LIFE CHURCH OF GOD IN CHRIST,4400 OLD POOLE RD,RALEIGH NC 27610-3033,,6502260,1723828709
FLEX WHSE,1984,48200.0,2725 E MILLBROOK RD,RALEIGH,27604,ALLISON PROPERTIES INC ,CAPITAL ASSOCIATES,1501 SUNRISE AVE STE 100,RALEIGH NC 27608-2689,7973003,1726243659
OFC GROSS,1981,48174.0,6200 FALLS OF NEUSE RD,RALEIGH,27609,NORTH STATE BANK ,6204 FALLS OF NEUSE RD,RALEIGH NC 27609-3506,,8062812,1717207958
FLEX WHSE,1983,48110.0,900 PERIMETER PARK DR,MORRISVILLE,27560,TGA KING EASTRIDGE OWNER LLC ,800 BOYLSTON ST STE 1570,BOSTON MA 02199-8203,,9620222,0756250838
STOR/OFC,1988,48079.0,4112 PLEASANT VALLEY RD,RALEIGH,27612,ZEISLER MORGAN INDUSTRIES LTD LIABILITY CO,30000 CHAGRIN BLVD,CLEVELAND OH 44124-5783,,6182564,0786785203
OFC GROSS,1975,48052.0,3739 NATIONAL DR,RALEIGH,27612,NATIONAL DRIVE HOLDINGS LLC ,1225 17TH ST STE 1100,DENVER CO 80202-5599,,5879830,0795993108
OFC GROSS,1994,47634.0,1015 AVIATION PKWY,MORRISVILLE,27560,SBP OFFICE OWNER L.P LIMITED PARTNERSHIP ,1255 23RD ST NW,WASHINGTON DC 20037-1125,,8615440,0756509513
MED OFC GROSS,1997,47625.0,1001 ROCK QUARRY RD,RALEIGH,27610,ADVANCE COMMUNITY HEALTH INC ,1001 ROCK QUARRY RD,RALEIGH NC 27610-3825,,15390906,1713440583
CHURCH,2003,47262.0,3525 ROGERS RD,WAKE FOREST,27587,HOPE LUTHERAN CHURCH INC ,3525 ROGERS RD,WAKE FOREST NC 27587-4899,,12564322,1840601854
MULT TEN,1997,47255.0,4601 CREEDMOOR RD,RALEIGH,27612,SDC GLENWOOD PLACE LLC ,405 N LAMAR BLVD STE 200,AUSTIN TX 78703-2111,,14793832,0796425565
OFC GROSS,1988,47169.0,1421 MEADOW WOOD BLVD,RALEIGH,27604,N C EASTERN MUNICIPAL POWER ET AL AGENCY,MANAGER SUPPORT SERVICES,1427 MEADOW WOOD BLVD,RALEIGH NC 27604-1532,8177188,1715532496
CHURCH,1990,47053.0,6612 CREEDMOOR RD,,27613,ASBURY CHURCH RALEIGH INC ,6612 CREEDMOOR RD,RALEIGH NC 27613-3644,,11378990,0797547522
MED OFC GROSS,1981,46938.0,3801 WAKE FOREST RD,RALEIGH,27609,3801WF LLC ,3801 WAKE FOREDST ROAD,SUITE 220,RALEIGH NC 27609,11075203,1715384920
OFC GROSS,1998,46784.0,3110 EDWARDS MILL RD,RALEIGH,27612,TDG EDWARDS MILL LLC ,4505 COUNTRY CLUB RD STE 220,WINSTON SALEM NC 27104-3509,,6757208,0785754394
OFC GROSS,1996,46750.0,110 HORIZON DR,RALEIGH,27615,HORIZON IV HOLDINGS LLC HORIZON IV - T HOLDINGS LLC,200 HORIZON DR STE 100,RALEIGH NC 27615-4947,,6563323,1707379199
REST  HM,1995,46672.0,4801 EDWARDS MILL RD,RALEIGH,27612,SJV 1 RALEIGH LLC ,BROOKFIELD ASSET MGMT,250 VESEY ST FL 15,NEW YORK NY 10281-1065,8137545,0796301789
CHURCH,1987,46564.0,3008 OLD RALEIGH RD,APEX,27502,SAINT ANDREW THE APOSTLE CATHOLIC PARISH OF APEX ,3009N OLD RALEIGH RD,APEX NC 27502-6413,,11389063,0752249576
CHURCH,1986,46561.0,9801 DURANT RD,RALEIGH,27614,OPEN DOOR BAPTIST CHURCH OF RALEIGH NC INC,9801 DURANT RD,RALEIGH NC 27614-9367,,9679251,1728428643
SCHOOL,1983,46479.0,504 NEWTON RD,RALEIGH,27615,BETH MEYER SYNAGOGUE INC ,504 NEWTON RD,RALEIGH NC 27615-6212,,10004823,1707740507
FLEX WHSE,1997,46390.0,1771 NW MAYNARD RD,CARY,27513,SUNSPEC PROPERTIES LLC ,ALISON S UTHE,3410 HATTERAS CT,RALEIGH NC 27607-6772,9927973,0754846614
CHURCH,1999,46291.0,808 ATWATER ST,RALEIGH,27607,ISLAMIC ASSOCIATION OF RALEIGH ,3020 LIGON ST,RALEIGH NC 27607-5308,,10610416,0794126638
CHURCH,1987,46068.0,10520 STAR RD,WAKE FOREST,27587,LIVING WORD FAMILY CHURCH INC ,PO BOX 61129,RALEIGH NC 27661-1129,,11412287,1739640646
OFC GROSS,1988,46067.0,333 CHURCH AT NORTH HILLS ST,RALEIGH,27609,CHURCH OF THE APOSTLES OF RALEIGH ,ATTN: PATRICK DOMINGUEZ,333 CHURCH AT NORTH HILLS ST,RALEIGH NC 27609-5177,15343296,1705895065
OFC GROSS,2001,45947.0,6880 PERRY CREEK RD,RALEIGH,27616,PERRY CREEK RE HOLDING LLC ,1812 TILLERY PL STE 100,RALEIGH NC 27604-1584,,7143393,1737712907
OFC GROSS,1998,45927.0,6716 SIX FORKS RD,RALEIGH,27615,RALEIGH CITY OF ,PO BOX 590,RALEIGH NC 27602-0590,,9056607,1707622670
FLEX WHSE,1986,45889.0,3101 STONY BROOK DR,RALEIGH,27604,TRAWICK COMMERCIAL CENTER LLC ,PO BOX 464,RALEIGH NC 27602-0464,,5432701,1725139154
OFC GROSS,1996,45567.0,333 E SIX FORKS RD,RALEIGH,27609,TGH LLC ,343 E SIX FORKS RD STE 300,RALEIGH NC 27609-7888,,6586082,1715043272
OFC GROSS,1998,45567.0,343 E SIX FORKS RD,RALEIGH,27609,DOUGLAS M HOBBS LLC ,343 E SIX FORKS RD STE 300,RALEIGH NC 27609-7888,,6501248,1715046161
OFC GROSS,2004,45160.0,9131 ANSON WAY,RALEIGH,27615,TDG MADISON PARK III LLC ,4505 COUNTRY CLUB RD STE 220,WINSTON SALEM NC 27104-3509,,6598328,1708415151
MED OFC GROSS,2005,45144.0,700 RESEARCH DR,CARY,27513,SAS INSTITUTE INC ,ATTN: ERIN SHARP,100 SAS CAMPUS DR,CARY NC 27513-2414,14737847,0765947778
SCHOOL,2002,45130.0,3815 ROCK QUARRY RD,RALEIGH,27610,CHARTER DEVELOPMENT COMPANY LLC ,3850 BROADMOOR AVE SE STE 201,GRAND RAPIDS MI 49512-3975,,9015395,1722460857
OFC GROSS,1991,45109.0,1400 PERIMETER PARK DR,MORRISVILLE,27560,PUTNAM HOLDINGS LLC ,1400 PERIMETER PARK DR,MORRISVILLE NC 27560-9161,,7511012,0756069072
MED OFC GROSS,2001,45094.0,2406 BLUE RIDGE RD,RALEIGH,27607,HARDEN ROAD ASSOCIATES LLC ,2501 BLUE RIDGE RD STE 280,RALEIGH NC 27607-6367,,8670223,0785715187
MULT TEN,1987,44964.0,556 VILLAGE CT,GARNER,27529,M.A.L. PROPERTIES LLC ,319 CHAPANOKE RD STE 102,RALEIGH NC 27603-3433,,5310683,1711321871
SCHOOL,2004,44683.0,1923 MILBURNIE RD,RALEIGH,27610,WAKE COUNTY BOARD OF EDUCATION ,RE SERVICES DIRECTOR,1551 ROCK QUARRY RD,RALEIGH NC 27610-4145,10739776,1714328033
OFC GROSS,1999,44652.0,7208 FALLS OF NEUSE RD,RALEIGH,27615,NC SCHOOL BOARDS ASSOCIATION INC ,PO BOX 97243,RALEIGH NC 27624-7243,,8018642,1717068573
HEALTH,2001,44598.0,100 FITNESS DR,FUQUAY-VARINA,27526,FUQUAY FITNESS GROUP LLC ,100 FITNESS DR,FUQUAY VARINA NC 27526-7263,,5869620,0676066955
FLEX WHSE,1989,44382.0,100 SOUTHCENTER CT,MORRISVILLE,27560,SBP OFFICE OWNER L.P LIMITED PARTNERSHIP ,1255 23RD ST NW,WASHINGTON DC 20037-1125,,9812833,0755591753
OFC GROSS,1996,44220.0,11635 NORTHPARK DR,WAKE FOREST,27587,HTA-NORTHPARK I LLC ,3310 W END AVE STE 700,NASHVILLE TN 37203-1097,,8119049,1830550921
OFC GROSS,1983,44159.0,3127 SMOKETREE CT,RALEIGH,27604,NORTH CAROLINA MEDICAL BOARD ,1203 FRONT ST,RALEIGH NC 27609-7526,,7714881,1715636809
OFC GROSS,1983,44159.0,3128 SMOKETREE CT,RALEIGH,27604,DP SMOKETREE LLC ,DEBNAM PROPERTY MANAGEMENT LLC,2900 HIGHWOODS BLVD STE 200,RALEIGH NC 27604-1036,5735817,1715639596
SCHOOL,1997,44099.0,2600 TIMBER DR,GARNER,27529,WAKE COUNTY BOARD OF EDUCATION ,BETTY L PARKER,1551 ROCK QUARRY RD,RALEIGH NC 27610-4145,15293471,1701843600
FLEX WHSE,1997,44000.0,175 SOUTHPORT DR,MORRISVILLE,27560,SBP OFFICE OWNER L.P LIMITED PARTNERSHIP ,591 W PUTNAM AVE,GREENWICH CT 06830-6005,,10148403,0755680985
CHURCH,1978,43967.0,5315 CREEDMOOR RD,RALEIGH,27612,CONGREGATION BETH OR INC ,5315 CREEDMOOR RD,RALEIGH NC 27612-6305,,14740358,0796460652
OFC GROSS,1995,43865.0,4325 LAKE BOONE TRL,RALEIGH,27607,EGMP 4325 LAKE BOONE TRAIL LLC ,RYAN LLC,PO BOX 92129,SOUTHLAKE TX 76092-0102,7730425,0785810774
OFC GROSS,1980,43768.0,3125 POPLARWOOD CT,RALEIGH,27604,3125 POPLARWOOD LLC ,2900 HIGHWOODS BLVD STE 200,RALEIGH NC 27604-1036,,4832065,1715732153
SCHOOL,1976,43761.0,721 MACK TODD RD,ZEBULON,27597,HERITAGE BAPTIST CHURCH INC ,615 MACK TODD RD,ZEBULON NC 27597-9396,,6349861,1795923580
MED OFC GROSS,1987,43706.0,2801 BLUE RIDGE RD,RALEIGH,27607,UNIVERSITY OF NORTH CAROLINA HEALTH CARE SYSTEM ,REAL ESTATE & FACILITIES,211 FRIDAY CENTER DR,CHAPEL HILL NC 27517-9499,8841500,0785732161
OFC GROSS,1988,43523.0,4900 WEST LAKE RD,CARY,27539,CARY TOWN OF ,REAL ESTATE DEPT TOWN OF CARY,PO BOX 8005,CARY NC 27512-8005,16462445,0679214790
OFC GROSS,2004,43488.0,11550 COMMON OAKS DR,RALEIGH,27614,COMMON OAKS 11550 LLC ,964 HIGH HOUSE RD # 4305,CARY NC 27513-3574,,7185321,1830526058
OFC GROSS,1999,43424.0,2501 AERIAL CENTER PKWY,CARY,27560,AERIAL CENTER REALTY CORP ,AEW CAPITAL MANAGEMENT,2 SEAPORT LN STE 1600,BOSTON MA 02210-2047,5901060,0756466361
CHURCH,1978,43358.0,3249 BLUE RIDGE RD,RALEIGH,27612,THE SUMMIT CHURCH - HOMESTEAD HEIGHTS BAPTIST CHURCH INC,2335 PRESIDENTIAL DR STE 114,DURHAM NC 27703-8063,,10372240,0785859691
NURSG HM,2000,43331.0,911 S HUGHES ST,APEX,27502,REX HOSPITAL INC ,4420 LAKE BOONE TRL,RALEIGH NC 27607-7505,,12066784,0741562698
MULT TEN,1987,43240.0,4000 ATLANTIC AVE,RALEIGH,27604,HAB PROPERTIES LLC ,333 SHERWEE DR,RALEIGH NC 27603-3521,,6029181,1716803221
OFC GROSS,1980,43152.0,3117 POPLARWOOD CT,RALEIGH,27604,EAGLE ROCK 50 LLC ,2900 HIGHWOODS BLVD STE 200,RALEIGH NC 27604-1036,,5470681,1715720789
FLEX WHSE,1995,43044.0,2201 BRENTWOOD RD,RALEIGH,27604,TL LINCOLN PARK CENTRAL PROPERTY OWNER LP LIMITED  ,TOWN LANE REAL ESTATE OPPORTUNITIES,200 PARK AVE RM 803,NEW YORK NY 10166-0025,6084513,1724091835
FLEX WHSE,1985,43000.0,2701 NOBLIN RD,RALEIGH,27604,CORE INVESTORS II LLC ,147 S CHERRY ST STE 200,WINSTON SALEM NC 27101-5287,,3988739,1714986960
OFC GROSS,2000,42960.0,2701 AERIAL CENTER PKWY,CARY,27560,AERIAL CENTER REALTY CORP ,AEW CAPITAL MANAGEMENT,2 SEAPORT LN STE 1600,BOSTON MA 02210-2047,5479376,0756456937
OFC GROSS,1984,42552.0,5505 CREEDMOOR RD,RALEIGH,27612,CROSSPOINTE INVESTMENTS LLC ,PO BOX 6580,RALEIGH NC 27628-6580,,5252133,0796463967
OFC GROSS,1987,42446.0,7200 STONEHENGE DR,RALEIGH,27613,"MICHAEL F BURBIDGE, BISHOP OF THE ROMAN CATHOLIC D ",7200 STONEHENGE DR,RALEIGH NC 27613-1622,,6101821,0797476967
FLEX WHSE,1983,42237.0,8601 GLENWOOD AVE,RALEIGH,27617,GREEN COMPANY THE ,JOHN HIBBITS,5121 KINGDOM WAY STE 200,RALEIGH NC 27607-6063,6791742,0777664668
CHURCH,1986,42229.0,1201 MAXWELL DR,GARNER,27603,ST ANDREWS METHODIST CHURCH ,1201 MAXWELL DR,RALEIGH NC 27603-4266,,8611924,1701241270
OFC GROSS,1985,42227.0,3000 SPRING FOREST RD,RALEIGH,27616,GSM PROPERTIES LLC ,8930 HWY 39 S,ZEBULON NC 27597,,5898763,1726164038
OFC GROSS,1981,42182.0,3101 POPLARWOOD CT,RALEIGH,27604,EAGLE ROCK 50 LLC ,2900 HIGHWOODS BLVD STE 200,RALEIGH NC 27604-1036,,4526883,1715722397
OFC GROSS,1981,42182.0,3109 POPLARWOOD CT,RALEIGH,27604,EAGLE ROCK 50 LLC ,2900 HIGHWOODS BLVD STE 200,RALEIGH NC 27604-1036,,4691476,1715629526
OFC GROSS,1988,42104.0,2100 YONKERS RD,RALEIGH,27604,STATE EMPLOYEES CREDIT UNION ,PO BOX 26807,RALEIGH NC 27611-6807,,6446320,1715700931
CHURCH,1990,42088.0,8524 CROWDER RD,,27603,HIGHLAND BAPTIST CHURCH OF RAL INC ,8524 CROWDER RD,RALEIGH NC 27603-9407,,9979802,1609604550
OFC GROSS,1984,42021.0,111 MACKENAN DR,CARY,27511,111 MACKENAN DR LLC ,C/O TONY WITHERS,111 MACKENAN DR,CARY NC 27511-7903,6453745,0752722394
OFC GROSS,1989,42010.0,4001 WESTON PKWY,CARY,27513,JEMSM EAST COAST HOLDINGS LLC ,GARY FIELDS,4416 POWELL GROVE CT,RALEIGH NC 27606-6350,6483193,0765477305
VET CLIN,2003,42001.0,200 PETFINDER LN,GARNER,27603,SPCA OF WAKE COUNTY INC ,200 PETFINDER LN,RALEIGH NC 27603-6075,,7965700,1702004063
CHURCH,2003,41572.0,1609 WENDELL BLVD,WENDELL,27591,GREATER N C JURISDICTION CHURCH OF GOD IN CHRIST,PO BOX 1985,WASHINGTON NC 27889-1985,,16409196,1774781425
OFC GROSS,1998,41567.0,4928 LINKSLAND DR,HOLLY SPRINGS,27540,PIERCE GROUP PROPERTIES LLC ,4928 LINKSLAND DR,HOLLY SPRINGS NC 27540-7455,,5743663,0659642267
OFC GROSS,1995,41476.0,991 AVIATION PKWY,MORRISVILLE,27560,SBP OFFICE OWNER L.P LIMITED PARTNERSHIP ,1255 23RD ST NW,WASHINGTON DC 20037-1125,,7269084,0756506272
MED OFC GROSS,1991,41440.0,2301 REXWOODS DR,RALEIGH,27607,EGMP 2301 REXWOODS LLC ,RYAN LLC,PO BOX 92129,SOUTHLAKE TX 76092-0102,12218439,0785719311
OFC GROSS,2003,41408.0,1540 SUNDAY DR,RALEIGH,27607,RNA PROPERTIES LLC ,1540 SUNDAY DR,RALEIGH NC 27607-6010,,7328539,0774967422
FLEX WHSE,1999,40894.0,6531 MERIDIEN DR,RALEIGH,27616,TL SUMNER BUSINESS PARK PROPERTY OWNER LP LIMITED  ,TOWN LANE REAL ESTATE OPPORTUNITIES,200 PARK AVE RM 803,NEW YORK NY 10166-0025,7078121,1727015556
MED OFC GROSS,1984,40830.0,3100 BLUE RIDGE RD,RALEIGH,27612,"HTA-BLUE RIDGE, LLC ",3310 W END AVE STE 700,NASHVILLE TN 37203-1097,,7705778,0785737887
CHURCH,1976,40824.0,712 BROOKS AVE,RALEIGH,27607,CHURCH OF CHRIST OF RALEIGH ,OGBURN S C CHERRY,712 BROOKS AVE,RALEIGH NC 27607-4132,7074729,0794752261
OFC GROSS,2001,40770.0,1100 SITUS CT,RALEIGH,27606,TSO SITUS OFFICE PARK LP ,1180 W PEACHTREE ST NW STE 200,ATLANTA GA 30309-3820,,6348654,0783031905
FLEX WHSE,2002,40453.0,5201 OLD POOLE RD,RALEIGH,27610,ZABARSKY INVESTMENTS LTD LP ,PO BOX 14448,RALEIGH NC 27620-4448,,7686728,1733138220
CHURCH,1991,40419.0,3405 N NEW HOPE RD,RALEIGH,27604,ST MARY COPTIC ORTHODOX CHURCH OF NC INC ,3405 N NEW HOPE RD,RALEIGH NC 27604-5023,,9785905,1725764410
MED OFC GROSS,1989,40363.0,4301 LAKE BOONE TRL,RALEIGH,27607,EGMP 4301 LAKE BOONE TRAIL LLC ,RYAN LLC,PO BOX 92129,SOUTHLAKE TX 76092-0102,9893377,0785814583
FLEX WHSE,1988,40320.0,3200 GLEN ROYAL RD,RALEIGH,27617,GLEN ROYAL PROPERTY LLC ,PO BOX 274,NEWTON NC 28658-0274,,5593956,0777562420
OFC GROSS,1998,40309.0,1401 SUNDAY DR,RALEIGH,27607,TRINITY VENTURES LLC ,1401 SUNDAY DR STE 113,RALEIGH NC 27607-5173,,6459888,0784051722
FLEX WHSE,2001,40233.0,203 CAPCOM AVE,WAKE FOREST,27587,203 CAPCOM LLC ,300 CARPATHIAN WAY,RALEIGH NC 27615-1615,,5693721,1840001725
OFC GROSS,1998,40100.0,1600 CENTER ST,APEX,27502,LIWSP APEX LLC ,167 E CHATHAM ST STE 300,CARY NC 27511-3372,,5967351,0751095341
OFC GROSS,2002,40077.0,900 HAYNES ST,RALEIGH,27604,HOUSING AUTHORITY CITY OF RALEIGH ,900 HAYNES ST,RALEIGH NC 27604-1462,,14087897,1704734231
OFC GROSS,2002,40056.0,51 KILMAYNE DR,CARY,27511,KILMAYNE 51 LLC ,964 HIGH HOUSE RD # 4305,CARY NC 27513-3574,,6001337,0763541771
SNGL TEN,1995,40000.0,760 SE MAYNARD RD,CARY,27511,JFP CARY LLC ,JOHN FREELAND PROPERTIES LLC,1519 SUMMIT AVE STE 100,RICHMOND VA 23230-4512,12477523,0773055229
MULT TEN,1985,39900.0,746 E CHATHAM ST,CARY,27511,PARRO CORPORATION ,701 E CHATHAM ST,CARY NC 27511-6964,,7957535,0764921821
OFC GROSS,1979,39618.0,3000 HIGHWOODS BLVD,RALEIGH,27604,2920-3000 HIGHWOODS LLC ,2900 HIGHWOODS BLVD STE 200,RALEIGH NC 27604-1036,,4296344,1715737748
OFC GROSS,1982,39466.0,3100 HIGHWOODS BLVD,RALEIGH,27604,"LAUREL BUILDING, LLC ",SHERRI LOSAPIO,2619 WESTERN BLVD,RALEIGH NC 27606-2125,5645769,1715740341
MULT TEN,1997,39400.0,4237 LOUISBURG RD,RALEIGH,27604,SCGX-CAPITAL COMMONS LLC ,3715 NORTHSIDE PKWY NW STE 650,ATLANTA GA 30327-2886,,7336497,1726510578
FLEX WHSE,1982,39000.0,0 BARROW DR,RALEIGH,27616,"CWBK, LLC ",714 W JOHNSTON STREET,RALEIGH NC 27603,,3663305,1727203739
FLEX WHSE,1983,39000.0,0 BARROW DR,RALEIGH,27616,"LKB ARTS CENTER, LLC ",714 W JOHNSON ST,RALEIGH NC 27603-1230,,3805328,1727109558
OFC GROSS,1975,38905.0,1001 NAVAHO DR,RALEIGH,27609,KM NORTH HILLS MIDLINE OWNER LLC ,4321 LASSITER AT NORTH HILLS AVE,STE 250,RALEIGH NC 27609-5782,5244975,1715167635
OFC GROSS,1975,38905.0,1100 NAVAHO DR,RALEIGH,27609,KM NORTH HILLS MIDLINE OWNER LLC ,4321 LASSITER AT NORTH HILLS AVE,STE 250,RALEIGH NC 27609-5782,5128536,1715168365
OFC GROSS,1978,38850.0,2920 HIGHWOODS BLVD,RALEIGH,27604,2920-3000 HIGHWOODS LLC ,2900 HIGHWOODS BLVD STE 200,RALEIGH NC 27604-1036,,5267689,1715739678
FLEX WHSE,1997,38812.0,6601 HILLSBOROUGH ST,RALEIGH,27606,QUORUM BUILDING LLC THE ,DAN C AUSTIN SR,PO BOX 19669,RALEIGH NC 27619-9669,8689413,0774615811
OFC GROSS,1996,38757.0,1141 RALEIGH SCHOOL DR,RALEIGH,27607,RALEIGH SCHOOL INC THE RALEIGH PRESCHOOL INCORPORATED,1100 EDWARDS MILL RD,RALEIGH NC 27607-3876,,16018468,0784143758
FLEX WHSE,1987,38717.0,114 MACKENAN DR,CARY,27511,AF5 RALEIGH LIGHT INDUSTRIAL LLC ,FLANAGAN BILTON  ATT: SPERO KOPITAS,1 N LA SALLE ST STE 2100,CHICAGO IL 60602-3918,7326578,0752629123
MUNC BLD,2005,38688.0,5857 BARWELL PARK DR,RALEIGH,27610,RALEIGH CITY OF ,PO BOX 590,RALEIGH NC 27602-0590,,13608315,1732316068
NURSG HM,1991,38604.0,1101 HARTWELL ST,GARNER,27529,FINANCING VI HEALTHCARE PROPERTY LLC ,LAUREL HEALTH CARE,303 INTERNATIONAL CIR STE 200,HUNT VALLEY MD 21030-1359,5003913,1711112874
OFC GROSS,2000,38493.0,5811 GLENWOOD AVE,RALEIGH,27612,LONGVALLEY I LLC ,2701 W LAWRENCE AVE STE A,SPRINGFIELD IL 62704-7215,,5533513,0786955029
CHURCH,1982,38487.0,3500 EDWARDS MILL RD,RALEIGH,27612,THE IRON ACADEMY ,3500 EDWARDS MILL RD,RALEIGH NC 27612-5363,,10836471,0785862301
OFC GROSS,1992,38339.0,4000 AERIAL CENTER PKWY,CARY,27560,AERIAL CENTER REALTY CORP II ,AEW CAPITAL MANAGEMENT,2 SEAPORT LN STE 1600,BOSTON MA 02210-2047,5039063,0756462318
OFC GROSS,1987,38283.0,125 EDINBURGH SOUTH DR,CARY,27511,EDINBURGH CARY OFFICE LLC ,POER CRE-ATLANTA,PO BOX 250509,ATLANTA GA 30325-1509,5173142,0752831808
CHURCH,1979,38245.0,7500 FALLS OF NEUSE RD,RALEIGH,27615,SAINT ANDREWS PRESBYTERIAN ,7500 FALLS OF NEUSE RD,RALEIGH NC 27615-5317,,5759678,1717078805
CHURCH,1986,38013.0,7509 LEAD MINE RD,RALEIGH,27615,GREYSTONE BAPTIST CHURCH INC ,7509 LEAD MINE RD,RALEIGH NC 27615-4825,,12484165,1707062825
FLEX WHSE,1987,38000.0,0 BARROW DR,RALEIGH,27616,"CWBK, LLC ",714 W JOHNSTON STREET,RALEIGH NC 27603,,3198390,1727203237
MED OFC GROSS,2002,37851.0,2304 WESVILL CT,RALEIGH,27607,CURTIS KENNELLY LLC ,ATTENTION: JEREMY W PYLE MD,2304 WESVILL CT STE 360,RALEIGH NC 27607-2981,9756426,0795014500
LABRATRY,1984,37831.0,410 GREGSON DR,CARY,27511,RALEIGH PROPERTY GROUP LLC ,300 HOKE ST,RALEIGH NC 27601-2637,,9310966,0752526108
NURSG HM,1989,37830.0,8200 LITCHFORD RD,RALEIGH,27615,8200 LITCHFORD ROAD LLC ,400 BOULEVARD OF THE AMERICAS,STE 401,LAKEWOOD NJ 08701,6544035,1717799278
OFC GROSS,1976,37772.0,314 E HARGETT ST,RALEIGH,27601,RALEIGH RESCUE MISSION INC THE ,PO BOX 27391,RALEIGH NC 27611-7391,,10596216,1703884280
NURSG HM,1988,37673.0,201 WESTHIGH ST,CARY,27513,PARKWAY ASSISTED LIVING LLC ,1212 BROOKS AVE,RALEIGH NC 27607-3702,,7028333,0743937662
OFC GROSS,1997,37578.0,3101 INDUSTRIAL DR,RALEIGH,27609,NORTHSIDE INVESTMENT PARTNER LLC ,FCA PARTNERS LLC,300 S TRYON ST STE 420,CHARLOTTE NC 28202-3393,5396716,1715341783
OFC GROSS,1997,37568.0,5101 DAVIS DR,,27560,DELTA PRODUCTS CORPORATION ,46101 FREMONT BLVD,FREMONT CA 94538-6468,,7077147,0736782274
OFC GROSS,1982,37504.0,4917 WATERS EDGE DR,RALEIGH,27606,HAMILTON WATERS EDGE LLC ,37 SOUTH DELEWARE AVE STE 1,YARDLEY PA 19067,,3740277,0783269323
OFC GROSS,1976,37400.0,8541 GLENWOOD AVE,RALEIGH,27612,TIE BREAKER LLC ,3612 WILLIAMSBOROUGH CT,RALEIGH NC 27609-6356,,2976967,0777752988
OFC GROSS,2005,37351.0,3324 LAKE WOODARD DR,RALEIGH,27604,RALEIGH CITY OF ,PO BOX 590,RALEIGH NC 27602-0590,,6605468,1724360857
OFC GROSS,1975,37187.0,233 FAYETTEVILLE ST,RALEIGH,27601,FIRST CITIZENS BK & TRST CO ,COLD RIVER LAND  LLC,PO BOX 2249,CUMMING GA 30028-6501,7494309,1703771915
MULT TEN,1996,37121.0,1240 NW MAYNARD RD,CARY,27513,WATERFORD CENTER LLC ,JESSE SORRELL,5623 DURALEIGH RD STE 101,RALEIGH NC 27612-2700,10269080,0754605778
OFC GROSS,1985,37112.0,411 AVIATION PKWY,MORRISVILLE,27560,CREGGER CAPITAL INVESTMENTS INC ,749 WESTERN LN,IRMO SC 29063-7804,,3021056,0755470393
MULT TEN,1977,37110.0,2300 ATLANTIC AVE,RALEIGH,27604,1249 WICKER LLC ,3700 GLENWOOD AVE STE 430,RALEIGH NC 27612-5530,,13103800,1715301220
FLEX WHSE,1986,37100.0,1830 TILLERY PL,RALEIGH,27604,PAUL A TILLERY COMMERCIAL RENTALS ,PO BOX 6308,RALEIGH NC 27628-6308,,6206785,1714178897
OFC GROSS,1983,37080.0,3201 SPRING FOREST RD,RALEIGH,27616,SPRING FOREST HOLDINGS LLC ,3201 SPRING FOREST RD,RALEIGH NC 27616-2821,,8522782,1726263808
OFC GROSS,2000,36932.0,12339 WAKE UNION CHURCH RD,WAKE FOREST,27587,WELLONS INC ,PO BOX 52328,DURHAM NC 27717-2328,,4652330,1831523807
OFC GROSS,1981,36852.0,4700 SIX FORKS RD,RALEIGH,27609,HIGHWOODS FORSYTH LP ,150 FAYETTEVILLE ST STE 1400,RALEIGH NC 27601-2956,,5210808,1706527463
OFC GROSS,1977,36852.0,3724 NATIONAL DR,RALEIGH,27612,NATIONAL DRIVE HOLDINGS LLC ,1225 17TH ST STE 1100,DENVER CO 80202-5599,,4517658,0795982855
FLEX WHSE,1996,36711.0,221 JAMES JACKSON AVE,CARY,27513,WEATHERFIELD ASSOCIATES LLC ,PO BOX 3661,CARY NC 27519-3661,,7319413,0754745355
OFC GROSS,1978,36548.0,3733 NATIONAL DR,RALEIGH,27612,NATIONAL DRIVE HOLDINGS LLC ,1225 17TH ST STE 1100,DENVER CO 80202-5599,,4448335,0795990214
CHURCH,2003,36546.0,221 UNION ST,CARY,27511,ST PAULS EPISCOPAL CHURCH ,221 UNION ST,CARY NC 27511-3763,,6817597,0763189884
FLEX WHSE,1997,36375.0,1317 KIRKLAND RD,RALEIGH,27603,IVEY SELF STORAGE INC ,PO BOX 1749,SMITHFIELD NC 27577-1749,,7070424,1702095212
FLEX WHSE,1995,36324.0,3420 TARHEEL DR,RALEIGH,27609,TARHEEL DRIVE PROPERTIES LLC ,PO BOX 20342,RALEIGH NC 27619-0342,,5924179,1715559721
MULT TEN,2004,36295.0,250 SOUTHTOWN CIR,ROLESVILLE,27571,LLOYDS OF ROLESVILLE LLC ,PO BOX 638,WAKE FOREST NC 27588-0638,,7816115,1758688911
OFC GROSS,2001,36265.0,170 SOUTHPORT DR,MORRISVILLE,27560,SBP OFFICE OWNER L.P LIMITED PARTNERSHIP ,1255 23RD ST NW,WASHINGTON DC 20037-1125,,5953080,0755695192
MULT TEN,1994,36256.0,8551 GLENWOOD AVE,RALEIGH,27612,GLENWOOD WEST PARTNERS LLC ,1401 SUNDAY DR STE 113,RALEIGH NC 27607-5173,,7081304,0777668385
OFC GROSS,1998,36120.0,3512 BUSH ST,RALEIGH,27609,CROSSLAND 2.0 LLC ,3111 GLENWOOD AVE,RALEIGH NC 27612-5006,,4193285,1715563884
FLEX WHSE,1984,36000.0,1635 OLD LOUISBURG RD,RALEIGH,27604,PAUL A TILLERY COMMERCIAL RENTALS ,PO BOX 6308,RALEIGH NC 27628-6308,,5565508,1714270632
MUNC BLD,1996,35968.0,950 STEEPLE SQUARE CT,KNIGHTDALE,27545,KNIGHTDALE TOWN OF ,PO BOX 640,KNIGHTDALE NC 27545-0640,,13405013,1754178724
SNGL TEN,2005,35880.0,10200 LITTLE BRIER CREEK LN,RALEIGH,27617,DARA PROPERTIES OF RALEIGH LLC ,5 ROCKY RIDGE RD STE 20,ASHEVILLE NC 28806-2281,,7415978,0768460993
OFC GROSS,1998,35766.0,4729 HARGROVE RD,RALEIGH,27616,CQ LANDLORD MULTI LLC ,GENERAL PARTS DISTRIBUTION LLC,2635 E MILLBROOK RD,RALEIGH NC 27604-2988,6076178,1726055260
MULT TEN,1998,35749.0,875 US 70 HWY W,GARNER,27529,SAAD PROPERTIES LLC ,875 US HIGHWAY 70 W,GARNER NC 27529-2541,,6947333,1701947742
CHURCH,1997,35650.0,3300 IDLEWOOD VILLAGE DR,RALEIGH,27610,UPPER ROOM CHURCH OF GOD IN CHRIST ,3300 IDLEWOOD VILLAGE DR,RALEIGH NC 27610-5969,,6783589,1712333613
FLEX WHSE,1997,35642.0,600 AIRPORT BLVD,MORRISVILLE,27560,AIRPORT BOULEVARD PARTNERS LLC ,117 DUNCANSBY CT,CARY NC 27511-6403,,7140975,0756146433
OFC GROSS,1989,35559.0,4412 TRYON RD,RALEIGH,27606,SMITH & SAWYER ENTERPRISES LLC ,4412 TRYON RD,RALEIGH NC 27606-4218,,3011742,0782582140
CHURCH,1990,35297.0,4000 KILDAIRE FARM RD,CARY,27539,WOODHAVEN BAPTIST CHURCH INC ,4000 KILDAIRE FARM RD,APEX NC 27539-8838,,7801342,0750967230
MED OFC GROSS,1999,35224.0,2417 ATRIUM DR,RALEIGH,27607,TAYLOR ATRIUM LLC ,PO BOX 14166,NEW BERN NC 28561-4166,,8454086,0785615315
MED OFC GROSS,2005,35193.0,4101 MACON POND RD,RALEIGH,27607,CC RALEIGH MOB LLC ,C/O CENTEX CONCORD,535 MARRIOTT DR STE 625,NASHVILLE TN 37214-5036,9705816,0785635430
CHURCH,1987,34982.0,309 AVIATION PKWY,MORRISVILLE,27560,HINDU SOCIETY OF N C THE ,309 AVIATION PKWY,MORRISVILLE NC 27560-9152,,8170178,0755363809
OFC GROSS,1983,34844.0,3304 TERMINAL DR,RALEIGH,27604,RALEIGH CITY OF ,PO BOX 590,RALEIGH NC 27602-0590,,5496255,1724361443
OFC GROSS,1979,34828.0,6505 CHAPEL HILL RD,RALEIGH,27607,NORTH CAROLINA STATE OF ,STATE PROPERTY OFFICE,116 W JONES ST,RALEIGH NC 27603-1335,5499017,0774821148
OFC GROSS,1993,34788.0,5520 CAPITAL CENTER DR,RALEIGH,27606,PLEXUS CORP ,1 PLEXUS WAY,NEENAH WI 54956-3045,,4912024,0783041308
FLEX WHSE,1994,34751.0,4812 HARGROVE RD,RALEIGH,27616,AJC RALEIGH R&D LLC ,AJC INVESTMENT GROUP LLC,33 BLOOMFIELD HILLS PKWY STE 135,BLOOMFIELD HILLS MI 48304-2945,6552218,1726150833
FLEX WHSE,1985,34720.0,4211 ATLANTIC AVE,RALEIGH,27604,EKH LLC ,4211 ATLANTIC AVE,RALEIGH NC 27604-2270,,3760258,1716719352
FLEX WHSE,1998,34665.0,4724 HARGROVE RD,RALEIGH,27616,HARGROVE CENTER LLC ,ATLANTIC INVESTMENT MANAGEMENT,4104 ATLANTIC AVE,RALEIGH NC 27604-1802,4322365,1726142969
FLEX WHSE,1997,34650.0,2300 WESTINGHOUSE BLVD,RALEIGH,27604,TL LINCOLN PARK CENTRAL PROPERTY OWNER LP LIMITED  ,TOWN LANE REAL ESTATE OPPORTUNITIES,200 PARK AVE RM 803,NEW YORK NY 10166-0025,5248933,1715908271
FLEX WHSE,1998,34602.0,2800 SUMNER BLVD,RALEIGH,27616,TL SUMNER BUSINESS PARK PROPERTY OWNER LP LIMITED  ,TOWN LANE REAL ESTATE OPPORTUNITIES,200 PARK AVE RM 803,NEW YORK NY 10166-0025,5977408,1727113604
OFC GROSS,1977,34560.0,100 E SIX FORKS RD,RALEIGH,27609,DOUGLAS M HOBBS LLC ,343 E SIX FORKS RD STE 300,RALEIGH NC 27609-7888,,3829883,1705940380
FLEX WHSE,1998,34522.0,598 AIRPORT BLVD,MORRISVILLE,27560,AIRPORT BOULEVARD PARTNERS LLC ,117 DUNCANSBY CT,CARY NC 27511-6403,,7117225,0756146101
SNGL TEN,2005,34516.0,11190 FUN PARK DR,RALEIGH,27617,GODLEY GROUP OF RALEIGH LLC ,DOUG GODLEY,667 E BAY ST,CHARLESTON SC 29403-5643,11743394,0768190075
MED OFC GROSS,2000,34427.0,3701 NW CARY PKWY,CARY,27513,PRESTON PLAZA LLC ,549 VISTA DEL LAGO LN,WAKE FOREST NC 27587-5343,,6774953,0754441118
MED OFC GROSS,1981,34320.0,4505 FAIRMEADOW LN,RALEIGH,27607,BLUE RIDGE PLAZA ASSOCIATES LLC ,2501 BLUE RIDGE RD STE 280,RALEIGH NC 27607-6367,,5300451,0785618353
OFC GROSS,1978,34305.0,810 CENTER ST,APEX,27502,APEX HOLDINGS GROUP LLC ,810 CENTER ST,APEX NC 27502-2567,,3069708,0742800130
FLEX WHSE,1991,34240.0,861 OLD KNIGHT RD,KNIGHTDALE,27545,KNIGHTDALE BUSINESS PARTNERS LLC ,6588 GLENWOOD AVE,RALEIGH NC 27612-7156,,5093679,1754565606
CHURCH,1993,34172.0,11412 STRICKLAND RD,,27613,REDEEMER PRESBYTERIAN CHURCH IN AMERICA RALEIGH INC,140 NORTHWAY CT,RALEIGH NC 27615-4916,,7029507,0798246162
OFC GROSS,1975,34150.0,1304 ANNAPOLIS DR,RALEIGH,27608,US TOBACCO COOPERATIVE INC ,1304 ANNAPOLIS DR,RALEIGH NC 27608-2130,,4697513,1704165215
MULT TEN,2002,34024.0,2425 KILDAIRE FARM RD,CARY,27518,LOCHMERE PAVILION TWO LLC ,23801 CALABASAS RD STE 2024,CALABASAS CA 91302-1568,,8887425,0762602098
MULT TEN,1983,33990.0,1601 NORTH MARKET DR,RALEIGH,27609,SCG - RALEIGH LLC ,AMANDA MCMAHON,23B SHELTER COVE LN STE 202,HILTON HEAD SC 29928-3586,6025616,1716516509
MED OFC GROSS,2002,33758.0,1120 SE CARY PKWY,CARY,27518,HTA-TRYON OFFICE CENTER LLC ,3310 W END AVE STE 700,NASHVILLE TN 37203-1097,,8571095,0772053071
FLEX WHSE,1996,33758.0,2521 SCHIEFFELIN RD,APEX,27502,HMM INVESTMENTS I LLC ,8310 BANDFORD WAY,RALEIGH NC 27615-2752,,6637330,0751086205
MULT TEN,2000,33656.0,1501 NC 39 HWY,ZEBULON,27597,ZEBULON TOWN OF THE & COUNTY OF WAKE,1003 N ARENDELL AVE,ZEBULON NC 27597-2309,,10694785,2715537490
SNGL TEN,1988,33652.0,2626 S SAUNDERS ST,RALEIGH,27603,"DAVIS, CHRISTY MICHELLE TRUSTEE SETZER, MICHAEL CHRISTOPHER TRUSTEE",PO BOX 464,RALEIGH NC 27602-0464,,5636569,1702378272
OFC GROSS,1998,33602.0,12621 STRICKLAND RD,RALEIGH,27613,SOUTHBRIDGE FELLOWSHIP ,12621 STRICKLAND RD,RALEIGH NC 27613-5328,,9272046,0788557215
OFC GROSS,1983,33588.0,4900 FALLS OF NEUSE RD,RALEIGH,27609,SJ COMPANY I LLC ,4900 FALLS OF NEUSE RD STE 150,RALEIGH NC 27609-5490,,5921469,1716433983
OFC GROSS,1981,33577.0,1011 SCHAUB DR,RALEIGH,27606,COMMUNITY WORKFORCE SOLUTIONS INC ,3011 FALSTAFF RD,RALEIGH NC 27610-1812,,3513777,0784801354
CHURCH,1996,33549.0,9200 STRICKLAND RD,RALEIGH,27615,IMAGO DEI CHURCH ,9200 STRICKLAND RD,RALEIGH NC 27615-2022,,6968981,1708423937
FLEX WHSE,1987,33500.0,8411 GLENWOOD AVE,RALEIGH,27612,HAB PROPERTIES LLC ,333 SHERWEE DR,RALEIGH NC 27603-3521,,5028742,0777843910
LIBRARY,1996,33412.0,400 E HOLDING AVE,WAKE FOREST,27587,WAKE COUNTY ,WAKE COUNTY ATTORNEY'S OFFICE,PO BOX 550,RALEIGH NC 27602-0550,10960525,1840487196
CHURCH,1993,33408.0,1001 STEEPLE SQUARE CT,KNIGHTDALE,27545,CROSS POINT COMMUNITY CHURCH FOUNDATION INC ,PO BOX 1267,KNIGHTDALE NC 27545-1267,,4643916,1754173321
OFC GROSS,1986,33378.0,301 GREGSON DR,CARY,27511,NCVT HOLDINGS LLC ,EVAN MILLER,1235 EAST BLVD STE E # 131,CHARLOTTE NC 28203-5876,5513042,0752812872
MUNC BLD,1978,33350.0,205 SAUNDERS ST,APEX,27502,APEX TOWN OF ,PO BOX 250,APEX NC 27502-0250,,10001777,0742317319
MULT TEN,1989,33280.0,817 N SMITHFIELD RD,KNIGHTDALE,27545,KNIGHTDALE CROSSING 2023 LLC ,2608 VILLAGE MANOR WAY,RALEIGH NC 27614-8097,,5914510,1754158052
FLEX WHSE,2001,33220.0,2400 SUMNER BLVD,RALEIGH,27616,TL SUMNER BUSINESS PARK PROPERTY OWNER LP LIMITED  ,TOWN LANE REAL ESTATE OPPORTUNITIES,200 PARK AVE RM 803,NEW YORK NY 10166-0025,5739274,1727137966
FLEX WHSE,2001,33220.0,2440 SUMNER BLVD,RALEIGH,27616,TL SUMNER BUSINESS PARK PROPERTY OWNER LP LIMITED  ,TOWN LANE REAL ESTATE OPPORTUNITIES,200 PARK AVE RM 803,NEW YORK NY 10166-0025,5754332,1727135664
OFC GROSS,1987,33075.0,1128 US 70 HWY W,GARNER,27529,HAMMOND PROPERTY LLC ,2475 WENDELL BLVD,WENDELL NC 27591-6903,,3434853,1701778016
SCHOOL,1982,32989.0,4805 DILLARD DR,RALEIGH,27606,CAROLINA CONFERENCE ASSOC OF ,4805 DILLARD DR,RALEIGH NC 27606-4110,,6999845,0782272751
OFC GROSS,2000,32970.0,8816 SIX FORKS RD,RALEIGH,27615,BEACON CENTER PROPERTIES LLC ,8816 SIX FORKS RD STE 201,RALEIGH NC 27615-2983,,6088466,1708323679
OFC GROSS,2002,32768.0,11410 COMMON OAKS DR,RALEIGH,27614,CONCORD CORPORATE CENTER LLC ,CONCORD HOSPITALITY ENTERPRISES CO,11410 COMMON OAKS DR,RALEIGH NC 27614-7002,4584676,1830518785
SCHOOL,1987,32632.0,4700 NEW BERN AVE,RALEIGH,27610,WAKE COUNTY BOARD OF EDUCATION ,RE SERVICES DIRECTOR,1551 ROCK QUARRY RD,RALEIGH NC 27610-4145,5736434,1734059590
OFC GROSS,2000,32524.0,220 HORIZON DR,RALEIGH,27615,"VENTERS, GEORGE C SR TRUSTEE GEORGE C SR. VENTERS, SR. REVOCABLE TRUST",GEORGE VENTURES JR,3825 BARRETT DR STE 100,RALEIGH NC 27609-7221,4764930,1707367781
OFC GROSS,1981,32462.0,5711 SIX FORKS RD,RALEIGH,27609,MARLOWE MIKELS LLC ,3901 BARRETT DR STE 102,RALEIGH NC 27609-6611,,3958061,1706676817
CHURCH,2001,32425.0,3100 SANDERFORD RD,RALEIGH,27610,MT CALVARY WORD OF FAITH CHURCH INC ,PO BOX 28659,RALEIGH NC 27611-8659,,7243991,1712537327
OFC GROSS,1989,32425.0,7721 SIX FORKS RD,RALEIGH,27615,ZAPOLSKI HOLDINGS LLC ,1330 SAINT MARYS ST STE 350,RALEIGH NC 27605-3246,,4229069,1707474306
OFC GROSS,1976,32216.0,5401 SIX FORKS RD,RALEIGH,27609,MARLOWE FARMS & LAND INC ,3700 COMPUTER DR STE 280,RALEIGH NC 27609-6531,,4417326,1706569337
RESEARCH,1984,32150.0,2004 TRENTON RD,,27607,WAKE PINES LLC ,100 MATRIX DR STE 8000,CARY NC 27513-2089,,13830087,0774692842
GYM,2005,31958.0,4012 HILLTOP NEEDMORE RD,,27526,PLEASANT GROVE BAPTIST CHURCH INC ,10005 LAKE WHEELER RD,FUQUAY VARINA NC 27526-9282,,2854991,0688036506
CHURCH,2001,31900.0,10701 COMMON OAKS DR,RALEIGH,27614,WAKEFIELD UNITED METHODIST CHURCH INC ,3061 BERKS WAY STE 201,RALEIGH NC 27614-6779,,10782569,1739477952
FLEX WHSE,1997,31900.0,2401 BRENTWOOD RD,RALEIGH,27604,TL LINCOLN PARK CENTRAL PROPERTY OWNER LP LIMITED  ,TOWN LANE REAL ESTATE OPPORTUNITIES,200 PARK AVE RM 803,NEW YORK NY 10166-0025,4939188,1725001158
MED OFC GROSS,2000,31879.0,600 NEW WAVERLY PL,CARY,27518,TRIANGLE REAL ESTATE COMPANY ,113 DUNCANSBY CT,CARY NC 27511-6403,,6185809,0762646608
FLEX WHSE,1996,31860.0,2609 DISCOVERY DR,RALEIGH,27616,ZABARSKY INVESTMENTS LTD ,PO BOX 14448,RALEIGH NC 27620-4448,,4824607,1726095397
FLEX WHSE,2000,31680.0,2700 SUMNER BLVD,RALEIGH,27616,TL SUMNER BUSINESS PARK PROPERTY OWNER LP LIMITED  ,TOWN LANE REAL ESTATE OPPORTUNITIES,200 PARK AVE RM 803,NEW YORK NY 10166-0025,5788912,1727122067
CHURCH,1999,31651.0,3000 E GARNER RD,,27610,MOUNT MORIAH BAPTIST CHURCH ,3000 E GARNER RD,RALEIGH NC 27610-9678,,6122319,1740041966
REST  HM,1997,31619.0,7870 CHAPEL HILL RD,CARY,27513,ALS FINANCING II INC ,6737 W WASHINGTON ST STE 2300,MILWAUKEE WI 53214-5650,,4783992,0774046868
MULT TEN,2003,31507.0,1320 E BROAD ST,FUQUAY-VARINA,27526,1320 BROAD LLC ,11901 POSSUM TRACK RD,RALEIGH NC 27614-9613,,5211769,0667613063
OFC GROSS,1990,31383.0,2400 WESTON PKWY,CARY,27513,2400 WESTON LLC ,2400 WESTON PKWY,CARY NC 27513-5519,,9958034,0765670843
OFC GROSS,1997,31380.0,4721 HARGROVE RD,RALEIGH,27616,CQ LANDLORD MULTI LLC ,GENERAL PARTS DISTRIBUTION LLC,2635 E MILLBROOK RD,RALEIGH NC 27604-2988,4945305,1726047672
MULT TEN,1997,31373.0,200 NOTTINGHAM DR,CARY,27511,IGH INVESTMENTS LLC ,6525 DEERVIEW DR,RALEIGH NC 27606-8802,,7342681,0773642637
CHURCH,2000,31367.0,6640 TRYON RD,CARY,27518,CARY CHURCH OF CHRIST INC ,6640 TRYON RD,CARY NC 27518-7054,,7059170,0762859593
OFC GROSS,2000,31352.0,4020 WAKE FOREST RD,RALEIGH,27609,JANCO LLC ,9381 BARTONS CREEK RD,RALEIGH NC 27615-9705,,4112465,1715493255
OFC GROSS,1999,31352.0,4030 WAKE FOREST RD,RALEIGH,27609,4030 WFR HOLDINGS LLC ,8713 89TH ST,WOODHAVEN NY 11421-2034,,3322502,1715495145
CHURCH,1999,31332.0,11100 FELLOWSHIP DR,RALEIGH,27617,EAGLES NEST CHRISTIAN FELLOWSHIP CHURCH INC,11100 FELLOWSHIP DR,RALEIGH NC 27617-7780,,9228231,0758893821
LIBRARY,2005,31270.0,4000 LOUIS STEPHENS DR,CARY,27519,WAKE COUNTY ,WAKE COUNTY ATTORNEY'S OFFICE,PO BOX 550,RALEIGH NC 27602-0550,11391896,0745020080
CHURCH,1998,31230.0,100 S JUDD PKWY SE,FUQUAY-VARINA,27526,FUQUAY VARINA UNITED METHODIST CHURCH INC ,100 S JUDD PKWY SE,FUQUAY VARINA NC 27526-7273,,8230361,0666377571
OFC GROSS,1988,31193.0,6500 FALLS OF NEUSE RD,RALEIGH,27615,6500 FALLS OF NEUSE LLC ,412 GAMBIT CIR,WAKE FOREST NC 27587-6162,,3993510,1717222258
OFC GROSS,1986,31137.0,316 W EDENTON ST,RALEIGH,27603,NORTH CAROLINA ASSOCIATION OF COUNTY COMMISSIONERS ,PO BOX 27288,RALEIGH NC 27611-7288,,17735439,1703594635
NURSG HM,1992,31119.0,1000 TANDAL PL,KNIGHTDALE,27545,CSE KNIGHTDALE LP ,ATT: KRISTY MCGARVEY,303 INTERNATIONAL CIR STE 200,HUNT VALLEY MD 21030-1359,6304313,1744545054
OFC GROSS,1989,31044.0,4706 CREEDMOOR RD,RALEIGH,27612,BENSON MEMORIAL METHODIST CHURCH ,4706 CREEDMOOR RD,RALEIGH NC 27612-5802,,6584414,0796520958
OFC GROSS,1988,30996.0,4601 LAKE BOONE TRL,RALEIGH,27607,LAKE BOONE TRAIL OFFICE CENTER ASSO ,SHELTON ADCOCK,4601 LAKE BOONE TRL STE 2G,RALEIGH NC 27607-7503,3967446,0785615813
OFC GROSS,1999,30770.0,7101 CREEDMOOR RD,RALEIGH,27613,LONG SHOALS STORAGE LLC REHI LLC,4530 PARK RD STE 410,CHARLOTTE NC 28209-3790,,4733702,0797468710
CHURCH,2003,30618.0,204 SHELDEN DR,RALEIGH,27610,IGLESIA TABERNACULO PENTECOSTAL INC ,PO BOX 41242,RALEIGH NC 27629-1242,,5030769,1702746528
REST  HM,2001,30567.0,1810 N NEW HOPE RD,RALEIGH,27604,SUMMIT BHC RALEIGH LLC ,PROPERTY VALUATION SERVICES,14400 METCALF AVE,OVERLAND PARK KS 66223-2989,4069673,1724983333
CHURCH,1994,30539.0,850 HIGH HOUSE RD,CARY,27513,GENESIS UNITED METHODIST CHURCH ,850 HIGH HOUSE RD,CARY NC 27513-3507,,7237154,0754119459
OFC GROSS,1999,30536.0,9000 DEVELOPMENT DR,,27560,NOVOZYMES NORTH AMERICA INC ,77 PERRYS CHAPEL CHURCH RD,FRANKLINTON NC 27525-9677,,7390690,0737407413
OFC GROSS,1975,30535.0,326 TRYON RD,RALEIGH,27603,326 TRYON LLC ,4 STAR PT STE 204,STAMFORD CT 06902-8928,,4605821,1702415632
SCHOOL,2001,30510.0,12333 BAYLEAF CHURCH RD,,27614,SAINT LUKE THE EVANGELIST CATHOLIC PARISH OF RALEI ,12333 CLASS BAYLEAF CHURCH RD,RALEIGH NC 27614-9165,,9965243,1800724053
FLEX WHSE,2000,30498.0,180 KITTY HAWK DR,CARY,27560,PMC INC ,3008 ANDERSON DR STE 180,RALEIGH NC 27609-7787,,5523029,0757873455
OFC GROSS,2002,30430.0,6300 CHAPEL HILL RD,RALEIGH,27607,ASBURY ASSOCIATES LLC ,6310 CHAPEL HILL RD STE 250,RALEIGH NC 27607-4244,,3552249,0774925605
CHURCH,1991,30425.0,1701 BUD LIPSCOMB RD,,27592,FELLOWSHIP BAPTIST CHURCH OF WILLOW SPRING INC,1701 BUD LIPSCOMB RD,WILLOW SPRING NC 27592-9428,,4055623,0685179092
FLEX WHSE,2000,30240.0,250 HEIN DR,GARNER,27529,SELECT COMMERCIAL LLC ,6300 WESTGATE RD STE A,RALEIGH NC 27617-4754,,4919709,1730216111
CHURCH,2004,30240.0,1100 EAGLE ROCK RD,,27591,PRIMERA IGLESIA PENTECOSTAL UNIDA ,1100 EAGLE ROCK RD,WENDELL NC 27591-9048,,6490833,1774527492
OFC GROSS,1978,30237.0,2912 HIGHWOODS BLVD,RALEIGH,27604,DEBNAM PROPERTIES LLC ,2912 HIGHWOODS BLVD STE 100,RALEIGH NC 27604-1095,,4359764,1715831573
FLEX WHSE,1985,30222.0,2505 ATLANTIC AVE,RALEIGH,27604,CHAUCER 2.0 LLC ,3111 GLENWOOD AVE,RALEIGH NC 27612-5006,,5163401,1715312820
FLEX WHSE,2001,30212.0,945 STEEPLE SQUARE CT,KNIGHTDALE,27545,KNIGHTDALE TOWN OF ,950 STEEPLE SQUARE CT,KNIGHTDALE NC 27545-7655,,5156213,1754177139
SNGL TEN,1989,30195.0,4601 PARAGON PARK RD,RALEIGH,27616,MILL OUTLET VILLAGE INC ,4601 PARAGON PARK RD,RALEIGH NC 27616-3174,,3064270,1727998076
OFC GROSS,1975,30188.0,3509 HAWORTH DR,RALEIGH,27609,ATLAS STARK BARRETT DRIVE I LLC ,911 N WEST ST STE 201,RALEIGH NC 27603-2576,,3165152,1705864770
OFC GROSS,1987,30164.0,7001 PINECREST RD,RALEIGH,27613,ELECTRIC RESEARCH AND MANUFACTURING COOPERATIVE IN ,2225 INDUSTRIAL RD,DYERSBURG TN 38024-2344,,5277901,0787045221
OFC GROSS,1990,30158.0,3000 WESTON PKWY,CARY,27513,WESTON PARKWAY ASSOCIATES LLC ,1985 CEDARBRIDGE AVE STE 1,LAKEWOOD NJ 08701-7031,,4078564,0765574816
HEALTH,2003,30054.0,1400 TIMBER DR E,GARNER,27529,TIMBER DR 1400 LLC ,4400 TRILAND WAY,CARY NC 27518-2777,,5199817,1720641421
OFC GROSS,1984,30016.0,2205 WALNUT ST,CARY,27518,THE WAKE COUNTY BOARD OF EDUCATION ,WCPSS REAL ESTATE SERCIVES SR DIR,111 CORNING RD STE 100,CARY NC 27518-9299,5346662,0772791815
OFC GROSS,1985,30013.0,113 EDINBURGH SOUTH DR,CARY,27511,A&M INVESTMENTS OF WHITEVILLE LLC ,1625 S MADISON ST,WHITEVILLE NC 28472-4973,,4229248,0752839625
SNGL TEN,1978,30000.0,8401 GLENWOOD AVE,RALEIGH,27612,JRY LLC ,7412 GRIST MILL RD,RALEIGH NC 27615-5409,,5262906,0777845757
FLEX WHSE,1999,30000.0,451 HEIN DR,GARNER,27529,RAM INVESTMENTS LLC ,PO BOX 1116,GARNER NC 27529-1116,,3737111,1730303414
FLEX WHSE,1985,30000.0,0 BARROW DR,RALEIGH,27616,"LKB ARTS CENTER, LLC ",714 W JOHNSON ST,RALEIGH NC 27603-1230,,3161128,1727205584
MULT TEN,1989,29971.0,305 ASHVILLE AVE,CARY,27518,ASHLEY PROPERTIES LLC ,INCOME PROPERTIES OF RALEIGH INC,1049 DRESSER CT,RALEIGH NC 27609-7323,7128996,0762336795
CHURCH,1991,29961.0,12837 NORWOOD RD,,27613,SOAPSTONE UNITED METHODIST CHURCH ,12837 NORWOOD RD,RALEIGH NC 27613-6849,,6805791,0789977506
CHURCH,1995,29956.0,8905 RAY RD,RALEIGH,27613,KOREAN FIRST BAPTIST CHURCH OF RAL ,8905 RAY RD,RALEIGH NC 27613-1234,,4645393,0788745487
LIBRARY,1995,29898.0,7009 HARPS MILL RD,RALEIGH,27615,WAKE COUNTY ,WAKE COUNTY ATTORNEYS OFFICE,PO BOX 550,RALEIGH NC 27602-0550,9077081,1717051800
OFC GROSS,2000,29865.0,134 N MAIN ST,FUQUAY-VARINA,27526,TOWN OF FUQUAY-VARINA ,401 OLD HONEYCUTT RD,FUQUAY VARINA NC 27526-9307,,4127096,0656986311
CHURCH,1994,29782.0,12605 CAPITAL BLVD,WAKE FOREST,27587,WAKE FOREST PRESBYTERIAN CHURCH ,12605 CAPITAL BLVD,WAKE FOREST NC 27587-7490,,5753941,1831759291
FLEX WHSE,1994,29744.0,301 DOMINION DR,MORRISVILLE,27560,"DOMINION FLEX, LLC ",2307 WHITE OAK RD,RALEIGH NC 27608-1455,,4884785,0756505909
OFC GROSS,1982,29743.0,100 SHANNON DR,ZEBULON,27597,HOUSING AUTH COUNTY OF WAKE ,100 SHANNON DR,ZEBULON NC 27597-8967,,4334163,1795827780
FLEX WHSE,1984,29722.0,5220 GREENS DAIRY RD,RALEIGH,27616,AF5 RALEIGH LIGHT INDUSTRIAL LLC ,FLANAGAN BILTON  ATT: SPERO KOPITAS,1 N LA SALLE ST STE 2100,CHICAGO IL 60602-3918,5238068,1726479537
FLEX WHSE,1985,29701.0,5655 WESTERN BLVD,RALEIGH,27606,"FERRELL, GREGORY LEE SR ",PO BOX 146,DURHAM NC 27702-0146,,3144778,0784103789
MULT TEN,1984,29580.0,748 E CHATHAM ST,CARY,27511,PARRO CORPORATION ,701 E CHATHAM ST,CARY NC 27511-6964,,5544553,0764936142
REST  HM,1999,29576.0,901 SPRING ARBOR CT,APEX,27502,SPRING ARBOR APEX NC LANDLORD LLC ,FOUNDRY COMMERCIAL,40 S ORANGE AVE STE 400,ORLANDO FL 32801-2606,4014194,0742021559
SNGL TEN,1999,29498.0,8201 GLENWOOD AVE,RALEIGH,27612,LTTH LLC ,7412 GRIST MILL RD,RALEIGH NC 27615-5409,,5356083,0777934839
OFC GROSS,1998,29485.0,3514 BUSH ST,RALEIGH,27609,CROSSLAND 2.0 LLC ,3111 GLENWOOD AVE,RALEIGH NC 27612-5006,,4191186,1715570162
OFC GROSS,1999,29485.0,3508 BUSH ST,RALEIGH,27609,CROSSLAND 2.0 LLC ,3111 GLENWOOD AVE,RALEIGH NC 27612-5006,,4047726,1715469881
OFC GROSS,2001,29318.0,2880 SLATER RD,MORRISVILLE,27560,LFP - 2880 SLATER MORRISVILLE LLC ,60 BROOKFIELD LN,HENDERSONVILLE NC 28739-8106,,3406652,0756293592
OFC GROSS,1999,29280.0,3700 REGENCY PKWY,CARY,27518,JME GREENWOOD LLC FB GREENWOOD LLC,2401 WESTON PKWY STE 103,CARY NC 27513-5502,,5850816,0762216042
FLEX WHSE,1995,29274.0,2200 WESTINGHOUSE BLVD,RALEIGH,27604,TL LINCOLN PARK CENTRAL PROPERTY OWNER LP LIMITED  ,TOWN LANE REAL ESTATE OPPORTUNITIES,200 PARK AVE RM 803,NEW YORK NY 10166-0025,3990609,1714998872
SNGL TEN,2000,29266.0,10920 STAR RD,WAKE FOREST,27587,CAPITAL PROPERTIES OF WAKE FOREST LLC ,4900 LEIGH DR,RALEIGH NC 27616-2804,,7630299,1739687478
OFC GROSS,1986,29153.0,3300 GATEWAY CENTRE BLVD,CARY,27560,ANGIER ROAD INVESTORS LLC ,4004 NC 55 HWY,CARY NC 27519-8372,,4430895,0756744831
OFC GROSS,1979,29090.0,100 S MAIN ST,FUQUAY-VARINA,27526,FIDELITY BANK ,PO BOX 8,FUQUAY VARINA NC 27526-0160,,3980122,0656973586
MED OFC GROSS,2000,29088.0,3633 HARDEN RD,RALEIGH,27607,HR NORTH CAROLINA LLC ,3310 W END AVE STE 700,NASHVILLE TN 37203-1097,,7650371,0785802707
OFC GROSS,1985,29058.0,700 PONY RD,ZEBULON,27597,PONY ROAD HOLDINGS LLC ,23801 CALABASAS RD STE 2024,CALABASAS CA 91302-1568,,2686876,1795813959
FLEX WHSE,2000,28950.0,220 JAMES JACKSON AVE,CARY,27513,GLOVES 99 LLC ,% ROBERT A ALEXANDER,PO BOX 3661,CARY NC 27519-3661,5738519,0754759076
SNGL TEN,1999,28875.0,1401 PINEY PLAINS RD,CARY,27518,MEETING STREET HHG LLC ,2001 BALMORAL PL,WILMINGTON NC 28405-6212,,6995486,0773518254
FLEX WHSE,2000,28820.0,6561 MERIDIEN DR,RALEIGH,27616,TL SUMNER BUSINESS PARK PROPERTY OWNER LP LIMITED  ,TOWN LANE REAL ESTATE OPPORTUNITIES,200 PARK AVE RM 803,NEW YORK NY 10166-0025,5321915,1727027387
FLEX WHSE,1999,28820.0,6541 MERIDIEN DR,RALEIGH,27616,TL SUMNER BUSINESS PARK PROPERTY OWNER LP LIMITED  ,TOWN LANE REAL ESTATE OPPORTUNITIES,200 PARK AVE RM 803,NEW YORK NY 10166-0025,5094764,1727015887
FLEX WHSE,2000,28820.0,6551 MERIDIEN DR,RALEIGH,27616,TL SUMNER BUSINESS PARK PROPERTY OWNER LP LIMITED  ,TOWN LANE REAL ESTATE OPPORTUNITIES,200 PARK AVE RM 803,NEW YORK NY 10166-0025,3937171,1727026194
OFC GROSS,2000,28800.0,3300 REGENCY PKWY,CARY,27518,JME GREENWOOD LLC FB GREENWOOD LLC,2401 WESTON PKWY STE 103,CARY NC 27513-5502,,5351986,0762311308
OFC GROSS,2000,28800.0,3333 REGENCY PKWY,CARY,27518,JME GREENWOOD LLC FB GREENWOOD LLC,2401 WESTON PKWY STE 103,CARY NC 27513-5502,,5749769,0762219162
OFC GROSS,1987,28752.0,3221 PINECREST DR,RALEIGH,27609,NORTH CAROLINA REAL ESTATE COMM ,1313 NAVAHO DR,RALEIGH NC 27609-7444,,6030238,1715351434
FLEX WHSE,1988,28748.0,3305 DURHAM DR,RALEIGH,27603,WEEKS SHERRON & TURNER LLC ,6588 GLENWOOD AVE,RALEIGH NC 27612-7156,,3526502,1702505920
OFC GROSS,1999,28726.0,2841 PLAZA PL,RALEIGH,27612,2841 PLAZA PLACE LLC ,7101 CREEDMOOR RD,RALEIGH NC 27613-1682,,4305495,0796369888
FLEX WHSE,1998,28710.0,6521 MERIDIEN DR,RALEIGH,27616,TL SUMNER BUSINESS PARK PROPERTY OWNER LP LIMITED  ,TOWN LANE REAL ESTATE OPPORTUNITIES,200 PARK AVE RM 803,NEW YORK NY 10166-0025,6043474,1727017323
FLEX WHSE,1995,28600.0,102 KITTY HAWK DR,CARY,27560,"A&G/KITTY HAWK, LLC ",4101 ATLANTIC AVE STE 140,RALEIGH NC 27604-1734,,4939831,0757861509
MED OFC GROSS,1992,28577.0,3604 BUSH ST,RALEIGH,27609,3604 BUSH LLC ,3604 BUSH ST,RALEIGH NC 27609-7511,,5621350,1715586112
MULT TEN,1978,28519.0,7010 GLENWOOD AVE,RALEIGH,27612,"7008-7010 GLENWOOD AVE, LLC ",R SQUARED PROPERTIES,600 CALVERT ST APT 502,CHARLOTTE NC 28208-4683,3437722,0786499678
CHURCH,1987,28485.0,7900 TEN TEN RD,FUQUAY-VARINA,27603,CALVARY BAPTIST CHURCH OF RALEIGH INC ,7900 TEN TEN RD,RALEIGH NC 27603-8856,,9907671,0689877378
MED OFC GROSS,1995,28437.0,400 ASHVILLE AVE,CARY,27518,HR NORTH CAROLINA LLC ,3310 W END AVE STE 700,NASHVILLE TN 37203-1097,,6950302,0762332469
CHURCH,1987,28341.0,2965 KILDAIRE FARM RD,CARY,27518,ST FRANCIS UNITED METHODIST CHURCH ,2965 KILDAIRE FARM RD,CARY NC 27518-9615,,5232055,0761365363
OFC GROSS,1991,28270.0,2625 APPLIANCE CT,RALEIGH,27604,"ULM, WILLIAM LEE ULM, MARCIA LESTER",1500 BEACH RD UNIT 403,TEQUESTA FL 33469-2975,,5039566,1715717074
FLEX WHSE,1997,28225.0,2501 SCHIEFFELIN RD,APEX,27502,HMM INVESTMENTS I LLC ,8310 BANDFORD WAY,RALEIGH NC 27615-2752,,5051768,0751073964
MULT TEN,1985,28215.0,3630 CAPITAL BLVD,RALEIGH,27604,HARRISPARK PROPERTIES INC ,608 GASTON ST STE 200,RALEIGH NC 27603-1258,,3435712,1725373685
FLEX WHSE,2002,28200.0,5100 UNICON DR,WAKE FOREST,27587,PR WESTGATE 1 LLC ,9051 STRICKLAND RD STE 125,RALEIGH NC 27615-2084,,4821108,1739723631
FLEX WHSE,1992,28181.0,2420 RELIANCE AVE,APEX,27539,RELIANCE HOLDINGS LLC ,3901 DOVE CREEK LN,PLANO TX 75093-7542,,6631126,0751269999
NURSG HM,1999,28070.0,1110 FALLS RIVER AVE,RALEIGH,27614,NORTH RALEIGH SENIOR PROPERTIES LLC ,100 N CHERRY ST STE 605,WINSTON SALEM NC 27101-4016,,6107220,1728241975
REST  HM,2003,28039.0,551 PONY RD,ZEBULON,27597,ZEBULON HEALTH HOLDINGS LLC ,PO BOX 2568,HICKORY NC 28603-2568,,3389303,1795820815
OFC GROSS,2000,28000.0,351 WELLESLEY TRADE LN,CARY,27519,HPIII RALEIGH LLC ,1400 N WATER ST STE 500,MILWAUKEE WI 53202-4129,,4026036,0734821597
FLEX WHSE,1999,27955.0,1851 EVANS RD,CARY,27513,DRW INVESTMENTS LLC ,524 CRINIAN DR,CARY NC 27513-3408,,4276548,0755822624
FLEX WHSE,1999,27934.0,10404 CHAPEL HILL RD,MORRISVILLE,27560,ZAYTOUN FAMILY LIMITED PARTNERSHIP ,5041 SIX FORKS RD STE 200,RALEIGH NC 27609-4494,,5230780,0755096768
CHURCH,1975,27884.0,6801 TEN TEN RD,,27539,CATAWBA SPRINGS CHRISTIAN CHRCH INC ,6801 TEN TEN RD,APEX NC 27539-8692,,4829631,0780204346
CHURCH,1992,27879.0,1777 W CHATHAM ST,CARY,27513,PEACE PRESBYTERIAN CHURCH ,1777 W CHATHAM ST,CARY NC 27513-6047,,7740595,0753046795
OFC GROSS,2002,27832.0,1125 KILDAIRE FARM RD,CARY,27511,DAIREMAYNE LLC ,RHYNE MANAGEMENT ASSOC INC,5623 DURALEIGH RD STE 101,RALEIGH NC 27612-2700,5224246,0763449882
MULT TEN,1982,27830.0,7109 GLENWOOD AVE,RALEIGH,27612,MUSIC FIRST LLC ,713 E MARKET ST,SMITHFIELD NC 27577-4039,,5655644,0786491472
FLEX WHSE,2000,27726.0,102 DONMOOR CT,GARNER,27529,JHK4 LLC ,1409 REGENT PL,RALEIGH NC 27608-1917,,4860675,1701599371
OFC GROSS,1989,27725.0,7701 SIX FORKS RD,RALEIGH,27615,ZAPOLSKI HOLDINGS LLC ,1330 SAINT MARYS ST STE 350,RALEIGH NC 27605-3246,,3866063,1707474030
FLEX WHSE,1986,27685.0,335 SHERWEE DR,RALEIGH,27603,HAB PROPERTIES LLC ,333 SHERWEE DR,RALEIGH NC 27603-3521,,3151944,1702414968
OFC GROSS,1983,27684.0,4300 GLENWOOD AVE,RALEIGH,27612,"PNC BANK, NA ",INVOKE TAX PARTNERS,PO BOX 850,AURORA OH 44202-0850,3769273,0796604474
FLEX WHSE,1985,27663.0,500 UWHARRIE CT,RALEIGH,27606,PYLON INC ,501 UWHARRIE CT,RALEIGH NC 27606-6336,,4319736,0784738736
FLEX WHSE,1994,27633.0,150 DOMINION DR,MORRISVILLE,27560,DAIMLER ASSOCIATES ,PO BOX 464,RALEIGH NC 27602-0464,,4546425,0756614570
CHURCH,1986,27588.0,7000 CREEDMOOR RD,,27613,GOOD SHEPHERD LUTHERAN CHURCH RAL ,7000 CREEDMOOR RD,RALEIGH NC 27613-3652,,5446349,0797563106
OFC GROSS,1986,27540.0,3141 JOHN HUMPHRIES WYND,RALEIGH,27612,3141 PROPERTIES LLC ,3141 JOHN HUMPHRIES WYND,RALEIGH NC 27612-5438,,3962813,0785668090
FLEX WHSE,1998,27500.0,2660 DISCOVERY DR,RALEIGH,27616,DISCOVERY PROPERTIES LLC ,107 SEAGRAVE PL,MORRISVILLE NC 27560-7040,,4281511,1716999010
CHURCH,1975,27450.0,6020 ROCK QUARRY RD,RALEIGH,27610,EBENEZER METHODIST CHURCH ,6020 ROCK QUARRY RD,RALEIGH NC 27610-6018,,3075995,1731390797
CHURCH,2001,27394.0,2825 S WILMINGTON ST,RALEIGH,27603,"VICTORY CHURCH INTERNATIONAL, INC ",MITCHELL HORTON,1250 AVERSBORO RD,GARNER NC 27529-4225,7335968,1702540913
LIBRARY,1998,27378.0,1002 DOGWOOD DR,ZEBULON,27597,WAKE COUNTY ,WAKE COUNTY ATTORNEY'S OFFICE,PO BOX 550,RALEIGH NC 27602-0550,9061390,2706107210
OFC GROSS,1984,27357.0,117 EDINBURGH SOUTH DR,CARY,27511,JEDDY 117 LLC ,1400 CRESCENT GRN STE 100,CARY NC 27518-8118,,3763637,0752837807
OFC GROSS,1985,27275.0,820 S MAIN ST,FUQUAY-VARINA,27526,FUQUAY VARINA TOWN OF ,134 N MAIN ST,FUQUAY VARINA NC 27526-1934,,4540332,0656835564
DAY CARE,1989,27263.0,400 MATRIX DR,CARY,27513,SAS INSTITUTE INC ,ATTN: ERIN SHARP,100 SAS CAMPUS DR,CARY NC 27513-2414,5827718,0775058171
FLEX WHSE,1987,27210.0,313 US 70 HWY E,GARNER,27529,GARNER COMMERCIAL CENTER ASSOC INC ,PO BOX 464,RALEIGH NC 27602-0464,,3411177,1711903668
REST  HM,1998,27205.0,611 BROOKS ST,WAKE FOREST,27587,HCRI NORTH CAROLINA PROPERTIES III LTD PARTNERSHIP,HEALTH CARE REIT INC,4500 DORR ST,TOLEDO OH 43615-4040,2925341,1840581503
SNGL TEN,1995,27110.0,1540 MECHANICAL BLVD,GARNER,27529,RELENTLESS CHURCH INC ,1540 MECHANICAL BLVD,GARNER NC 27529-2595,,4210549,1701588959
OFC GROSS,2000,27085.0,5001 WESTON PKWY,CARY,27513,CARTER WADE PROPERTIES LLC ,7334 CHAPEL HILL RD STE 200,RALEIGH NC 27607-5000,,3799313,0765471207
OFC GROSS,1995,27045.0,1122 OBERLIN RD,RALEIGH,27605,THREE SHIPS LLC ,1122 OBERLIN RD,RALEIGH NC 27605-1275,,4895131,1704068060
REST  HM,1979,26926.0,4230 WENDELL BLVD,WENDELL,27591,WENDELL BOULEVARD TRUST ,500 CARDINAL DR,RALEIGH NC 27604-2210,,1698897,1794018793
MULT TEN,1990,26770.0,240 NEWTON RD,RALEIGH,27615,NEWTON RETAIL AND STORAGE LLC ,DEVELOPMENT MANAGEMENT INC,5950 FAIRVIEW RD STE 525,CHARLOTTE NC 28210-3146,4243957,1707546542
CHURCH,1977,26734.0,3417 ROLESVILLE RD,,27591,BETHANY BAPTIST CHURCH OF WENDELL INC ,3417 ROLESVILLE RD,WENDELL NC 27591-9764,,4522137,1766422993
MULT TEN,1999,26690.0,1391 SE MAYNARD RD,CARY,27511,1391 MAYNARD LLC ,PO BOX 499,HOLLY SPRINGS NC 27540-0499,,5619057,0764928069
OFC GROSS,1985,26685.0,1140 KILDAIRE FARM RD,CARY,27511,1140 BUILDING LLC ,1140 KILDAIRE FARM RD STE 302,CARY NC 27511-7600,,3857957,0763443159
FLEX WHSE,1988,26684.0,1739 RIGBY ST,RALEIGH,27603,DTS LAND CLASS 1 LLC ,1020 DICKINSON CIR,RALEIGH NC 27614-8603,,2786114,1703409555
OFC GROSS,1995,26682.0,1001 AVIATION PKWY,MORRISVILLE,27560,SBP OFFICE OWNER L.P LIMITED PARTNERSHIP ,1255 23RD ST NW,WASHINGTON DC 20037-1125,,4636036,0756505559
FLEX WHSE,1985,26448.0,5710 CAPITAL BLVD,RALEIGH,27616,BROUGHTON & BAILEY PROPERTIES ,PO BOX 464,RALEIGH NC 27602-0464,,2777146,1726492472
MULT TEN,1975,26275.0,112 W VANCE ST,FUQUAY-VARINA,27526,TART PROPERTIES OF NC LLC ,116 W ACADEMY ST,FUQUAY VARINA NC 27526-2103,,2568774,0656963901
MULT TEN,1999,26240.0,6405 WESTGATE RD,RALEIGH,27617,6421 WESTGATE REALTY LLC ,6421 OLD WESTGATE RD,RALEIGH NC 27617-4630,,4644933,0778038002
MUNC BLD,1993,26110.0,100 TOWN HALL DR,MORRISVILLE,27560,MORRISVILLE TOWN OF ,100 TOWN HALL DR,MORRISVILLE NC 27560-8147,,10415883,0755046455
OFC GROSS,1987,26083.0,2925 HUNTLEIGH DR,RALEIGH,27604,"MCGEE, JOSEPH E MCGEE, LINDA C",3900 SOUTHALL RD,RALEIGH NC 27604-4955,,3426615,1725046502
FLEX WHSE,1997,25978.0,601 HUTTON ST,RALEIGH,27606,PYLON INC ,501 UWHARRIE CT STE E,RALEIGH NC 27606-1470,,5085039,0784835277
CHURCH,1990,25924.0,1005 WILBON RD,FUQUAY-VARINA,27526,ROMAN CATHOLIC DIOCESE OF RALEIGH ,7200 STONEHENGE DR,RALEIGH NC 27613-1622,,8465209,0657129684
MED OFC GROSS,1991,25880.0,1001 SHELDON DR,CARY,27513,CV ENTERPRISE LLC ,1001 SHELDON DR STE 101,CARY NC 27513-2079,,6040794,0755601801
OFC GROSS,2004,25806.0,200 TRANS AIR DR,MORRISVILLE,27560,TRANS AIR DRIVE PARTNERS LLC ,PO BOX 3661,CARY NC 27519-3661,,3510130,0756345343
CHURCH,1994,25804.0,5608 TEN TEN RD,,27539,FAIRVIEW BAPTIST CHURCH OF APEX ,5608 TEN TEN RD,APEX NC 27539-8352,,6189555,0770534403
MED OFC GROSS,1985,25780.0,2610 NEW BERN AVE,RALEIGH,27610,"BEBE ROSE PROPERTIES, LLC ",746 E FRANKLIN ST,CHAPEL HILL NC 27514-3824,,5310755,1724103307
CHURCH,2003,25702.0,6175 OLD JENKS RD,APEX,27523,INTERNATIONAL CHURCH OF THE FOURSQUARE GOSPEL,6175 OLD JENKS RD,APEX NC 27523-8243,,6945896,0742398706
OFC GROSS,1990,25673.0,7200 FALLS OF NEUSE RD,RALEIGH,27615,"GT & UNC, LLC ",107 SEAGRAVE PL,MORRISVILLE NC 27560-7040,,3450076,1717160219
CHURCH,1980,25664.0,3313 WADE AVE,RALEIGH,27607,UNITARIAN-UNIVERSALIST FELLOWSHIP ,3313 WADE AVE,RALEIGH NC 27607-4123,,7430170,0794469422
OFC GROSS,2002,25663.0,2101 GATEWAY CENTRE BLVD,CARY,27560,LARZ CARY LLC ,1330 SAINT MARYS ST STE 350,RALEIGH NC 27605-3246,,3293457,0756826752
FLEX WHSE,1999,25632.0,1801 GARNER STATION BLVD,GARNER,27603,TI LINCOLN PARK SOUTH PROPERTY OWNER LP LIMITED PA ,200 PARK AVE RM 803,NEW YORK NY 10166-0025,,3947101,1701089710
OFC GROSS,1985,25620.0,110 MACKENAN DR,CARY,27511,COC REAL ESTATE CO LLC ,110 MACKENAN DR STE 300,CARY NC 27511-7901,,4743297,0752625841
MULT TEN,1988,25550.0,3540 MAITLAND DR,RALEIGH,27610,ASLAN 3540 MAITLAND DRIVE LLC ,9650 STRICKLAND RD STE 103-324,RALEIGH NC 27615-1902,,3793135,1724359035
FLEX WHSE,1986,25486.0,1800 TILLERY PL,RALEIGH,27604,PAUL A TILLERY COMMERCIAL RENTALS ,PO BOX 6308,RALEIGH NC 27628-6308,,4030991,1714273847
GYM,1985,25478.0,4201 GREEN RD,RALEIGH,27604,RALEIGH CITY OF ,PO BOX 590,RALEIGH NC 27602-0590,,9514115,1726018231
REST  HM,1983,25367.0,809 W CHATHAM ST,CARY,27511,CC SOP1 LLC ,1270 25TH STREET PL SE,HICKORY NC 28602-9848,,4646229,0763193720
SNGL TEN,1995,25338.0,8721 GLENWOOD AVE,RALEIGH,27617,"MITCHELL, WARREN D TRUSTEE WILLIAM DOUGLAS MITCHELL FAMILY TRUST",ATLANTIC SPAS & BILLARDS,8721 GLENWOOD AVE,RALEIGH NC 27617-7421,4247386,0777573604
OFC GROSS,1979,25326.0,3020 HIGHWOODS BLVD,RALEIGH,27604,DEBNAM PROPERTIES LLC ,2912 HIGHWOODS BLVD STE 100,RALEIGH NC 27604-1095,,4238741,1715746030
OFC GROSS,2004,25300.0,1101 NOWELL RD,RALEIGH,27607,HUBER LLC ,1101 NOWELL RD STE 110,RALEIGH NC 27607-5242,,3701888,0774843698
MULT TEN,1999,25300.0,1950 S MAIN ST,WAKE FOREST,27587,MAIN STREET DEVELOPMENT COMPANY LLC ,2006 S MAIN ST STE 210,WAKE FOREST NC 27587-9391,,4897052,1830818263
CHURCH,1986,25269.0,10005 LAKE WHEELER RD,,27526,PLEASANT GROVE BAPTIST CHURCH INC ,10005 LAKE WHEELER RD,FUQUAY VARINA NC 27526-9282,,4192804,0688130318
CHURCH,1988,25248.0,614 GRIFFIS ST,CARY,27511,CARY PRESBYTERIAN CHURCH INC ,614 GRIFFIS ST,CARY NC 27511-3706,,7926109,0763293006
MULT TEN,2000,25200.0,140 MORRISVILLE SQUARE WAY,MORRISVILLE,27560,MORRISVILLE SQUARE LLC ,207 TORREY PINES DR,CARY NC 27513-3440,,7218092,0755037204
FLEX WHSE,1997,25200.0,150 THOMAS MILL RD,HOLLY SPRINGS,27540,CDP LEASING INC ,148 THOMAS MILL RD,HOLLY SPRINGS NC 27540-9372,,3272625,0649341035
FLEX WHSE,1997,25186.0,2008 S MAIN ST,WAKE FOREST,27587,LLOYDS OF WAKE FOREST LLC ,PO BOX 638,WAKE FOREST NC 27588-0638,,4436439,1830802887
OFC GROSS,2002,25164.0,9051 STRICKLAND RD,RALEIGH,27615,ZEBRA PROPERTIES LLC ,8319 SIX FORKS RD STE 201,RALEIGH NC 27615-2108,,4616153,1708416689
OFC GROSS,1993,25136.0,5001 HOSPITALITY CT,CARY,27560,AERIAL CENTER REALTY CORP ,AEW CAPITAL MANAGEMENT,2 SEAPORT LN STE 1600,BOSTON MA 02210-2047,3061092,0756572516
OFC GROSS,1995,25012.0,114 EDINBURGH SOUTH DR,CARY,27511,KNIER PROPERTIES LLC ,PO BOX 129,CARY NC 27512-0129,,3811026,0752931817
FLEX WHSE,1998,25000.0,1010 CLASSIC RD,APEX,27539,CLASSIC ROAD HOLDINGS LLC ,1157 SWEET HEATHER LN,APOPKA FL 32712-4505,,6991403,0751266253
OFC GROSS,2000,24998.0,7201 CREEDMOOR RD,RALEIGH,27613,LONG SHOALS STORAGE LLC REHI LLC,4530 PARK RD STE 410,CHARLOTTE NC 28209-3790,,3818309,0797477096
CHURCH,1996,24962.0,8701 FALLS OF NEUSE RD,,27615,NORTH RALEIGH CHURCH OF CHRIST ,8701 FALLS OF NEUSE RD,RALEIGH NC 27615-3517,,5750272,1718415694
OFC GROSS,1996,24942.0,2800 SLATER RD,MORRISVILLE,27560,YOGI OF RALEIGH INC ,8705 STAGE FORD RD,RALEIGH NC 27615-1826,,4757038,0756286909
OFC GROSS,1991,24897.0,300 GREGSON DR,CARY,27511,TRANS WORLD RADIO ,PO BOX 8700,CARY NC 27512-8700,,7042637,0752728802
MED OFC GROSS,2003,24864.0,3214 CHARLES B ROOT WYND,RALEIGH,27612,MASH ASSOCIATES LLC ,3214 CHARLES B ROOT WYND STE 217,RALEIGH NC 27612-5440,,4622993,0785653959
CHURCH,2003,24840.0,590 BRYAN DR,APEX,27502,CORPORATION OF THE PRESIDING BISHOP OF THE CHURCH OF JESUS CHRIST OF,TAX ADM DIV 548-0469,50 E NORTH TEMPLE RM 2225,SALT LAKE CITY UT 84150-0022,8821176,0742018118
OFC GROSS,1994,24658.0,234 FRIENDSHIP CHAPEL RD,WAKE FOREST,27587,WAKE FOREST TOWN OF ,301 BROOKS ST,WAKE FOREST NC 27587-2901,,4707148,1840346835
OFC GROSS,2001,24634.0,150 RUSH ST,RALEIGH,27603,RUSH STREET ASSOCIATES LLC ,PO BOX 27705,RALEIGH NC 27611-7705,,4139020,1702556419
OFC GROSS,1979,24592.0,1312 ANNAPOLIS DR,RALEIGH,27608,SWANLAKE HOLDINGS LLC ,8201 DAVISHIRE DR,RALEIGH NC 27615-1878,,4343774,1704163542
SNGL TEN,2003,24486.0,4927 NEW BERN AVE,RALEIGH,27610,MDC MERCURY 2604 PROPCO 5 LP ,LEGAL DEPARTMENT,11995 EL CAMINO REAL,SAN DIEGO CA 92130-2539,4481397,1734257214
OFC GROSS,2004,24436.0,110 CAPCOM AVE,WAKE FOREST,27587,ONG 110 CAPCOM AVE LLC ,2509 VICTORIA PARK LN,RALEIGH NC 27614-6858,,3084763,1830903980
CHURCH,1992,24406.0,401 CREECH RD,GARNER,27529,SOLID ROCK MINISTRY INTERNATIONAL INC,PO BOX 26535,RALEIGH NC 27611-6535,,4811090,1711753132
FUNERAL,1984,24396.0,2500 POOLE RD,RALEIGH,27610,LEA FUNERAL AND CREMATORY HOLDINGS LLC ,ALMA LUCILLE THOMAS LEA MANAGER,615 BAYBUSH DR,RALEIGH NC 27615-3182,6212400,1713767381
OFC GROSS,2000,24385.0,200 SORRELL GROVE CHURCH RD,MORRISVILLE,27560,VCG INVESTORS LLC ,905 WILLIAMSON DR,RALEIGH NC 27608-2307,,3370869,0756273688
VET CLIN,2003,24359.0,6405 TRYON RD,CARY,27518,TERRAVET CARY LLC ,33 ROCK HILL RD STE 320,BALA CYNWYD PA 19004-2056,,4782189,0772154735
FLEX WHSE,1998,24324.0,6101 WESTGATE RD,RALEIGH,27617,6101 WESTGATE ROAD LLC ,R SQUARED PROPERTIES,600 CALVERT ST APT 502,CHARLOTTE NC 28208-4683,3333879,0778334545
MULT TEN,1990,24300.0,3514 CAPITAL BLVD,RALEIGH,27604,NO 1 EAST VENTURES LTD PARTNERSHIP ,1314 QUEENSBERRY RD,CARY NC 27511,,3118755,1725361393
OFC GROSS,1985,24272.0,7610 FALLS OF NEUSE RD,RALEIGH,27615,SALISBURY MALL LP ,BARNETT PROPERTIES LLC,1775 GRAHAM AVE STE 201,HENDERSON NC 27536-2997,2777681,1717084597
CHURCH,2003,24201.0,4216 KILDAIRE FARM RD,,27539,TRIANGLE COMMUNITY CHURCH OF FUQUAY VARINA,4216 KILDAIRE FARM RD,APEX NC 27539-8148,,5953130,0750936917
MUNC BLD,2003,24106.0,128 S MAIN ST,HOLLY SPRINGS,27540,HOLLY SPRINGS TOWN OF ,TOWN ATTORNEY,PO BOX 8,HOLLY SPRINGS NC 27540-0008,8150512,0649913710
DAY CARE,2001,24061.0,5511 AVENT FERRY RD,RALEIGH,27606,CASPAR PARK OF NC INC ,5511 AVENT FERRY RD,RALEIGH NC 27606-4235,,5985378,0782389385
MUNC BLD,1997,24012.0,912 SEVENTH AVE,GARNER,27529,GARNER TOWN OF ,900 7TH AVE,GARNER NC 27529-3796,,7218178,1711221312
FLEX WHSE,1997,24000.0,251 DOMINION DR,MORRISVILLE,27560,AC DOMINION LLC ,119 BRUCE DR,CARY NC 27511-6303,,5076585,0756518145
FLEX WHSE,1984,23952.0,544 PYLON DR,RALEIGH,27606,ROBERT GORRELL LLC ,3631 ALAMANCE DR,RALEIGH NC 27609-6305,,4315782,0784738430
MULT TEN,1997,23950.0,3601 CAPITAL BLVD,RALEIGH,27604,B & C CENTER LLC ,6513 JADE TREE LN,RALEIGH NC 27615-6914,,4302885,1725277142
STOR/OFC,1996,23750.0,301 GLENWOOD AVE,RALEIGH,27603,GLENWOOD CENTER LLC ,C/O BLUE RIDGE REALTY INC,2501 BLUE RIDGE RD STE 280,RALEIGH NC 27607-6367,7790520,1704403696
MULT TEN,1984,23740.0,7201 GLENWOOD AVE,RALEIGH,27612,BURROWS 7201 LLC ,8281 HILLSIDE DR,RALEIGH NC 27612-7221,,4741595,0786490558
MULT TEN,1997,23736.0,2900 SPRING FOREST RD,RALEIGH,27616,SCG-SPRING FOREST LLC ,S COAST COMMERCIAL LLC,23B SHELTER COVE LN STE 202,HILTON HEAD SC 29928-3586,5192795,1726161357
VET CLIN,1993,23652.0,2010 N SALEM ST,APEX,27523,TOWN & COUNTRY KENNELS ,2010 N SALEM ST,APEX NC 27523-8206,,3058456,0742891288
CHURCH,1989,23629.0,608 LIONS CLUB RD,WENDELL,27591,SAINT EUGENE PARISH OF WENDELL ,PO BOX 188,WENDELL NC 27591-0188,,6173740,1793075101
FLEX WHSE,2005,23562.0,1609 HERITAGE COMMERCE CT,WAKE FOREST,27587,NMS WAKE FOREST LLC ,1621 SWEETWATER LN,RALEIGH NC 27610-9412,,5376607,1840314734
FLEX WHSE,1997,23550.0,1911 EVANS RD,CARY,27513,DRW INVESTMENTS LLC ,524 CRINIAN DR,CARY NC 27513-3408,,3603102,0755822828
FLEX WHSE,2001,23545.0,3453 APEX PEAKWAY,APEX,27502,PEAKWAY DEVELOPMENT LLC ,PO BOX 1798,APEX NC 27502-2798,,8060978,0741445499
FLEX WHSE,2000,23520.0,6300 LIMOUSINE DR,RALEIGH,27617,JTC COMPANY LLC ,107 SEAGRAVE PL,MORRISVILLE NC 27560-7040,,4307224,0778135105
OFC GROSS,1997,23500.0,9001 AERIAL CENTER PKWY,CARY,27560,AERIAL CENTER REALTY CORP ,AEW CAPITAL MANAGEMENT,2 SEAPORT LN STE 1600,BOSTON MA 02210-2047,3027802,0756565319
CHURCH,1986,23477.0,2208 BENSON RD,,27529,GARNER CHURCH OF GOD ,2208 BENSON RD,GARNER NC 27529-7416,,4191118,1619660695
FLEX WHSE,1995,23456.0,5809 DEPARTURE DR,RALEIGH,27616,CONTECH PROPERTIES ,PO BOX 12491,RALEIGH NC 27605-2491,,4266966,1726192484
FLEX WHSE,1996,23400.0,5250 OLD WAKE FOREST RD,RALEIGH,27609,KAN HOLDINGS LLC ,2069 TOAD HOLLOW TRL,APEX NC 27502-9500,,3353866,1716755365
OFC GROSS,1995,23384.0,8001 AERIAL CENTER PKWY,CARY,27560,AERIAL CENTER REALTY CORP ,AEW CAPITAL MANAGEMENT,2 SEAPORT LN STE 1600,BOSTON MA 02210-2047,3042699,0756565723
FLEX WHSE,1999,23329.0,5808 DEPARTURE DR,RALEIGH,27616,VISION CHURCH INC ,5808 DEPARTURE DR STE 101,RALEIGH NC 27616-1934,,3823604,1726194150
OFC GROSS,1986,23328.0,1027 US 70 HWY W,GARNER,27529,"BALL, FORREST H ",10117 OLD STAGE RD,RALEIGH NC 27603-9569,,2378818,1701856699
OFC GROSS,1985,23200.0,1205 FRONT ST,RALEIGH,27609,NORTHSIDE INVESTMENT PARTNER LLC ,FCA PARTNERS LLC,300 S TRYON ST STE 420,CHARLOTTE NC 28202-3393,2360929,1715347434
FLEX WHSE,1988,23200.0,5500 ATLANTIC SPRINGS RD,RALEIGH,27616,SPRING FOREST SQUARE NC LLC ,1015 EAST BLVD,CHARLOTTE NC 28203-5713,,4070078,1716974298
OFC GROSS,1990,23198.0,130 EDINBURGH SOUTH DR,CARY,27511,EDINBURGH CARY OFFICE LLC ,POER CRE-ATLANTA,PO BOX 250509,ATLANTA GA 30325-1509,3181652,0752840262
OFC GROSS,1995,23177.0,1600 EVANS RD,CARY,27513,NORTH CAROLINA DENTAL SOCIETY ,1600 EVANS RD,CARY NC 27513-2790,,3659781,0755925061
LIBRARY,1995,23167.0,2100 SHEPHERDS VINEYARD DR,APEX,27502,APEX TOWN OF ,PO BOX 250,APEX NC 27502-0250,,7322142,0752158499
CHURCH,2001,23135.0,8304 LEESVILLE RD,RALEIGH,27613,TABERNACLE BAPTIST CHURCH OF RAL ,8304 LEESVILLE RD,RALEIGH NC 27613-1001,,14737227,0788505008
CLUB HSE,1997,23034.0,3808 EDWARDS MILL RD,RALEIGH,27612,RALEIGH CITY OF ,PO BOX 590,RALEIGH NC 27602-0590,,19588566,0785964984
OFC GROSS,2000,22998.0,111 REALTORS WAY,CARY,27513,RALEIGH WAKE BOARD OF REALTOR INC ,111 REALTORS WAY,CARY NC 27513-8616,,8909292,0765679657
OFC GROSS,1990,22820.0,3916 SUNSET RIDGE RD,RALEIGH,27607,"BEAUX DEGAS, LLC ",3104 SURREY RD,DURHAM NC 27707-5150,,3823159,0785617053
OFC GROSS,1975,22732.0,8016 GLENWOOD AVE,RALEIGH,27612,KEYSTONEPLACE LLC ,8809 ROYALWOOD CT,RALEIGH NC 27613-7529,,2876380,0787130096
SCHOOL,1976,22689.0,5604 SPRING CT,RALEIGH,27616,ST THOMAS MORE ACADEMY INC ,4641 PARAGON PARK RD,RALEIGH NC 27616-3406,,4875215,1726260707
MULT TEN,1987,22600.0,1604 NORTH MARKET DR,RALEIGH,27609,"DOAN, TRI DOAN, TAMMY",TRI PLAZA LLC,3809 MITCHELL MILL RD,RALEIGH NC 27616-8566,2840812,1716515165
OFC GROSS,1977,22463.0,4905 WATERS EDGE DR,RALEIGH,27606,TRI ARC FOOD SYSTEMS INC ,4905 WATERS EDGE DR,RALEIGH NC 27606-2405,,2242267,0783364557
FLEX WHSE,1988,22400.0,5540 ATLANTIC SPRINGS RD,RALEIGH,27616,SPRING FOREST SQUARE NC LLC ,1015 EAST BLVD,CHARLOTTE NC 28203-5713,,4063088,1716976693
MULT TEN,1998,22210.0,3027 CAPITAL BLVD,RALEIGH,27604,MCGEE PROPERTIES L L C ,PO BOX 464,RALEIGH NC 27602-0464,,3573992,1725140490
OFC GROSS,1985,22148.0,1203 FRONT ST,RALEIGH,27609,NORTHSIDE INVESTMENT PARTNER LLC ,300 S TRYON ST STE 200,CHARLOTTE NC 28202-3393,,2561438,1715345469
OFC GROSS,1976,22072.0,4900 WATERS EDGE DR,RALEIGH,27606,SPS INVESTMENT LLC ,16 BAYSWATER PL,CHAPEL HILL NC 27517-8635,,2736385,0783361962
MED OFC GROSS,2001,22050.0,3921 SUNSET RIDGE RD,RALEIGH,27607,HTA-SUNSET RIDGE TWO LLC ,3310 W END AVE STE 700,NASHVILLE TN 37203-1097,,4305554,0785606795
MULT TEN,2005,22042.0,3322 HERITAGE TRADE DR,WAKE FOREST,27587,HERITAGE REALTY OF CHAPEL HILL LLC ,214 COLLINSON DR,CHAPEL HILL NC 27514-6745,,6158047,1840318331
SNGL TEN,1998,21907.0,5020 ATLANTIC AVE,RALEIGH,27616,5020 ATLANTIC AVENUE LLC ,5020 ATLANTIC AVE,RALEIGH NC 27616-1866,,3653385,1716859507
OFC GROSS,1988,21900.0,3809 COMPUTER DR,RALEIGH,27609,COLUMBUS AVE PROPERTIES LLC ,3300 LANDOR RD,RALEIGH NC 27609-7013,,2965695,1705982028
FLEX WHSE,2000,21894.0,7041 OLD WAKE FOREST RD,RALEIGH,27616,540 COMMERCE CENTER LLC ,11520 DURANT RD,RALEIGH NC 27614-9755,,3973790,1727313809
OFC GROSS,1981,21891.0,5701 MCCRIMMON PKWY,MORRISVILLE,27560,ADAMS CONCRETE PRODUCTS CO KINSTON ,333 N GREENE ST STE 500,GREENSBORO NC 27401-2186,,1932801,0746822319
OFC GROSS,2000,21880.0,1031 NOWELL RD,RALEIGH,27607,PG II LLC ,518 PLAZA BVLD,KINSTON NC 28501,,3927989,0774843306
MULT TEN,1982,21878.0,1411 AVERSBORO RD,GARNER,27529,BALL RENTALS LLC ,1401 AVERSBORO RD STE 206,GARNER NC 27529-3980,,4391854,1710470853
SCHOOL,1980,21868.0,116 E NORTH ST,ZEBULON,27597,ZEBULON BAP CH TRS ,116 E NORTH ST,ZEBULON NC 27597-2718,,4299476,2705363040
OFC GROSS,2001,21852.0,4400 SIX FORKS RD,RALEIGH,27609,FIRST CITIZENS BANK & TRUST COMPANY ,COLD RIVER LAND  LLC,PO BOX 2249,CUMMING GA 30028-6501,7792487,1706601960
OFC GROSS,1986,21850.0,2300 GATEWAY CENTRE BLVD,CARY,27560,2300 GATEWAY LLC ,DREW COOK,2300 GATEWAY CENTRE BLVD STE 200,MORRISVILLE NC 27560-9669,2928583,0756824800
FLEX WHSE,1988,21832.0,200 POWELL DR,RALEIGH,27606,J&M COMMERCIAL PROPERTIES LLC ,RHYNE MGMT ASSOC INC,5623 DURALEIGH RD STE 101,RALEIGH NC 27612-2700,2961290,0784424313
MED OFC GROSS,1977,21768.0,3900 BROWNING PL,RALEIGH,27609,FLAGSHIP BROWNING RALEIGH LLC ,2701 COLTSGATE RD STE 300,CHARLOTTE NC 28211-3594,,4038139,1705878358
CHURCH,1980,21767.0,7304 FALLS OF NEUSE RD,RALEIGH,27615,ST PHILIPS LUTHERAN CHURCH ,2500 NEW BERN AVE,RALEIGH NC 27610-1819,,4036303,1717077119
OFC GROSS,1990,21713.0,200 HORIZON DR,RALEIGH,27615,SIX FORKS CAPITAL LLC ,200 HORIZON DR STE 100,RALEIGH NC 27615-4947,,3413404,1707368983
OFC GROSS,1997,21700.0,155 US 70 HWY W,GARNER,27529,70 EAST LLC ,3524 CHOPLINSHIRE WAY,APEX NC 27539-7489,,2858553,1711615199
MED OFC GROSS,1993,21615.0,4207 LAKE BOONE TRL,RALEIGH,27607,EGMP 4207 LAKE BOONE TRAIL LLC ,RYAN LLC,PO BOX 92129,SOUTHLAKE TX 76092-0102,5385544,0785816689
OFC GROSS,2001,21600.0,5651 DILLARD DR,CARY,27518,CROSSLAND 2.0 LLC ,3111 GLENWOOD AVE,RALEIGH NC 27612-5006,,3122293,0772795810
SNGL TEN,1976,21600.0,2401 ATLANTIC AVE,RALEIGH,27604,ATLANTIC AVE - RALEIGH LLC ,2825 SOUTH BLVD STE 300,CHARLOTTE NC 28209-1920,,4455692,1715208717
OFC GROSS,1982,21572.0,121 EDINBURGH SOUTH DR,CARY,27511,121 EDINBURGH CARY OFFICE OWNER LLC ,PO BOX 20197,ATLANTA GA 30325-0197,,3444242,0752834978
NURSG HM,1999,21559.0,7133 ROCK SERVICE STATION RD,,27603,RALEIGH RECOVERY CENTER LLC ,665 GRAND AVE STE 200,DES MOINES IA 50309-1363,,2124574,1606795171
SNGL TEN,1990,21551.0,6022 DURALEIGH RD,RALEIGH,27612,HEAD SHOT HOLDINGS LLC ,102 PHEASANT WOOD CT,MORRISVILLE NC 27560-9200,,2298193,0786584561
FLEX WHSE,1987,21372.0,3029 STONY BROOK DR,RALEIGH,27604,TRAWICK COMMERCIAL CENTER LLC ,PO BOX 464,RALEIGH NC 27602-0464,,2612848,1725136142
OFC GROSS,1983,21365.0,3300 HIGH HOUSE RD,CARY,27519,DUKE UNIVERSITY HEALTH SYSTEM INC ,2200 W MAIN ST STE L110,DURHAM NC 27705-4686,,5373027,0733196685
OFC GROSS,2000,21340.0,120 TOWERVIEW CT,CARY,27513,JME TOWERVIEW LLC REALTY INVESTMENTS LLC,2401 WESTON PKWY STE 103,CARY NC 27513-5502,,3732056,0754653967
OFC GROSS,1988,21280.0,2321 CRABTREE BLVD,RALEIGH,27604,PIGEON HOUSE BRANCH PARTNERS LLC ,122 GLENWOOD AVE STE 200,RALEIGH NC 27603-4776,,3268134,1714581011
FLEX WHSE,1996,21240.0,1801 NW MAYNARD RD,CARY,27513,MAHEN LLC ,8717 BRAXWOOD PL,RALEIGH NC 27617-8705,,3806121,0754940865
MULT TEN,1999,21220.0,1241 S MAIN ST,WAKE FOREST,27587,"JINBA NC, LLC ",IGNACIO CARDONA,125 COUNTY RD,DEMAREST NJ 07627-2433,3433769,1840259681
CHURCH,1995,21168.0,2308 N NEW HOPE RD,RALEIGH,27604,LONGVIEW BAPTIST CHURCH OF RAL INC ,2308 N NEW HOPE RD,RALEIGH NC 27604-4836,,4481341,1725819241
FLEX WHSE,2005,21122.0,1445 MECHANICAL BLVD,GARNER,27529,MECHANICAL PROPERTIES LLC ,7424 CHAPEL HILL RD,RALEIGH NC 27607-5079,,3119608,1701972072
OFC GROSS,1982,21062.0,3120 POPLARWOOD CT,RALEIGH,27604,COLLEGE FOUNDATION INC ,PO BOX 41966,RALEIGH NC 27629-1966,,2876232,1715726889
FLEX WHSE,2001,21057.0,3411 INTEGRITY DR,RALEIGH,27529,DSH CAPITAL LLC ,4020 WESTCHASE BLVD STE 530,RALEIGH NC 27607-3977,,3658111,1722404630
FLEX WHSE,2003,21053.0,6100 MADDRY OAKS CT,RALEIGH,27616,WPB PROPERTIES LLC ,6100 MADDRY OAKS CT,RALEIGH NC 27616-3156,,4537943,1727106131
REST  HM,2005,21029.0,1205 W GANNON AVE,ZEBULON,27597,ZEBULON ASSISTED LIVING LLC ,PO BOX 130,SANFORD NC 27331-0130,,2398972,1795545574
FLEX WHSE,1997,21000.0,160 DONMOOR CT,GARNER,27529,"MASSENGILL, EMORY C TRUSTEE EMORY C MASSENGILL LIVING TRUST",4811 COMELIA DR,RALEIGH NC 27603-4201,,3202375,1701680963
OFC GROSS,1997,20980.0,325 S WINGATE ST,WAKE FOREST,27587,BOYS CLUB OF WAKE COUNTY INC THE ,701 N RALEIGH BLVD,RALEIGH NC 27610-1692,,2427778,1841313133
MED OFC GROSS,1994,20962.0,2308 WESVILL CT,RALEIGH,27607,FLAGSHIP WESVILL ASC RALEIGH LLC ,PROPERTY VALUATION SERVICES,14400 METCALF AVE,OVERLAND PARK KS 66223-2989,4153435,0795013757
MED OFC GROSS,1988,20835.0,2418 BLUE RIDGE RD,RALEIGH,27607,EGMP 2418 BLUE RIDGE LLC ,RYAN LLC,PO BOX 92129,SOUTHLAKE TX 76092-0102,4804523,0785714347
SNGL TEN,1991,20832.0,3720 CAPITAL BLVD,RALEIGH,27604,3720 CAPITAL BLVD LLC ,PO BOX 3141,ATLANTIC BEACH NC 28512-3141,,3674346,1725374922
FLEX WHSE,1987,20816.0,2720 DISCOVERY DR,RALEIGH,27616,KNIGHTDALE HOLDINGS LLC ,500 CARDINAL DR,RALEIGH NC 27604-2210,,3689141,1726086665
LIBRARY,1988,20737.0,908 SEVENTH AVE,GARNER,27529,WAKE COUNTY ,WAKE COUNTY ATTORNEY'S OFFICE,PO BOX 550,RALEIGH NC 27602-0550,3864951,1711224161
OFC GROSS,1984,20736.0,2900 HIGHWOODS BLVD,RALEIGH,27604,EAGLE ROCK 50 LLC ,2900 HIGHWOODS BLVD STE 200,RALEIGH NC 27604-1036,,2264891,1715833228
CHURCH,1993,20703.0,8509 PENNY RD,,27606,PENNY ROAD CHURCH OF THE NAZARENE INC (NAME CHANGE),8509 PENNY RD,RALEIGH NC 27606-9121,,4386911,0771512325
SNGL TEN,1990,20664.0,1490 US 70 HWY W,GARNER,27529,RE GARNER LLC ,BROWN RUDNICK LLP,185 ASYLUM ST FL 38,HARTFORD CT 06103-3463,3504017,1701585350
OFC GROSS,1984,20644.0,2301 STONEHENGE DR,RALEIGH,27615,STONEHENGE DRIVE PROPERTIES LLC ,K KEVIN NESHAT,300 CARPATHIAN WAY,RALEIGH NC 27615-1615,2369589,0797573463
FLEX WHSE,1999,20600.0,100 RAND PARK DR,GARNER,27529,NMS RAND GBC LLC ,411 SE OSCEOLA ST STE 200,STUART FL 34994-2509,,3238802,1711816088
CHURCH,1997,20550.0,1524 JENKINS RD,,27587,CORPORATION PRESIDING BISHOP CHURCH JESUS CHRIST LATTER DAY SAINTS,TAX ADM DIV 546-2134,50 E NORTH TEMPLE RM 2225,SALT LAKE CITY UT 84150-0022,4424082,1831583980
FLEX WHSE,1994,20416.0,2741 NOBLIN RD,RALEIGH,27604,HMER PROPERTIES LLC ,3701 WHITE CHAPEL WAY,RALEIGH NC 27615-1657,,3553315,1714988797
FLEX WHSE,1989,20341.0,7517 PRECISION DR,RALEIGH,27617,WATERFORD GRAYLYN LLC ,7517 PRECISION DR,RALEIGH NC 27617-8404,,3725440,0768971055
FLEX WHSE,1985,20320.0,5800 MCHINES PL,RALEIGH,27616,THEMILLSKIDS LLC ,5800 MCHINES PL STE 110,RALEIGH NC 27616-1952,,2984093,1726071720
OFC GROSS,1975,20296.0,3610 BUSH ST,RALEIGH,27609,KARE PARTNERS LLC ,2675 COURT DR,GASTONIA NC 28054-1478,,2423251,1715582098
MULT TEN,2003,20282.0,900 W WILLIAMS ST,APEX,27502,TOREG APEX LLC ,120 WILLIAM PENN PLZ,DURHAM NC 27704-2150,,6438813,0732947456
SNGL TEN,1986,20252.0,8609 JERSEY CT,RALEIGH,27617,6421 WESTGATE REALTY LLC ,6421 OLD WESTGATE RD,RALEIGH NC 27617-4630,,2292931,0778121079
FLEX WHSE,1991,20250.0,2011 N RALEIGH BLVD,RALEIGH,27604,"F9 PROPERTIES, LLC ",2350 WO SMITH DR,LAWRENCEBURG TN 38464-7387,,3302205,1714793327
MULT TEN,2002,20194.0,3611 SPRING FOREST RD,RALEIGH,27616,K-5 ASSOCIATES LLC ,4040 ED DR STE 201,RALEIGH NC 27612-8090,,4920097,1726465618
OFC GROSS,1995,20180.0,130 N JUDD PKWY NE,FUQUAY-VARINA,27526,WAKE COUNTY ,WAKE COUNTY ATTORNEY'S OFFICE,PO BOX 550,RALEIGH NC 27602-0550,5335424,0666580237
MED OFC GROSS,2003,20172.0,115 CRESCENTCOMMONS DR,CARY,27518,HR NORTH CAROLINA LLC ,3310 W END AVE STE 700,NASHVILLE TN 37203-1097,,4972036,0762525295
MED OFC GROSS,2002,20170.0,11081 FOREST PINES DR,RALEIGH,27614,ANGEL'S LANDING LLC ,1501 SUNRISE AVE,RALEIGH NC 27608-2667,,5084030,1830404202
FLEX WHSE,2004,20160.0,10501 LIGON MILL RD,WAKE FOREST,27587,401 INC ,319 CHAPANOKE RD STE 102,RALEIGH NC 27603-3433,,3085821,1830812516
CHURCH,2002,20155.0,2500 PINE VILLAGE RD,RALEIGH,27615,RIVERTREE CHURCH ,6894 LITCHFORD RD,RALEIGH NC 27615-7113,,4775116,1717939321
OFC GROSS,2000,20064.0,1000 DARRINGTON DR,CARY,27513,S & K PARTNERSHIP LLC ,1000 DARRINGTON DR STE 105,CARY NC 27513-8134,,4109418,0754469093
MULT TEN,1996,20017.0,8800 HARVEST OAKS DR,RALEIGH,27615,HARVEST PLAZA DEVELOPERS LLC ,5306 SIX FORKS RD STE 101,RALEIGH NC 27609-4468,,5182967,1708133692
OFC GROSS,1987,20016.0,9001 GLENWOOD AVE,RALEIGH,27617,AAG OPERATIONS LLC ,9101 GLENWOOD AVE,RALEIGH NC 27617-7507,,3948345,0777294630
FLEX WHSE,1999,20000.0,118 INTERNATIONAL DR,MORRISVILLE,27560,INTERNATIONAL DRIVE PARTNERS LLC ,2700 BRASSFIELD RD,CREEDMOOR NC 27522-8709,,3331474,0755385556
MED OFC GROSS,1995,20000.0,1010 HIGH HOUSE RD,CARY,27513,HIRSCH & SONS INC ,2720 CARTIER DR,RALEIGH NC 27608-1204,,4428184,0754026623
CHURCH,1982,20000.0,9500 DURANT RD,RALEIGH,27614,DEVOTED CITY CHURCH ,9500 DURANT RD,RALEIGH NC 27614-9721,,4092979,1728627559
FLEX WHSE,1988,20000.0,1310 CORPORATION PKWY,RALEIGH,27610,CORPORATION PKWY LLC ,PO BOX 61457,RALEIGH NC 27661-1457,,3788975,1724851626
CHURCH,1999,19958.0,574 BRYAN DR,APEX,27502,TEMPLE CORPORATION OF THE CHURCH OF JESUS CHRIST OF LATTER-DAY SAINTS,TAX ADM DIV 550-8525,50 E NORTH TEMPLE RM 2225,SALT LAKE CITY UT 84150-0022,12190836,0742111338
FUNERAL,1977,19940.0,1200 BENSON RD,GARNER,27529,"LEE, P ALEX LEE, MARY S",PO BOX 24,GARNER NC 27529-0024,,3063635,1710671178
OFC GROSS,1988,19890.0,7412 ACC BLVD,RALEIGH,27617,R J PARTNERSHIP ,PO BOX 90127,RALEIGH NC 27675-0127,,2371069,0768962595
FLEX WHSE,1994,19884.0,700 BLUE RIDGE RD,RALEIGH,27606,PYLON INC ,501 UWHARRIE CT STE E,RALEIGH NC 27606-1470,,3456679,0784728824
OFC GROSS,1975,19864.0,7545 CHAPEL HILL RD,CARY,27513,PUBLIC SERVICE CO OF N C INC ,1720 HILLSBOROUGH ST,RALEIGH NC 27605-1785,,15330736,0774234821
MULT TEN,1989,19856.0,5808 DURALEIGH RD,RALEIGH,27612,WIDGEON ASSOCIATES LLC ,1205 KINGS GRANT DR,RALEIGH NC 27614-9355,,4379787,0786573160
CHURCH,1975,19854.0,1120 VANDORA SPRINGS RD,GARNER,27529,GARNER ADVENT CHRISTIAN CHURCH INC ,1120 VANDORA SPRINGS RD,GARNER NC 27529-3719,,3990581,1711001687
FLEX WHSE,1989,19850.0,234 E JOHNSON ST,CARY,27513,CSK PROPERTIES LLC ,PO BOX 4734,CARY NC 27519-4734,,3250392,0764632549
OFC GROSS,1990,19836.0,1390 CAPITAL BLVD,RALEIGH,27603,URBAN MINISTRIES OF WAKE CNTY INC ,1390 CAPITAL BLVD,RALEIGH NC 27603-1118,,4065863,1704852906
NURSG HM,1990,19776.0,601 LAKESIDE DR,GARNER,27529,LAWNDALE MANOR REAL ESTATE LLC ,17250 DALLAS PKWY,DALLAS TX 75248-1136,,2303930,1710493069
SNGL TEN,1990,19766.0,5640 CAPITAL BLVD,RALEIGH,27616,"HAINES, HUDSON H JR ",2036 RIDGE RD,RALEIGH NC 27607-3146,,2940037,1726492200
FLEX WHSE,2005,19736.0,8471 GARVEY DR,RALEIGH,27616,MICHAEL PROPERTIES LLC ,4601 PARAGON PARK RD,RALEIGH NC 27616-3174,,4049432,1728718405
MED OFC GROSS,2000,19561.0,916 S MAIN ST,FUQUAY-VARINA,27526,SMBC LEASING AND FINANCE INC ,PROPERTY VALUATION SERVICES,14400 METCALF AVE,OVERLAND PARK KS 66223-2989,5034096,0656921653
OFC GROSS,1984,19558.0,4901 WATERS EDGE DR,RALEIGH,27606,WATERS EDGE INVESTMENTS LLC ,550 COUNTRY CLUB DR,GREENSBORO NC 27408-5710,,2056150,0783366781
FLEX WHSE,1995,19552.0,5440 ATLANTIC SPRINGS RD,RALEIGH,27616,SPRING FOREST SQUARE NC LLC ,1015 EAST BLVD,CHARLOTTE NC 28203-5713,,3636439,1716963936
FLEX WHSE,1976,19500.0,5825 TRIANGLE DR,RALEIGH,27617,SOUTHERN COMMERCIAL PROPERTIES LLC SERIES 9 ,6300 WESTGATE RD STE A,RALEIGH NC 27617-4754,,3311510,0778514574
OFC GROSS,2001,19500.0,910 PAVERSTONE DR,RALEIGH,27615,MALONE GROUP LLC ,910 PAVERSTONE DR,RALEIGH NC 27615-4701,,2607117,1707182187
FLEX WHSE,1984,19500.0,5200 GREENS DAIRY RD,RALEIGH,27616,AF5 RALEIGH LIGHT INDUSTRIAL LLC ,FLANAGAN BILTON  ATT: SPERO KOPITAS,1 N LA SALLE ST STE 2100,CHICAGO IL 60602-3918,3203845,1726478177
FLEX WHSE,1989,19460.0,621 HUTTON ST,RALEIGH,27606,PYLON INC ,501 UWHARRIE CT STE E,RALEIGH NC 27606-1470,,3475701,0784825695
FLEX WHSE,1996,19440.0,625 HUTTON ST,RALEIGH,27606,PYLON INC ,501 UWHARRIE CT STE E,RALEIGH NC 27606-1470,,3319797,0784822520
NURSG HM,1999,19424.0,1130 FALLS RIVER AVE,RALEIGH,27614,NORTH RALEIGH SENIOR PROPERTIES LLC ,100 N CHERRY ST STE 605,WINSTON SALEM NC 27101-4016,,4494350,1728252286
OFC GROSS,1989,19370.0,5909 FALLS OF NEUSE RD,RALEIGH,27609,"5909 FALLS HOLDINGS, LLC ",1201 EDWARDS MILL RD STE 300,RALEIGH NC 27607-3625,,3745798,1716295176
STOR/OFC,2002,19355.0,1401 AVERSBORO RD,GARNER,27529,BALL RENTALS LLC ,1401 AVERSBORO RD STE 206,GARNER NC 27529-3980,,2899571,1710389089
SCHOOL,2001,19345.0,5000 LEAD MINE RD,RALEIGH,27612,GREEK ORTHODOX COMM INC OF RAL INC ,5000 LEAD MINE RD,RALEIGH NC 27612-3434,,3084439,0796742148
FLEX WHSE,2004,19329.0,7409 ACC BLVD,RALEIGH,27617,SKAN REAL ESTATE INC ,7409 ACC BLVD STE 200,RALEIGH NC 27617-1920,,3846688,0768968093
FLEX WHSE,2001,19323.0,3401 ATLANTIC AVE,RALEIGH,27604,NEW ATLANTIC INVESTORS LLC ,PO BOX 6526,RALEIGH NC 27628-6526,,3593605,1715774147
MED OFC GROSS,1986,19322.0,3521 HAWORTH DR,RALEIGH,27609,3521 HAWORTH DRIVE LLC ,PO BOX 6309,RALEIGH NC 27628-6309,,3052487,1705864817
GYM,2004,19305.0,15 MAIN ST,KNIGHTDALE,27545,KNIGHTDALE BAPTIST CHURCH ,15 MAIN ST,KNIGHTDALE NC 27545-9601,,1580171,1754420445
OFC GROSS,1981,19300.0,2809 E MILLBROOK RD,RALEIGH,27604,NORTH RALEIGH MINISTRIES INC ,9650 STRICKLAND RD STE 175,RALEIGH NC 27615-2082,,3648756,1726342547
OFC GROSS,1983,19264.0,4312 BLAND RD,RALEIGH,27609,REDAN ASSOCIATES LLC ,PO BOX 10181,RALEIGH NC 27605-0181,,2247396,1716404786
FLEX WHSE,1999,19264.0,2501 RELIANCE AVE,APEX,27539,PRODUCTION RELIANCE LLC ,2503 RELIANCE AVE,APEX NC 27539-6347,,4097934,0751257024
STOR/OFC,2000,19257.0,101 KEYBRIDGE DR,MORRISVILLE,27560,SUELEE LLC ,6701 GOOD HOPE CHURCH RD,CARY NC 27519-8869,,3403760,0755235537
MULT TEN,2005,19200.0,1731 TRAWICK RD,RALEIGH,27604,HM & HN LLC ,6309 SPARKLING BROOK DR,RALEIGH NC 27616-5039,,3972517,1724560641
SNGL TEN,2004,19154.0,6008 GLENWOOD AVE,RALEIGH,27612,GLENWOOD DEBLYN LLC ,2530 WALNUT ST STE 110,CARY NC 27518-9214,,4021813,0786869329
OFC GROSS,2001,19140.0,100 TOWERVIEW CT,CARY,27513,TOWERVIEW ASSOCIATES LLC ,PO BOX 3661,CARY NC 27519-3661,,3196170,0754652708
SNGL TEN,1995,19116.0,1460 US 70 HWY W,GARNER,27529,"WILLIFORD, MARGARET E ",203 BONICA CREEK DR,GARNER NC 27529-5093,,2242261,1701670868
FLEX WHSE,2005,19110.0,910 WINDY RD,APEX,27502,KC2 ENTERPRISES LLC ,218 EDINBURGH DR,CARY NC 27511-6408,,4662419,0742672084
CHURCH,2003,19107.0,1220 S STATE ST,RALEIGH,27610,CHURCH OF GOD OF PROPHECY ,PO BOX 14053,RALEIGH NC 27620-4053,,7383925,1713130369
SNGL TEN,2002,19094.0,1605 NW MAYNARD RD,CARY,27513,SWIFT INVESTMENTS LLC ,108 ANSLEY WALK LN,CARY NC 27518-5731,,3812493,0754734970
OFC GROSS,2001,19052.0,1111 BURMA DR,APEX,27539,COUSINS INVESTMENTS I LLC ,PO BOX 30007,CHARLOTTE NC 28230-0007,,4230379,0751141725
SNGL TEN,2000,19050.0,1201 MAMMOTH DR,KNIGHTDALE,27545,SALTER PATH CAMP GROUND INC ,PO BOX 2323,ATLANTIC BEACH NC 28512-2323,,4899221,1744961482
MULT TEN,1997,18983.0,3721 LYNN RD,RALEIGH,27613,LYNNWOOD ROAD CENTER LLC ,300 CARPATHIAN WAY,RALEIGH NC 27615-1615,,4069867,0787425677
FLEX WHSE,1995,18970.0,201 JAMES JACKSON AVE,CARY,27513,WEATHERFIELD ASSOCIATES LLC ,ATTN: ROB ALEXANDER,PO BOX 3661,CARY NC 27519-3661,4162003,0754748492
OFC GROSS,1998,18960.0,916 ROCK QUARRY RD,RALEIGH,27610,MONTE'S HOLDING COMPANY INC ,918 ROCK QUARRY RD,RALEIGH NC 27610-3949,,2356568,1713344597
FLEX WHSE,1997,18952.0,121 SIGMA DR,GARNER,27529,DISCOVERY PROPERTIES LLC ,107 SEAGRAVE PL,MORRISVILLE NC 27560-7040,,2778495,1730210559
FLEX WHSE,1999,18850.0,400 DOMINION DR,MORRISVILLE,27560,"AVIATION CENTRE III ASSOC LLC LITTLE, MAYLON E",5000 HERMITAGE DR,RALEIGH NC 27612-2714,,3319096,0756418261
FLEX WHSE,1983,18816.0,6320 ANGUS DR,RALEIGH,27617,VIREO PROPERTIES LLC ,5121 KINGDON WAY SUITE 200,RALEIGH NC 27607,,2270824,0778115525
DAY CARE,2000,18816.0,1305 GLENWOOD AVE,RALEIGH,27605,METHODIST HOME FOR CHILDREN INC THE ,1041 WASHINGTON ST,RALEIGH NC 27605-1259,,7214232,1704446614
FLEX WHSE,1999,18771.0,4821 HARGROVE RD,RALEIGH,27616,BIN - HR4821 LLC ,3600 SOUTH BLVD STE 250,CHARLOTTE NC 28209-0066,,2142645,1726065224
OFC GROSS,1984,18704.0,1318 DALE ST,RALEIGH,27605,JAW PROPERTIES LLC ,1318 DALE ST,RALEIGH NC 27605-1350,,2672316,1704547887
OFC GROSS,1985,18680.0,7500 SIX FORKS RD,RALEIGH,27615,SIX FORKS OFFICE ASSOCIATES LLC LEESVILLE PARTNERS LLC,2601 OBERLIN RD STE 100,RALEIGH NC 27608-1319,,2625512,1707469430
OFC GROSS,1999,18604.0,2500 REGENCY PKWY,CARY,27518,RCH PROPERTIES LLC ,10980 S OCEAN DR APT 814,JENSEN BEACH FL 34957-2693,,3547317,0762227392
DAY CARE,1990,18573.0,3311 CARL SANDBURG CT,RALEIGH,27610,"FRANKIE LEMMON SCHOOL AND DEVELOPMENT CENTER, INC. ",3311 CARL SANDBURG CT,RALEIGH NC 27610-2047,,5702391,1723491451
OFC GROSS,2001,18492.0,10224 DURANT RD,RALEIGH,27614,JONES ALPHIN REAL ESTATE HOLDINGS LLC,5600 MATRIX FARM DR,WAKE FOREST NC 27587-2001,,2039654,1728247472
REST  HM,1975,18454.0,4200 HILLTOP NEEDMORE RD,,27526,JERNIGAN COMMERCIAL PROPERTIES LLC ,119 S FUQUAY AVE,FUQUAY VARINA NC 27526-2210,,189120,0678939705
OFC GROSS,2005,18452.0,7621 PURFOY RD,FUQUAY-VARINA,27526,BEST BUDDIES LLC ,311 JARCO DR,FUQUAY VARINA NC 27526-2901,,2491180,0666795648
FLEX WHSE,2000,18444.0,4809 HARGROVE RD,RALEIGH,27616,CLF PROPERTIES LLC ,4809 HARGROVE RD STE 105,RALEIGH NC 27616-1849,,2979088,1726054715
MED OFC GROSS,1978,18408.0,3410 EXECUTIVE DR,RALEIGH,27609,DUKE UNIVERSITY ,CORP TAX DEPT,2200 W MAIN ST STE 300,DURHAM NC 27705-4677,4202704,1715366530
MULT TEN,2003,18375.0,2147 TEN TEN RD,APEX,27539,MOJAC 2 LLC ,PO BOX 28929,RALEIGH NC 27611-8929,,3996698,0751470207
FLEX WHSE,1986,18349.0,6301 CHAPEL HILL RD,RALEIGH,27607,TEAL PROPERTIES ,1205 KINGS GRANT DR,RALEIGH NC 27614-9355,,3390294,0774923254
CHURCH,1992,18336.0,7633 BUFFALOE RD,,27616,VISION BAPTIST CHURCH INC ,7633 BUFFALOE RD,RALEIGH NC 27616-6807,,5160335,1746619306
FLEX WHSE,1985,18225.0,5608 SPRING CT,RALEIGH,27616,GHL PROPERTIES LLC ,5101 RIVER RD STE 110,BETHESDA MD 20816-1560,,2125216,1726179116
CHURCH,1975,18205.0,555 SW MAYNARD RD,CARY,27511,"IGLESIA CRISTIANA DE CARY, INC ",555 SW MAYNARD RD,CARY NC 27511-4310,,3021491,0763151677
OFC GROSS,1985,18200.0,6404 FALLS OF NEUSE RD,RALEIGH,27615,JDAL TRUST ,1101 DRESSER CT,RALEIGH NC 27609-7327,,2246452,1717213829
OFC GROSS,1981,18175.0,5800 FARINGDON PL,RALEIGH,27609,NC COMMUNITY DEVELOPMENT INITIATIVE INC ,PO BOX 1331,DURHAM NC 27702-1331,,3499076,1716282688
FLEX WHSE,1999,18124.0,8411 GARVEY DR,RALEIGH,27616,DURANT BUSINESS CENTER LLC ,6588 GLENWOOD AVE,RALEIGH NC 27612-7156,,3005287,1728703781
MULT TEN,1981,18120.0,1401 SE MAYNARD RD,CARY,27511,WCWSR LLC ,701 E CHATHAM ST,CARY NC 27511-6964,,4908936,0764929624
OFC GROSS,1985,18104.0,1130 KILDAIRE FARM RD,CARY,27511,JME WAKE OFFICES LLC RGE WAKE OFFICES LLC,2401 WESTON PKWY STE 103,CARY NC 27513-5502,,2292869,0763444597
CHURCH,1999,18071.0,726 METHOD RD,RALEIGH,27607,OAK CITY BAPTIST CHURCH ,PO BOX 33286,RALEIGH NC 27636-3286,,3806222,0794026466
OFC GROSS,1993,18036.0,800 BENSON RD,GARNER,27529,FHG PROPERTIES LLC ,8505 OLD PONDEROSA CIR,RALEIGH NC 27603-9270,,2995249,1711500173
SNGL TEN,1993,18035.0,2500 GLENWOOD AVE,RALEIGH,27608,CAROLINA COUNTRY CLUB CO ,2500 GLENWOOD AVE,RALEIGH NC 27608-1002,,7400028,1705142194
FLEX WHSE,2001,18023.0,8431 GARVEY DR,RALEIGH,27616,DURANT BUSINESS CENTER LLC ,6588 GLENWOOD AVE,RALEIGH NC 27612-7156,,3116070,1728706923
OFC GROSS,1998,18000.0,421 RALEIGH VIEW RD,RALEIGH,27610,D H GRIFFIN HOLDING CO LLC ,5842 FARINGDON PL STE 1,RALEIGH NC 27609-3930,,1601694,1702866985
FLEX WHSE,1999,18000.0,1081 CLASSIC RD,APEX,27539,"Z-BROTHERS INVESTMENTS, LLC ",1081 CLASSIC RD,APEX NC 27539-4402,,4520544,0751153855
FLEX WHSE,2001,18000.0,1071 CLASSIC RD,APEX,27539,"H & N REAL PROPERTY HOLDINGS, LLC ",1071 CLASSIC RD,APEX NC 27539-4402,,4736940,0751155852
OFC GROSS,1985,17967.0,1150 SE MAYNARD RD,CARY,27511,TKAB INVESTMENTS LLC ,131 WIND CHIME CT,RALEIGH NC 27615-6433,,1821186,0774000493
OFC GROSS,2004,17952.0,1210 TRINITY RD,CARY,27513,FIFTY4FORTY LLC ,1210 TRINITY RD,CARY NC 27513-6245,,3173790,0774441730
OFC GROSS,1984,17938.0,6120 ST GILES ST,RALEIGH,27612,POOLER HOLDINGS LLC ,12205 BRETON LN,RALEIGH NC 27613-5626,,2002736,0786767249
FLEX WHSE,1997,17928.0,5450 OLD WAKE FOREST RD,RALEIGH,27609,OWF LLC ,PO BOX 58635,RALEIGH NC 27658-8635,,2908921,1716769003
OFC GROSS,1987,17920.0,1815 KILDAIRE FARM RD,CARY,27518,FIRST FLIGHT FEDERAL CREDIT UNION ,1815 KILDAIRE FARM RD,CARY NC 27518-6562,,3380602,0762544706
OFC GROSS,2002,17920.0,2609 ATLANTIC AVE,RALEIGH,27604,ATLANTIC FORKS LLC ,2413 ANDERSON DR,RALEIGH NC 27608-1405,,2612689,1715338036
SCHOOL,2000,17912.0,130 TOWNE VILLAGE DR,CARY,27513,A & G CHESTERBROOK LLC ,ATLANTIC INVESTMENT MANAGEMENT LLC,4104 ATLANTIC AVE STE 140,RALEIGH NC 27604-1803,6003997,0744709014
MULT TEN,1990,17907.0,509 W WHITAKER MILL RD,RALEIGH,27608,"BARTHOLOMEW, W T TRUSTEE ",955 N MAIN ST,LOUISBURG NC 27549-2148,,10789869,1704573745
FLEX WHSE,2001,17852.0,4720 HARGROVE RD,RALEIGH,27616,HARGROVE CENTER II LLC ,ATLANTIC INVESTMENT MANAGEMENT LLC,4104 ATLANTIC AVE STE 140,RALEIGH NC 27604-1803,2168095,1726143851
OFC GROSS,2000,17808.0,5816 CREEDMOOR RD,RALEIGH,27612,SADIKA INC ,5816 CREEDMOOR RD STE 103,RALEIGH NC 27612-2310,,2585244,0796497056
OFC GROSS,1996,17790.0,5808 FARINGDON PL,RALEIGH,27609,OAK PROPERTIES III LLC ,5808 FARINGDON PL # 11,RALEIGH NC 27609-3900,,3027503,1716282849
GYM,1999,17786.0,601 W THIRD ST,WENDELL,27591,WENDELL TOWN OF ,409 LANDING VIEW DR,WENDELL NC 27591-4559,,5654775,1783393948
MED OFC GROSS,1991,17773.0,6750 TRYON RD,CARY,27518,CARY GOODLIFE REALTY LLC ,100 PARKWAY OFFICE CT STE 112,CARY NC 27518-7438,,4896010,0762759129
OFC GROSS,1996,17771.0,1610 MIDTOWN PL,RALEIGH,27609,TSNC PROPERTIES LLC ,1610 MIDTOWN PL,RALEIGH NC 27609-7551,,2677468,1715572302
OFC GROSS,1984,17764.0,4000 BLUE RIDGE RD,RALEIGH,27612,4000 BRR PROPERTIES LLC ,4000 BLUE RIDGE RD,RALEIGH NC 27612-4650,,2398636,0795588896
SNGL TEN,2000,17745.0,5717 DILLARD DR,CARY,27518,ETHAN ALLEN INC ,ETHAN ALLEN GLOBAL INC,25 LAKE AVE,DANBURY CT 06810-3317,5787324,0773506094
FLEX WHSE,1998,17733.0,158 HEIN DR,GARNER,27529,FALCON PROPERTY VENTURES LLC ,180 HEIN DR,GARNER NC 27529-8546,,2619741,1730212279
FUNERAL,1997,17725.0,2911 S WILMINGTON ST,RALEIGH,27603,STONEMOR NORTH CAROLINA LLC ,C/O STONEMOR OPERATING LLC,PO BOX 207,GLADWYNE PA 19035-0207,4195234,1702542021
OFC GROSS,1989,17703.0,202 MACKENAN DR,CARY,27511,AQUA NORTH CAROLINA INC ,202 MACKENAN DR,CARY NC 27511-6447,,3274600,0752701879
CHURCH,1996,17650.0,409 E SOUTH ST,RALEIGH,27601,UNITED HOUSE OF PRAYER ,409 E SOUTH ST,RALEIGH NC 27601-1986,,2088050,1703868220
OFC GROSS,1980,17610.0,4400 FALLS OF NEUSE RD,RALEIGH,27609,THE PLJ GROUP II INC ,871 HUFFMAN ST,GREENSBORO NC 27405-7205,,2936417,1716511457
FLEX WHSE,1998,17520.0,3200 LAKE WOODARD DR,RALEIGH,27604,RALEIGH BELTLINE PARK LLC ,PO BOX 464,RALEIGH NC 27602-0464,,2211037,1724172029
FLEX WHSE,1999,17520.0,2208 ASSOCIATE DR,,27603,401 SOUTH ASSOCIATES ,4015 LILA BLUE LN,RALEIGH NC 27612-6955,,3010942,0689504163
MULT TEN,1979,17480.0,1419 SE MAYNARD RD,CARY,27511,WCWSR LLC ,701 E CHATHAM ST,CARY NC 27511-6964,,4359697,0764929932
MED OFC GROSS,1999,17440.0,3700 NW CARY PKWY,CARY,27513,CK OF CHARLOTTE DE LLC ,1235 EAST BLVD STE E136,CHARLOTTE NC 28203-5870,,7449400,0754346463
OFC GROSS,2001,17432.0,2020 ENERGY DR,APEX,27502,PUBLIC SERVICE COMPANY OF NC INC ,C/O SCANA CORPORATION,1426 MAIN ST # L30,COLUMBIA SC 29201-5804,5105363,0741988393
MED OFC GROSS,1995,17424.0,216 ASHVILLE AVE,CARY,27518,HTA MPOC LLC ,3310 W END AVE STE 700,NASHVILLE TN 37203-1097,,0,0762442862
MULT TEN,2004,17391.0,10251 LITTLE BRIER CREEK LN,RALEIGH,27617,LITTLE BRIER CREEK ASSOC LLC ,PO BOX 17102,RALEIGH NC 27619-7102,,6388035,0768366740
OFC GROSS,2001,17361.0,101 WESTON OAKS CT,CARY,27513,INDEPENDENT INSURANCE AGNTS NC CORP NC ASSOC OF INSURANCE AGENTS INC,PO BOX 1165,CARY NC 27512-1165,,3568429,0765256184
OFC GROSS,1999,17320.0,900 S WILMINGTON ST,RALEIGH,27601,RALEIGH CITY OF ,PO BOX 590,RALEIGH NC 27602-0590,,22983050,1703648893
MED OFC GROSS,1977,17312.0,1212 CEDARHURST DR,RALEIGH,27609,CCI RALEIGH LLC ,8902 N MERDIAN ST STE 205,INDIANAPOLIS IN 46260,,5254139,1716446194
OFC GROSS,2000,17300.0,1708 TRAWICK RD,RALEIGH,27604,RAYMONT REAL ESTATE INVESTMENT LLC ,7609 RAINWATER RD,RALEIGH NC 27615-3746,,2330290,1724563188
CHURCH,1984,17297.0,7100 HARPS MILL RD,RALEIGH,27615,FALLS BIBLE CHAPEL ,3524 ROCK CREEK DR,RALEIGH NC 27609-7125,,3187651,1717151715
MULT TEN,1995,17288.0,301 ASHVILLE AVE,CARY,27518,ASHLEY PROPERTIES LLC ,INCOME PROPERTIES OF RALEIGH INC,1049 DRESSER CT,RALEIGH NC 27609-7323,3922917,0762336985
FLEX WHSE,1999,17260.0,108 THOMAS MILL RD,HOLLY SPRINGS,27540,DLWW LLC BAKER BUILDERS INC,108 200 THOMAS MILL RD,HOLLY SPRINGS NC 27540-9424,,1858029,0649348067
SNGL TEN,1999,17250.0,5410 CAPITAL BLVD,RALEIGH,27616,GUNTER REALTY LLC ,4151 GARDENLAKE DR,RALEIGH NC 27612-6953,,3131829,1726482142
OFC GROSS,2001,17236.0,1151 SE CARY PKWY,CARY,27518,JRL PROPERTIES LLC ,1151 SE CARY PKWY,CARY NC 27518-7418,,3120120,0772140734
OFC GROSS,1997,17199.0,150 CORNERSTONE DR,CARY,27519,S & K PARTNERSHIP LLC ,1000 DARRINGTON DR STE 105,CARY NC 27513-8134,,2387774,0744422176
CHURCH,1998,17197.0,911 BARRINGER DR,RALEIGH,27606,RALEIGH CHURCH OF CHRIST INC ,911 BARRINGER DR,RALEIGH NC 27606-1562,,2668503,0783272329
FLEX WHSE,2000,17196.0,515 S NEW HOPE RD,RALEIGH,27610,HIGH HOPES LLC ,PO BOX 464,RALEIGH NC 27602-0464,,2188587,1733067080
CHURCH,1981,17184.0,2525 SANDERFORD RD,RALEIGH,27610,SOUTH ATLANTIC CONFERENCE ASSOC OF ,7200 NORTH LN,RALEIGH NC 27616-6313,,3918097,1712467394
SCHOOL,1983,17174.0,130 MARTIN LUTHER KING JR BLVD,RALEIGH,27601,SHAW UNIVERSITY ,ATTN ACCOUNTS PAYABLE,118 E SOUTH ST,RALEIGH NC 27601-2341,23789669,1703753091
CHURCH,1999,17152.0,5713 YATES MILL POND RD,,27606,BETH SHALOM ,PO BOX 5161,CARY NC 27512-5161,,5388597,0782114585
CHURCH,1996,17143.0,11701 LEESVILLE RD,RALEIGH,27613,OUR LADY OF LA VANG CATHOLIC PARISH OF RALEIGH ,11701 LEESVILLE RD,RALEIGH NC 27613-8305,,6318536,0778599199
CHURCH,1997,17138.0,7300 SUNSET LAKE RD,FUQUAY-VARINA,27526,ABIDING PRESENCE LUTHERAN CHURCH ,7300 SUNSET LAKE RD,FUQUAY VARINA NC 27526-8641,,4153659,0667734312
CHURCH,1981,17095.0,7900 ZEBULON RD,,27596,CORINTH CHRISTIAN CHURCH TRUSTEES ,7900 ZEBULON RD,YOUNGSVILLE NC 27596-8814,,2993404,1861506778
OFC GROSS,2000,17088.0,1000 SOUTHHILL DR,CARY,27513,SEVEN PEARLS FOUNDATION INC ,1000 SOUTHHILL DR STE 101,CARY NC 27513-8630,,3904195,0765675647
MED OFC GROSS,2004,17079.0,801 POOLE DR,GARNER,27529,GFP PROPERTIES LLC ,801 POOLE DR,GARNER NC 27529-5207,,5144469,1710472974
VET CLIN,1997,17079.0,10220 DURANT RD,RALEIGH,27614,ALPHIN JONES REAL ESTATE HOLDINGS LLC,VCA ANIMAL HOSPITALS,12401 W OLYMPIC BLVD,LOS ANGELES CA 90064-1022,2226003,1728249337
CHURCH,2003,17040.0,8308 POOLE RD,,27545,PRIMERA ASAMBLEA DE DIOS DE RALEIGH ,PO BOX 1340,KNIGHTDALE NC 27545-1340,,3566493,1752282391
GYM,2004,17030.0,2245 GARNER RD,RALEIGH,27610,JD LEWIS FACILITY LLC ,715 BAKEWELL ST,COVINGTON KY 41011-1227,,2425293,1702977548
FLEX WHSE,1988,17029.0,140 CENTERLINE ST,RALEIGH,27603,DTS LAND CLASS 1 LLC ,1020 DICKINSON CIR,RALEIGH NC 27614-8603,,3844532,1703502737
MED OFC GROSS,1994,17007.0,400 KEISLER DR,CARY,27518,KEISLER PARTNER GROUP LLC ,530 GREENVILLE BLVD SE STE 200,GREENVILLE NC 27858-6759,,6105463,0762640857
MULT TEN,1999,17000.0,100 JERUSALEM DR,MORRISVILLE,27560,CREATIVE ART LLC ,1125 WOODLANDS CREEK WAY,APEX NC 27502-5244,,3846827,0756143702
SNGL TEN,2002,16980.0,1975 US 70 HWY E,,27529,"DANIELS, CHRISTOPHER CHILON TRUSTEE TRUSTEE OF THE WATER BABY TRUST",1975 HWY 70 E,GARNER NC 27529,,3114277,1730553199
CLUB HSE,1981,16966.0,302 PEBBLE CREEK DR,CARY,27511,KILDAIRE FARMS RACQUET & SWIM CLUB ,PO BOX 4741,CARY NC 27519-4741,,1063356,0763014661
OFC GROSS,1995,16960.0,6801 FALLS OF NEUSE RD,RALEIGH,27615,6801 FALLS INVESTMENTS LLC ,7208 FALLS OF NEUSE RD STE 201,RALEIGH NC 27615-3244,,2986281,1717142257
MULT TEN,1987,16958.0,329 N HARRISON AVE,CARY,27513,SHOPPES ON HARRISON LLC ,PO BOX 90792,RALEIGH NC 27675-0792,,4011430,0764421565
SCHOOL,2003,16910.0,1725 N NEW HOPE RD,RALEIGH,27604,ST MARKS PARRISH OF THE ,1725 N NEW HOPE RD,RALEIGH NC 27604-8304,,3283936,1724877985
OFC GROSS,2003,16872.0,229 W CENTER ST,HOLLY SPRINGS,27540,"EDWARDS, J MICHAEL BACON CAPITAL LLC",2401 WESTON PKWY STE 103,CARY NC 27513-5502,,2235607,0649912899
OFC GROSS,1986,16833.0,4112 BLUE RIDGE RD,RALEIGH,27612,"EDWARDS, J MICHAEL EDWARDS, RICKEY G",YORK PROPERTIES,2108 CLARK AVE,RALEIGH NC 27605-1606,1761292,0795693225
OFC GROSS,1996,16830.0,1513 WALNUT ST,CARY,27511,REALPRO CENTRE LLC ,536 YOUNGS RD,VASS NC 28394-9234,,2426116,0773432307
FLEX WHSE,1984,16800.0,101 WOODWINDS INDUSTRIAL CT,CARY,27511,CARY PARKWAY VENTURE LLC ,PO BOX 464,RALEIGH NC 27602-0464,,1827249,0753321098
MED OFC GROSS,1999,16704.0,1000 CRESCENT GREEN,CARY,27518,HR NORTH CAROLINA LLC ,3310 W END AVE STE 700,NASHVILLE TN 37203-1097,,4585581,0762517937
CLUB HSE,1980,16699.0,6536 DORNOCH PL,FUQUAY-VARINA,27526,BENTWINDS GOLF & COUNTRY CLUB INC ,6536 DORNOCH PL,FUQUAY VARINA NC 27526-9005,,1532212,0668826159
OFC GROSS,1998,16688.0,8811 WESTGATE PARK DR,RALEIGH,27617,8811 WESTGATE PARK DRIVE LLC ,8811 WESTGATE PARK DR,RALEIGH NC 27617-4774,,4947935,0778441225
OFC GROSS,1999,16614.0,1000 N MAIN ST,FUQUAY-VARINA,27526,SMITH WOMBLE PROPERTIES 3 LLC ,1000 N MAIN ST STE 223,FUQUAY VARINA NC 27526-2056,,2519732,0667308273
OFC GROSS,2005,16598.0,8841 WADFORD DR,RALEIGH,27616,CPAM WADFORD LLC ,3305 WESTOVER RD,DURHAM NC 27707-5026,,2473819,1738121809
OFC GROSS,1979,16534.0,4915 WATERS EDGE DR,RALEIGH,27606,KHAWAJA LLC ,728 WARLICK GREEN LN,CARY NC 27519-7762,,1659458,0783360625
CHURCH,1988,16513.0,605 E YOUNG ST,ROLESVILLE,27571,NEW BETHEL BAPTIST CHURCH ,PO BOX 148,ROLESVILLE NC 27571-0148,,3223215,1768292199
OFC GROSS,2001,16509.0,742 MCKNIGHT DR,KNIGHTDALE,27545,PRISM GROUP OF KNIGHTDALE LLC ,742 MCKNIGHT DR STE 100,KNIGHTDALE NC 27545-7764,,2232110,1754048589
OFC GROSS,1999,16480.0,3516 BUSH ST,RALEIGH,27609,PJW VENTURES LLC ,3918 WOODLAKE DR,BONITA SPRINGS FL 34134-8609,,2447265,1715570315
MULT TEN,1985,16472.0,1689 NORTH MARKET DR,RALEIGH,27609,HAB PROPERTIES LLC ,333 SHERWEE DR,RALEIGH NC 27603-3521,,1532271,1716603898
MED OFC GROSS,1996,16456.0,300 KEISLER DR,CARY,27518,CC REALTY LLC ,300 KEISLER DR,CARY NC 27518-7083,,3113658,0762548704
MULT TEN,1994,16455.0,909 SPRING FOREST RD,RALEIGH,27609,CREEDMOOR PROPERTIES LLC ,PO BOX 17102,RALEIGH NC 27619-7102,,5218268,1717106975
MULT TEN,1987,16440.0,3110 NEW BERN AVE,RALEIGH,27610,3110 NEW BERN COMMERCIAL OWNERS LLC ,PO BOX 6309,RALEIGH NC 27628-6309,,4204055,1724225186
MULT TEN,1998,16440.0,8801 LEAD MINE RD,RALEIGH,27615,GRI HARVEST LLC ,FIRST WASHINGTON REALTY INC,7200 WISCONSIN AVE STE 600,BETHESDA MD 20814-4845,4343997,1708144555
STOR/OFC,1999,16418.0,2339 TIMBER DR,GARNER,27529,"SINSARA INVESTMENTS, LLC ",923 S BEND DR,DURHAM NC 27713-7273,,2200356,1701604770
OFC GROSS,1978,16410.0,1207 FRONT ST,RALEIGH,27609,NORTHSIDE INVESTMENT PARTNER LLC ,FCA PARTNERS LLC,300 S TRYON ST STE 420,CHARLOTTE NC 28202-3393,2039201,1715348395
CHURCH,2005,16405.0,9621 SIX FORKS RD,,27615,FOUNTAIN OF RALEIGH INC ,9621 SIX FORKS RD,RALEIGH NC 27615-1628,,6398642,1708270538
FLEX WHSE,1999,16380.0,2730 ROWLAND RD,RALEIGH,27615,"PDM EQUITY, LLC ",64 PELICAN DR,WRIGHTSVILLE BEACH NC 28480-2738,,2627353,1727140941
MULT TEN,1977,16362.0,6845 KNIGHTDALE BLVD,KNIGHTDALE,27545,KNIGHT STONE LLC ,1655 WAKE DR UNIT 101,WAKE FOREST NC 27587-4746,,4037645,1744869189
MED OFC GROSS,2003,16326.0,2011 FALLS VALLEY DR,RALEIGH,27615,2011 FALLS VALLEY LLC ,203 HANCOCK ST,SMITHFIELD NC 27577-4047,,4269438,1718619704
OFC GROSS,1980,16269.0,610 RAND MILL RD,GARNER,27529,GARNER TOWN OF ,900 7TH AVE,GARNER NC 27529-3796,,3071465,1710791173
CHURCH,1980,16256.0,1100 NEWTON RD,RALEIGH,27615,GETHSEMANE EVANGELICAL LUTHERAN CHURCH ,1100 NEWTON RD,RALEIGH NC 27615-5222,,4374475,1707958102
OFC GROSS,2003,16240.0,4701 OLD WAKE FOREST RD,RALEIGH,27609,POLARONYX LASER INC ,144 OLD LYSTRA RD STE 3,CHAPEL HILL NC 27517-6613,,2965001,1716528900
OFC GROSS,1999,16206.0,4106 COMPRESSOR DR,,27520,NORTH CAROLINA NATURAL GAS CORP ,PO BOX 909,FAYETTEVILLE NC 28302-0909,,3331470,1649292424
OFC GROSS,1977,16200.0,2803 INDUSTRIAL DR,RALEIGH,27609,THOMPSON INVESTMENT GROUP II LLC ,2600 WAKE FOREST RD,RALEIGH NC 27609-7838,,1341381,1715222139
OFC GROSS,1998,16109.0,5400 ETTA BURKE CT,RALEIGH,27606,BC ETTA BURKE LLC ,5400 ETTA BURKE CT STE 201,RALEIGH NC 27606-1696,,2989260,0784421135
OFC GROSS,1996,16100.0,223 COMMONWEALTH CT,CARY,27511,BOLD WOOD PROPERTIES LLC ,416 SAINT MARYS ST,RALEIGH NC 27605-1734,,2884456,0763349040
OFC GROSS,1987,16097.0,8822 KNIGHTDALE BLVD,,27545,CAROLYNN PROPERTIES LLC ,933 THREE SISTERS RD,KNIGHTDALE NC 27545-7262,,2770843,1764750977
FLEX WHSE,1995,16020.0,2724 DISCOVERY DR,RALEIGH,27616,"STITT, RICHARD C STITT, BETH J",1309 KINGS GRANT DR,RALEIGH NC 27614-9357,,2683477,1726089718
FLEX WHSE,1975,16000.0,4425 BERYL RD,RALEIGH,27606,PYLON INC ,501 UWHARRIE CT STE E,RALEIGH NC 27606-1470,,2357322,0784847201
FLEX WHSE,1983,16000.0,5024 DEPARTURE DR,RALEIGH,27616,"ROSS, DENNIS W ROSS, SARAH P",310 W 4TH ST APT 1702,WINSTON SALEM NC 27101-2942,,1947690,1726041861
FLEX WHSE,1987,16000.0,5805 DEPARTURE DR,RALEIGH,27616,CONTECH PROPERTIES ,PO BOX 12491,RALEIGH NC 27605-2491,,2163221,1726190273
FLEX WHSE,1981,16000.0,1801 ST ALBANS DR,RALEIGH,27609,WTC HOLDING LLC ,5112 HEDDON WAY,GREENSBORO NC 27455-3432,,1747656,1715589836
FLEX WHSE,2000,15992.0,4817 HARGROVE RD,RALEIGH,27616,TRAC LIMITED PARTNERSHIP ,PO BOX 1098,WRIGHTSVILLE BEACH NC 28480-1098,,3060994,1726065028
CHURCH,1991,15985.0,6501 FOX RD,RALEIGH,27616,CHRIST COVENANT CHURCH OF RALEIGH ,6501 FOX RD,RALEIGH NC 27616-5503,,4149645,1727917331
MED OFC GROSS,2005,15964.0,11001 DURANT RD,RALEIGH,27614,HR NORTH CAROLINA LLC ,3310 W END AVE STE 700,NASHVILLE TN 37203-1097,,4213735,1718859262
OFC GROSS,1998,15960.0,310 N JUDD PKWY NE,FUQUAY-VARINA,27526,WALL TO WALL HOLDINGS LLC ,PO BOX 546,FUQUAY VARINA NC 27526-0190,,2200505,0666582953
OFC GROSS,1999,15952.0,3909 SUNSET RIDGE RD,RALEIGH,27607,"HTA-SUNSET RIDGE ONE, LLC ",3310 W END AVE STE 700,NASHVILLE TN 37203-1097,,3023900,0785609736
CHURCH,1990,15944.0,9725 FAYETTEVILLE RD,FUQUAY-VARINA,27603,CORNERSTONE FAMILY CHURCH INTERNATIONAL ,PO BOX 357,FUQUAY VARINA NC 27526-0169,,3904547,0688577356
FLEX WHSE,1978,15941.0,303 E DURHAM RD,CARY,27513,ADAMS RENTALS OF CARY LLC ,611 RALPH DR,CARY NC 27511-4048,,1666338,0764624854
CHURCH,1986,15910.0,1811 SEABROOK AVE,CARY,27511,CHURCH OF JESUS CHRIST OF LATTER-DAY SAINTS,TAX ADM DIV 526-8028,50 E NORTH TEMPLE RM 2225,SALT LAKE CITY UT 84150-0022,3782673,0762793447
FLEX WHSE,1985,15900.0,3812 TARHEEL DR,RALEIGH,27609,"METTREY, JAMES P ",4910 LEAD MINE RD,RALEIGH NC 27612-5813,,1535624,1715683211
CHURCH,1982,15859.0,1705 CURTIS DR,RALEIGH,27610,DELIVERANCE CTR CHURCH INC ,P O BOX G,RALEIGH NC 27614,,1969014,1713509444
CHURCH,1990,15825.0,8849 RAY RD,RALEIGH,27613,VESTRY OF THE CHURCH OF THE NATIVITY ,8849 RAY RD,RALEIGH NC 27613-1232,,4441868,0788730855
MED OFC GROSS,2002,15814.0,3401 CARL SANDBURG CT,RALEIGH,27610,"SANDERS, EVELYN ",3401 CARL SANDBURG CT,RALEIGH NC 27610-2049,,3596450,1723495494
RESEARCH,1996,15784.0,4000 CHI RD,,27603,NORTH CAROLINA STATE OF ,STATE PROPERTY OFFICE,116 W JONES ST,RALEIGH NC 27603-1335,14591935,0792623188
CHURCH,2003,15780.0,409 SHEPARD SCHOOL RD,ZEBULON,27597,ZEBULON BAPTIST CHURCH ,PO BOX 216,ZEBULON NC 27597-0216,,4237173,2705364198
CHURCH,1999,15776.0,1601 MARTIN LUTHER KING JR BLVD,RALEIGH,27610,MOUNT PEACE BAPTIST CHURCH ,1601 MARTIN LUTHER KING JR BLVD,RALEIGH NC 27610-3467,,9109606,1713456929
SCHOOL,1979,15769.0,7400 FALLS OF NEUSE RD,RALEIGH,27615,CONGREGATION SHA AREI ISRAEL INC ,7400 FALLS OF NEUSE RD,RALEIGH NC 27615-5315,,2728944,1717076439
FIRE STA,2004,15764.0,7045 STONY HILL RD,,27587,WAKE COUNTY ,WAKE COUNTY ATTORNEY'S OFFICE,PO BOX 550,RALEIGH NC 27602-0550,3811226,1811534340
FLEX WHSE,1997,15750.0,7424 ACC BLVD,RALEIGH,27617,GWC/ACC BOULEVARD LLC ,C/O ATLANTIC INVESTMENT MANAGEMENT,4104 ATLANTIC AVE STE 140,RALEIGH NC 27604-1803,2151389,0768960639
FLEX WHSE,1984,15744.0,5840 MCHINES PL,RALEIGH,27616,CAAM HOLDINGS LLC ,700 PARK CENTRE DR,KERNERSVILLE NC 27284-3533,,2034792,1726082096
FLEX WHSE,2001,15743.0,251 TOWERVIEW CT,CARY,27513,BAC RENTAL PROPERTIES LLC ,302 FERN VALLEY LN,APEX NC 27523-9211,,3167482,0754568739
FIRE STA,2005,15728.0,700 FLINT POINT LN,HOLLY SPRINGS,27540,HOLLY SPRINGS TOWN OF ,TOWN ATTORNEY,PO BOX 8,HOLLY SPRINGS NC 27540-0008,3155046,0659333862
OFC GROSS,1997,15722.0,1621 MIDTOWN PL,RALEIGH,27609,STATE EMPLOYEES ASSOC OF NC INC ,1621 MIDTOWN PL,RALEIGH NC 27609-7553,,3947789,1715575623
OFC GROSS,1983,15720.0,1903 N HARRISON AVE,CARY,27513,HARRISON CARY OFFICE LLC ,POER CRE-ATLANTA,PO BOX 250509,ATLANTA GA 30325-1509,1725528,0765974529
MULT TEN,1977,15634.0,2731 CAPITAL BLVD,RALEIGH,27604,"MARCONE, RACHEL MARIA W TRUSTEE OF THE KENNETH M WATKINS RVCBLE LVNG TRUST",1120 CALISTA DR,WAKE FOREST NC 27587-1856,,2471653,1715822547
OFC GROSS,1975,15627.0,6901 PINECREST RD,RALEIGH,27613,GIRL SCOUT COUNCIL OF COASTAL CAROLINA  INC ,PO BOX 91469,RALEIGH NC 27675-1469,,3091031,0787035385
MULT TEN,2005,15608.0,1881 LAKE PINE DR,CARY,27511,BROOKFIELD PROPERTIES LLC ,PO BOX 17102,RALEIGH NC 27619-7102,,4259818,0752367108
OFC GROSS,1983,15606.0,1901 N HARRISON AVE,CARY,27513,HARRISON CARY OFFICE LLC ,POER CRE-ATLANTA,PO BOX 250509,ATLANTA GA 30325-1509,1718679,0765972459
FLEX WHSE,1984,15606.0,1608 NORTH MARKET DR,RALEIGH,27609,MW NORTH MARKET LLC ,403 E SIX FORKS RD,RALEIGH NC 27609-7829,,2136925,1716517038
OFC GROSS,1998,15580.0,140 PRESTON EXECUTIVE DR,CARY,27513,"HSE PROPERTIES-140 PRESTON, LLC EDWARDS, J MICHAEL",1321 EMPLY NEST WAY,APEX NC 27502-9300,,2970824,0754028906
CHURCH,1984,15575.0,300 JONES ST,ZEBULON,27597,CHURCH OF JESUS CHRIST OF LATTER-DAY ,TAX ADM DIV 521-6575,50 E NORTH TEMPLE RM 2225,SALT LAKE CITY UT 84150-0022,3494404,2706009923
CHURCH,1988,15484.0,7215 E SIX FORKS RD,RALEIGH,27615,BETHLEHEM BAPTIST CHURCH ,ATTN ALICE MOORE-FOWLER,7215 SIX FORKS RD,RALEIGH NC 27615-6160,1866583,1707448929
OFC GROSS,1978,15472.0,3008 ANDERSON DR,RALEIGH,27609,DOUGLAS M HOBBS LLC ,343 E SIX FORKS RD STE 300,RALEIGH NC 27609-7888,,1761075,1705848228
CHURCH,1987,15432.0,1228 WILBON RD,FUQUAY-VARINA,27526,BAZZEL CREEK MISSIONARY BAPTIST CHURCH ,PO BOX 1295,FUQUAY VARINA NC 27526-1249,,2966226,0657021736
OFC GROSS,2001,15384.0,140 CENTREWEST CT,CARY,27513,BOYD CARY GSA II LLC ,CBRE RICHMOND,6641 W BROAD ST STE 101,RICHMOND VA 23230-1728,3107331,0755736210
MULT TEN,2005,15370.0,2101 S MAIN ST,WAKE FOREST,27587,CAPITAL MAIN PROPERTIES LLC ,303 OXCROFT ST,CARY NC 27519-7393,,3435351,1830801384
OFC GROSS,2001,15365.0,2860 SLATER RD,MORRISVILLE,27560,SULLIVAN SOUTHERN INVESTMENTS LLC ,2860 SLATER RD STE C,MORRISVILLE NC 27560-6413,,3037294,0756295373
DAY CARE,2005,15346.0,6010 MCCRIMMON PKWY,MORRISVILLE,27560,FREEPORT MORRISVILLE XII LLC ,FLANAGAN BILTON  ATT: SPERO KOPITAS,1 N LA SALLE ST STE 2100,CHICAGO IL 60602-3918,4965333,0746404262
MULT TEN,1984,15300.0,4400 CRAFTSMAN DR,RALEIGH,27609,V J INVESTMENTS LLC ,4410 CRAFTSMAN DR,RALEIGH NC 27609-6297,,1817770,1716606683
MUNC BLD,1987,15298.0,401 OLD HONEYCUTT RD,FUQUAY-VARINA,27526,FUQUAY VARINA TOWN OF ,134 N MAIN ST,FUQUAY VARINA NC 27526-1934,,5632670,0666598593
FLEX WHSE,1994,15296.0,1101 AVIATION PKWY,MORRISVILLE,27560,AVIATION PARKWAY ASSOCIATES LLC ,117 DUNCANSBY CT,CARY NC 27511-6403,,2974389,0756603862
OFC GROSS,1992,15288.0,101 ROSCOE TRL,CARY,27607,NORTH CAROLINA STATE OF ,STATE PROPERTY OFFICE,116 W JONES ST,RALEIGH NC 27603-1335,7548269,0775621438
SNGL TEN,2001,15258.0,205 TRYON RD,RALEIGH,27603,SALVATION ARMY THE ,PO BOX 27584,RALEIGH NC 27611-7584,,4426262,1702512107
OFC GROSS,1976,15216.0,4904 WATERS EDGE DR,RALEIGH,27606,R3D INVESTMENTS LLC ,1320 LEGENDARY LN,MORRISVILLE NC 27560-7104,,1533592,0783268961
ST/OFC/A,1985,15208.0,3116 HILLSBOROUGH ST,RALEIGH,27607,NC 3116 HILLSBOROUGH LLC ,VISTA PROPERTY GROUP HYMIE MISHAM,200 PARK AVE S STE 915,NEW YORK NY 10003-1509,4315300,0794524716
SNGL TEN,1996,15188.0,2041 WALNUT ST,CARY,27518,ROCKET WASH EXPRESS REAL ESTATE CARY CROSSROADS LL ,3723 BENSON DR,RALEIGH NC 27609-7324,,5259237,0773608579
GYM,1986,15170.0,1001 COOPER RD,RALEIGH,27610,RALEIGH CITY OF ,PO BOX 590,RALEIGH NC 27602-0590,,7514190,1723320892
FLEX WHSE,2000,15168.0,1812 TILLERY PL,RALEIGH,27604,PAUL A TILLERY COMMERCIAL RENTALS ,PO BOX 6308,RALEIGH NC 27628-6308,,2807172,1714281088
STOR/OFC,2002,15164.0,8450 CHAPEL HILL RD,CARY,27513,TRIANGLE REAL ESTATE CO ,113 DUNCANSBY CT,CARY NC 27511-6403,,3340275,0764530174
MULT TEN,1986,15158.0,1140 BENSON RD,GARNER,27529,TIMBER CROSSING OFFICE BUILDING INC ,4800 OAKWEALTH DR,FUQUAY VARINA NC 27526-6861,,1662647,1710671569
MED OFC GROSS,2003,15153.0,1921 FALLS VALLEY DR,RALEIGH,27615,MMPF III RALEIGH NC LLC ,MONTECITO MEDICAL REAL ESTATE,3807 CLEGBORN AVE STE 903,NASHVILLE TN 37215,4036902,1718624041
OFC GROSS,1986,15150.0,800 S SALISBURY ST,RALEIGH,27601,GREATER RALEIGH CHAMBER OF COMMERCE ,JIM WHITE,800 S SALISBURY ST,RALEIGH NC 27601-2202,15019727,1703655502
MULT TEN,2001,15143.0,1065 DARRINGTON DR,CARY,27513,DARRINGTON PRESTON LLC ,127 TRELLINGWOOD DR,MORRISVILLE NC 27560-7034,,3845572,0754456828
SNGL TEN,2001,15120.0,4241 LOUISBURG RD,RALEIGH,27604,EXCHANGERIGHT NET-LEASED ALL-CASH 15 DST ,9215 NORTHPARK DR,JOHNSTON IA 50131-2933,,2835789,1726513851
MULT TEN,1997,15110.0,600 S MAIN ST,ROLESVILLE,27571,GRAND PARK PROPERTIES LLC ,2636 WAIT AVE,WAKE FOREST NC 27587-6808,,2567809,1758571481
SCHOOL,2000,15072.0,3404 DAVIS DR,CARY,27519,HATCHER GROVE MISSIONARY BAPTIST CHURCH,PO BOX 232,MORRISVILLE NC 27560-0232,,3433823,0745514263
OFC GROSS,1987,15004.0,223 US 70 HWY E,GARNER,27529,H & L PROPERTIES INC ,PO BOX 1309,GARNER NC 27529-1309,,2145541,1711806862
FLEX WHSE,1986,15000.0,6216 ANGUS DR,RALEIGH,27617,KPM VENTURES LLC ,7108 SHADY GLEN LN,WAKE FOREST NC 27587-5489,,1837460,0778225421
SNGL TEN,1985,15000.0,1681 NORTH MARKET DR,RALEIGH,27609,GOODWILL INDUSTRIES OF EASTERN NORTH CAROLINA INC ,4721 EMPEROR BLVD STE 260,DURHAM NC 27703-7664,,1362499,1716602919
OFC GROSS,1980,15000.0,315 N ACADEMY ST,CARY,27513,NORTH ACADEMY ASSOCIATES LLC ,113 DUNCANSBY CT,CARY NC 27511-6403,,2402020,0764427307
OFC GROSS,1988,14968.0,800 LUFKIN RD,APEX,27539,EASTERN SERVICES HOLDINGS LLC ,RALEIGH PAVING,800 LUFKIN RD,APEX NC 27539-7050,2098858,0741933676
GYM,2003,14938.0,100 CHURCH ST,ROLESVILLE,27571,ROLESVILLE BAPTIST CHURCH INC ,PO BOX 185,ROLESVILLE NC 27571-0185,,1881977,1769118359
MULT TEN,2005,14935.0,5925 GLENWOOD AVE,RALEIGH,27612,JDV COMMERCIAL LLC ,JAMES VICENTE,5925 GLENWOOD AVE STE 100,RALEIGH NC 27612-6223,4414123,0786950692
CHURCH,1980,14929.0,1309 N ARENDELL AVE,ZEBULON,27597,LNP INC ,PARRISH REALTY C/O RENEE BAKER,PO BOX 1128,ZEBULON NC 27597-1128,1371360,2706000607
OFC GROSS,1998,14926.0,8025 CREEDMOOR RD,RALEIGH,27613,PM CREEDMOOR ROAD LLC ,PO BOX 33066,RALEIGH NC 27636-3066,,2215147,0798414663
DAY CARE,2005,14915.0,6560 TRYON RD,CARY,27518,PARKWAY HOLDINGS LLC ,H KAZAZIAN,106 BADIN LAKE CT,CARY NC 27519-9552,3927363,0762957837
FLEX WHSE,1994,14892.0,5504 COMMERCIAL AVE,RALEIGH,27612,"WOODS HOLDING, LLC ",14223 WYNDFIELD CIR,RALEIGH NC 27615-1318,,2861111,0786675109
FLEX WHSE,1996,14850.0,633 HUTTON ST,RALEIGH,27606,PYLON INC ,201 UWHARRIE CT STE E,RALEIGH NC 27606-1470,,2761803,0784728511
MULT TEN,1989,14843.0,311 ASHVILLE AVE,CARY,27518,ASHLEY PROPERTIES LLC ,INCOME PROPERTIES OF RALEIGH INC,1049 DRESSER CT,RALEIGH NC 27609-7323,3883517,0762338680
OFC GROSS,1986,14832.0,200 MACKENAN DR,CARY,27511,MID-SOUTH ENGINEERING CO ,1658 MALVERN AVE,HOT SPRINGS AR 71901-7138,,2667359,0752711224
DAY CARE,2001,14806.0,2700 WAKEFIELD PINES DR,RALEIGH,27614,PRESCHOOL ENTERPRISES LLC ,4915 WATERS EDGE DR STE 255,RALEIGH NC 27606-3370,,3841750,1729987709
OFC GROSS,2001,14795.0,4105 POOLE RD,RALEIGH,27610,AJINOMOTO NORTH AMERICA INC ,4020 AJINOMOTO DR,RALEIGH NC 27610-2911,,2034138,1723854087
FLEX WHSE,1995,14742.0,2535 ATLANTIC AVE,RALEIGH,27604,HOTH PLANETARY HOLDINGS LLC ,PO BOX 4311,PHILADELPHIA PA 19118-8311,,2746667,1715325530
FLEX WHSE,1988,14742.0,617 HUTTON ST,RALEIGH,27606,PYLON INC ,501 UWHARRIE CT STE E,RALEIGH NC 27606-1470,,2725672,0784825962
MULT TEN,2005,14734.0,7990 ARCO CORPORATE DR,RALEIGH,27617,"SERVICE RETAIL BUILDINGS, LLC ",AMERICAN ASSET CORPORATION,5950 FAIRVIEW RD STE 800,CHARLOTTE NC 28210-3194,5111198,0768557740
SNGL TEN,2005,14724.0,1002 N HARRISON AVE,CARY,27513,JORDAN FAMILY PROPERTIES LLC ,WALGREENS CO,PO BOX 1159,DEERFIELD IL 60015-6002,4394539,0764475362
OFC GROSS,1995,14720.0,200 COMMONWEALTH CT,CARY,27511,WILLIAMS DEVELOPMENT GROUP LLC ,331 HIGH ST,WINSTON SALEM NC 27101-5234,,2118500,0763346203
OFC GROSS,2004,14710.0,4900 LEIGH DR,RALEIGH,27616,CAPITAL LEIGH DRIVE PROPERTY LLC ,4900 LEIGH DR,RALEIGH NC 27616-2804,,2086232,1726352139
CHURCH,1999,14700.0,5600 FOX RD,RALEIGH,27616,BODY OF CHRIST CHURCH INC ,4501 SPRING FOREST RD,RALEIGH NC 27616-5329,,3169296,1726876020
CHURCH,1988,14699.0,505 REEDY CREEK RD,CARY,27513,HARVEST CHURCH CARY ,505 REEDY CREEK RD,CARY NC 27513-4117,,3250452,0764847214
CHURCH,1984,14682.0,1433 AVERSBORO RD,GARNER,27529,BISHOP OF THE CHURCH OF JESUS CHRIST OF LATTER DAY SAINTS,TAX ADM DIV 520-4704,50 E NORTH TEMPLE RM 2225,SALT LAKE CITY UT 84150-0022,2698931,1710470178
CHURCH,1989,14676.0,1364 BENSON RD,GARNER,27529,GARNER CHURCH OF CHRIST ,118 PARK AVE,FUQUAY VARINA NC 27526-2039,,3221274,1710668007
VET CLIN,2000,14618.0,1007 TANDAL PL,KNIGHTDALE,27545,ROWDY RIDGEBACKS HOLDINGS LLC ,4935 RALEIGH ROAD PKWY W,WILSON NC 27896-9701,,3506013,1744532798
SCHOOL,1976,14600.0,5605 SPRING CT,RALEIGH,27616,ST THOMAS MORE ACADEMY INC ,4641 PARAGON PARK RD,RALEIGH NC 27616-3406,,2256832,1726164892
CHURCH,1975,14597.0,2301 W MILLBROOK RD,RALEIGH,27612,CHURCH OF THE HOLY CROSS (ANGLICAN) INC,2301 W MILLBROOK RD,RALEIGH NC 27612-2295,,2924954,0796388203
FLEX WHSE,1994,14560.0,628 HUTTON ST,RALEIGH,27606,PYLON INC ,501 UWHARRIE CT STE E,RALEIGH NC 27606-1470,,2733002,0784821816
SNGL TEN,1991,14524.0,6808 DAVIS CIR,RALEIGH,27613,HARRISPARK PROPERTIES INC ,608 GASTON ST STE 200,RALEIGH NC 27603-1258,,2412032,0786693009
OFC GROSS,1994,14524.0,600 GERMANTOWN RD,RALEIGH,27607,GERMANTOWN LLC ,4141 BIENVILLE ST STE 100,NEW ORLEANS LA 70119-5198,,2085294,0774913723
OFC GROSS,1995,14522.0,320 N JUDD PKWY NE,FUQUAY-VARINA,27526,FUQUAY FIRST LLC ,BALL & MINOR CPA PA,1001 PROCURE ST STE 101,FUQUAY VARINA NC 27526-2697,2017692,0666593121
FLEX WHSE,1997,14496.0,2004 S MAIN ST,WAKE FOREST,27587,DWB RENTALS LLC ,1001 PROCURE ST STE 1011,FUQUAY VARINA NC 27526-2696,,2393099,1830804928
OFC GROSS,1984,14419.0,1008 BULLARD CT,RALEIGH,27615,HAVEN HOUSE INC ,600 W CABARRUS ST,RALEIGH NC 27603-9800,,1539131,1717218539
DAY CARE,1999,14415.0,150 TOWNE VILLAGE DR,CARY,27513,FREEPORT CARY XI LLC ,FLANAGAN BILTON  ATT: SPERO KOPITAS,1 N LA SALLE ST STE 2100,CHICAGO IL 60602-3918,4296377,0743796821
MULT TEN,2002,14400.0,1148 N MAIN ST,FUQUAY-VARINA,27526,BLALOCK PROPERTIES OF WAKE COUNTY LLC ,6741 ROCK SERVICE STATION RD,RALEIGH NC 27603-9399,,4373775,0667406211
CHURCH,2001,14400.0,6600 HALLELUJAH BLVD,WENDELL,27591,TRINITY FAITH FULL GOSPEL CHURCH ,PO BOX 340,WENDELL NC 27591-0340,,4543746,1775713853
OFC GROSS,1980,14400.0,1627 NAVAHO DR,RALEIGH,27609,1627 LEASING LLC ,PO BOX 1815,GOLDSBORO NC 27533-1815,,1553813,1715449412
MUNC BLD,1980,14345.0,221 N BROOKS ST,WAKE FOREST,27587,WAKE FOREST TOWN OF ,301 BROOKS ST,WAKE FOREST NC 27587-2901,,4249995,1841507602
OFC GROSS,1998,14344.0,343 S WHITE ST,WAKE FOREST,27587,"WARREN, CAROL A WARREN, JAMES S",5532 OLD STILL RD,WAKE FOREST NC 27587-9768,,2073909,1841409550
SCHOOL,1992,14341.0,9001 WESTON PKWY,CARY,27513,LUCY DANIELS CENTER FOR EARLY CHILDHOOD ,DR DONALD ROSENBLITT,9001 WESTON PKWY,CARY NC 27513-2201,4879551,0765063655
OFC GROSS,1996,14336.0,4641 PARAGON PARK RD,RALEIGH,27616,CAS PARAGON LLC ,4641 PARAGON PARK RD,RALEIGH NC 27616-3406,,2310253,1737082824
DAY CARE,1999,14325.0,800 WESTON PKWY,CARY,27513,BRIGHT HORIZONS CHILDREN'S CNTR INC ,PO BOX 9177,WATERTOWN MA 02471-9177,,3880267,0765773027
MULT TEN,2002,14300.0,6715 HILLSBOROUGH ST,RALEIGH,27606,BHOLE LLC ,PO BOX 3582,CARY NC 27519-3582,,3426483,0774519940
OFC GROSS,1991,14286.0,224 SUNNYBROOK RD,RALEIGH,27610,ALICE AYCOCK POE CENTER FOR HEALTH EDUCATION (NAME CHANGE),224 SUNNYBROOK RD,RALEIGH NC 27610-1830,,2380921,1723384854
CHURCH,1990,14270.0,2100 BUFFALOE RD,GARNER,27529,LORD OF LIFE LUTHERN CHURCH ,2100 BUFFALOE RD,GARNER NC 27529-5161,,2468808,1710113240
OFC GROSS,1986,14252.0,201 COMMONWEALTH CT,CARY,27511,CLT VENTURES LLC ,1012 MARKET ST STE 101,FORT MILL SC 29708-6537,,2234927,0763440238
OFC GROSS,1994,14237.0,1003 HIGH HOUSE RD,CARY,27513,PRESTON PROFESSIONAL PLAZA LIMITED LIABILITY COMPA ,4012 PINEY GAP DR,CARY NC 27519-7507,,2848052,0754023329
SNGL TEN,1979,14176.0,5900 FAYETTEVILLE RD,,27603,FAYETTEVILLE ROAD PROPERTIES LLC ,1212 HOME CT,RALEIGH NC 27603-4541,,1454934,0790689754
OFC GROSS,1986,14172.0,829 PURSER DR,,27603,PN ALLEN & ASSOC LLC ,1500 SYCAMORE DR,GARNER NC 27529-4433,,1443459,1701053725
SCHOOL,2000,14145.0,3351 CARL SANDBURG CT,RALEIGH,27610,WAKE COUNTY BOARD OF EDUCATION ,FACILITIES BLDG,1551 ROCK QUARRY RD,RALEIGH NC 27610-4145,3618974,1723493484
OFC GROSS,2004,14136.0,101 PETFINDER LN,GARNER,27603,STATE OF NORTH CAROLINA ,1321 MAIL SERVICE CTR,RALEIGH NC 27699-1321,,2704534,1702009864
FLEX WHSE,1982,14130.0,521 UWHARRIE CT,RALEIGH,27606,PYLON INC ,501 UWHARRIE CT STE E,RALEIGH NC 27606-1470,,2833930,0784831744
OFC GROSS,2001,14106.0,260 TOWERVIEW CT,MORRISVILLE,27513,LIFE EXPERIENCES INC ,PO BOX 282,MORRISVILLE NC 27560-0282,,2612336,0754576203
FLEX WHSE,1999,14105.0,401 ROGERS VIEW CT,RALEIGH,27610,WITHAVIEW LLC ,1610 SAINT MARYS ST,RALEIGH NC 27608-2219,,2684332,1733272188
FLEX WHSE,2001,14104.0,1021 CORPORATION PKWY,RALEIGH,27610,IGLESIA DE DIOS PENTECOSTAL PACTO DE VIDA ETERNA ,6036 RICKER RD,RALEIGH NC 27610-4281,,1823969,1724733115
MED OFC GROSS,2005,14091.0,123 SUNNYBROOK RD,RALEIGH,27610,COLSON & COLSON LLC ,5201 GINGER TRL,RALEIGH NC 27614-9659,,2981118,1723387507
SCHOOL,1990,14071.0,600 S FRANKLIN ST,WAKE FOREST,27587,FRANKLIN ACADEMY INC THE ,C/O ROBERT L LUDDY,1912 CHALK RD,WAKE FOREST NC 27587-9164,2577137,1840585602
CHURCH,2000,14063.0,5420 SUNSET LAKE RD,HOLLY SPRINGS,27540,SUNRISE UNITED METHODIST CHURCH HOLLY SPRINGS WAKE COUNTY NC INC,PO BOX 295,HOLLY SPRINGS NC 27540-0295,,3285321,0669151494
OFC GROSS,1980,14041.0,1155 KILDAIRE FARM RD,CARY,27511,KILDAIRE FARM RD PTNR LLC ,1208 CRABTREE CROSSING PKWY,MORRISVILLE NC 27560-7560,,2174064,0763434446
FLEX WHSE,1986,14040.0,1411 DIGGS DR,RALEIGH,27603,"LAMPE, NANCY D LAMPE, JOHN H II TRUSTEE",PO BOX 1457,SMITHFIELD NC 27577-1457,,2202943,1702090888
FIRE STA,1988,14040.0,4909 WATKINS RD,,27591,WAKE NEW HOPE VOLUNTEER FIRE DEPARTMENT INC,4909 WATKINS RD,WENDELL NC 27591-8239,,1680765,1756386388
FLEX WHSE,1987,14000.0,3108 GLEN ROYAL RD,RALEIGH,27617,ARCHER NC LLC ,5317 SENDERO DR,RALEIGH NC 27612-1809,,2214455,0777569307
MULT TEN,1999,13988.0,1002 DURHAM RD,WAKE FOREST,27587,TREASURE CENTER INC ,1725 CARPENTER FLETCHER RD,DURHAM NC 27713-2280,,2459789,1831305634
MED OFC GROSS,2001,13981.0,500 HOLLY SPRINGS RD,HOLLY SPRINGS,27540,APA HOLLY SPRINGS PROPERTIES LLC ,2000 BEAR CAT WAY,MORRISVILLE NC 27560-6620,,2733917,0659131145
CHURCH,1996,13970.0,3725 KILDAIRE FARM RD,CARY,27518,EVANGELISTIC TEMPLE PENTECOSTAL HOLINESS CHURCH OF CARY INC,1800 KILDAIRE FARM RD,CARY NC 27518-6528,,3952334,0760182686
FIRE STA,1986,13967.0,420 ELM AVE,WAKE FOREST,27587,TOWN OF WAKE FOREST ,301 BROOKS ST,WAKE FOREST NC 27587-2901,,2137488,1841507081
FLEX WHSE,1993,13960.0,620 HUTTON ST,RALEIGH,27606,PYLON INC ,501 UWHARRIE CT STE E,RALEIGH NC 27606-1470,,2584099,0784822871
CHURCH,1994,13950.0,520 BUCK JONES RD,RALEIGH,27606,ALL SAINTS ANTIOCHIAN ORTHODOX CHUR ,520 BUCK JONES RD,RALEIGH NC 27606-2202,,3634047,0773971423
FLEX WHSE,1993,13904.0,115 WOODWINDS INDUSTRIAL CT,CARY,27511,MASTER PTNR LLC ,PO BOX 3661,CARY NC 27519-3661,,2269764,0753423627
OFC GROSS,1985,13902.0,3344 HILLSBOROUGH ST,RALEIGH,27607,TRILLIUMS LLC ,3108 ETON RD,RALEIGH NC 27608-1114,,3620230,0794434487
CHURCH,1997,13901.0,129 N MAIN ST,WENDELL,27591,WENDELL UNITED METHODIST CHURCH TRS ,PO BOX D,WENDELL NC 27591-0480,,2448596,1784608841
DAY CARE,1997,13880.0,3821 NW CARY PKWY,CARY,27513,BUILDERS BARGAIN CENTER OF KINSTON INC ,PO BOX E,GOLDSBORO NC 27533-9705,,3587055,0754335272
CHURCH,2004,13871.0,9121 E SIX FORKS RD,RALEIGH,27615,WINDBORNE UNITED METHODIST CHURCH ,9121 SIX FORKS RD,RALEIGH NC 27615-1924,,5587558,1708244185
CHURCH,1995,13848.0,4419 S SMITHFIELD RD,,27545,THE PASSAGE CHURCH ,PO BOX 1807,WENDELL NC 27591-1807,,1948387,1762533421
OFC GROSS,1990,13818.0,524 S NEW HOPE RD,RALEIGH,27610,KMS REAL ESTATE LLC ,524 S NEW HOPE RD,RALEIGH NC 27610-1478,,1757807,1733055558
OFC GROSS,1999,13811.0,1951 CLARK AVE,RALEIGH,27605,ONG 1951 CLARK AVE LLC ,2509 VICTORIA PARK LN,RALEIGH NC 27614-6858,,2595362,1704124137
FLEX WHSE,1996,13800.0,2821 SPRING FOREST RD,RALEIGH,27616,HGH HOLDINGS LLC ,3434 EDWARDS MILL RD STE 112-397,RALEIGH NC 27612-4275,,2684019,1726067965
FLEX WHSE,2001,13798.0,5421 OLD POOLE RD,RALEIGH,27610,J S BROWN PROPERTIES LLC ,1498 RHONDALE RD,SELMA NC 27576-7793,,2355337,1733246100
OFC GROSS,1986,13793.0,8100 BROWNLEIGH DR,RALEIGH,27617,"TORII, LLC ",6300 WESTGATE RD STE A,RALEIGH NC 27617-4754,,2837252,0777466736
FLEX WHSE,2000,13770.0,200 TOWERVIEW CT,CARY,27513,ABSOLUTE BUILDING LLC ,PO BOX 3749,CARY NC 27519-3749,,2477545,0754663920
CHURCH,1984,13754.0,834 DURHAM RD,WAKE FOREST,27587,ST JOHNS EPISCOPAL CHURCH WAKE FOREST NC ,830 DURHAM RD,WAKE FOREST NC 27587-8792,,4412546,1831721164
CHURCH,1978,13750.0,9225 LEESVILLE RD,RALEIGH,27613,"6421 WESTGATE REALTY, LLC ",6421 OLD WESTGATE RD,RALEIGH NC 27617-4630,,2609201,0788121209
VET CLIN,1997,13745.0,2961 WENDELL BLVD,WENDELL,27591,DVM SERVICES REALTY LLC ,4935 RALEIGH ROAD PKWY W,WILSON NC 27896-9701,,2177173,1784438457
FLEX WHSE,1995,13741.0,2533 ATLANTIC AVE,RALEIGH,27604,ZOSTA TOO LLC ,900 INDUSTRIAL DR,CLINTON NC 28328-8068,,1929609,1715323399
FLEX WHSE,1975,13650.0,2410 ATLANTIC AVE,RALEIGH,27604,"MANSFIELD, LARRY ANTHONY HILL MANSFIELD, ELIZABETH ANN",2410 ATLANTIC AVE,RALEIGH NC 27604-1410,,2106396,1715302707
MED OFC GROSS,1977,13648.0,3701 WAKE FOREST RD,RALEIGH,27609,CARPUS DIEM LLC ,3701 WAKE FOREST RD,RALEIGH NC 27609-6832,,4165857,1715383475
CHURCH,2002,13566.0,1250 AVERSBORO RD,GARNER,27529,SPIRITUAL TWIST PRODUCTIONS ,1250 AVERSBORO RD,GARNER NC 27529-4225,,3315989,1710386623
OFC GROSS,2004,13552.0,190 ROSEWOOD CENTRE DR,HOLLY SPRINGS,27540,ROSEWOOD CENTRE #1 LLC ,8916 BARKER RD,NEW HILL NC 27562-9786,,2238222,0740920003
FIRE STA,1982,13514.0,301 S FUQUAY AVE,FUQUAY-VARINA,27526,FUQUAY VARINA TOWN OF ,134 N MAIN ST,FUQUAY VARINA NC 27526-1934,,2365424,0666061662
FLEX WHSE,1997,13500.0,500 S NEW HOPE RD,RALEIGH,27610,NFP 500 S NEW HOPE LLC ,3084 THE PEAKS LN,LAS VEGAS NV 89138-6214,,2016024,1733062441
FLEX WHSE,1995,13500.0,1117 CORPORATION PKWY,RALEIGH,27610,PMT CP LLC ,9051 STRICKLAND RD STE 125,RALEIGH NC 27615-2084,,2093517,1724745337
MULT TEN,1995,13500.0,3136 CALVARY DR,RALEIGH,27604,ITAC 540 LLC ,17 WOOD STORK CT,CLAYTON NC 27520-4178,,3084943,1726522015
SCHOOL,1980,13488.0,301 W JONES ST,RALEIGH,27603,TRUSTEES OF EDENTON STREET UNITED METHODIST CHURCH,228 W EDENTON ST,RALEIGH NC 27603-1714,,13896795,1703596886
SNGL TEN,1989,13479.0,3311 CAPITAL BLVD,RALEIGH,27604,2418 N MAIN LLC ,15 LAURA LN STE 300,THOMASVILLE NC 27360-5865,,4017724,1725251580
FLEX WHSE,1999,13448.0,3501 INTEGRITY DR,RALEIGH,27529,CGM PARTNERS LLC ,603 W DIVINE ST,DUNN NC 28334-5211,,2658540,1722409407
SNGL TEN,1980,13439.0,1111 E GARNER RD,,27529,MARTIN MARIETTA MATERIALS INC ,PO BOX 54788,LEXINGTON KY 40555-4788,,7753045,1721624240
STOR/OFC,2002,13425.0,600 GATHERING PARK CIR,CARY,27519,PARKWAY PROPERTIES GROUP LLC ,1000 DARRINGTON DR STE 105,CARY NC 27513-8134,,2306277,0745237859
DAY CARE,1995,13416.0,101 PRESTON EXECUTIVE DR,CARY,27513,"PRESTON HOPE, LLC ",10520 CHAPEL HILL RD UNIT 105,MORRISVILLE NC 27560-3005,,3643065,0754125923
CHURCH,1989,13386.0,11905 STRICKLAND RD,,27613,NORTH RALEIGH PRESBYTERIAN CHURCH ,11905 STRICKLAND RD,RALEIGH NC 27613-1247,,4636061,0788947430
OFC GROSS,1998,13344.0,7000 HOSPITALITY CT,CARY,27560,RJH APEX LLC ,2900 OLIVE CHAPEL RD,APEX NC 27502-8516,,2021717,0756479271
SNGL TEN,1991,13334.0,3524 CAPITAL BLVD,RALEIGH,27604,PEORIA FAMILY LIMITED PARTNERSHIP LIMITED PARTNERS ,AUTOZONE,PO BOX 2198,MEMPHIS TN 38101-2198,3232475,1725362822
DAY CARE,2005,13328.0,1941 HERITAGE BRANCH RD,WAKE FOREST,27587,MILLER WHITMAN INVESTMENTS LLC ,1941 HERITAGE BRANCH RD,WAKE FOREST NC 27587-3831,,4385786,1840204447
OFC GROSS,1978,13296.0,1400 W MILLBROOK RD,RALEIGH,27612,RALEIGH CITY OF ,PO BOX 590,RALEIGH NC 27602-0590,,5312030,0796972836
CHURCH,1975,13288.0,4408 LEAD MINE RD,,27612,CRABTREE VALLEY BAPTIST CHURCH INC ,4408 LEAD MINE RD,RALEIGH NC 27612-3325,,3338456,0796608944
OFC GROSS,1992,13283.0,201 MACKENAN DR,CARY,27511,CARR HOLDINGS LLC ,112 GREENWOOD CIR,CARY NC 27511-5762,,2826269,0752714355
MED OFC GROSS,1996,13270.0,260 HORIZON DR,RALEIGH,27615,POOLE VENTURES LLC ,260 HORIZON DR,RALEIGH NC 27615-4922,,2691012,1707367581
OFC GROSS,1980,13252.0,3601 HAWORTH DR,RALEIGH,27609,NORTH CAROLINA BANKERS ASSOC INC ,3601 HAWORTH DR,RALEIGH NC 27609-7218,,2203838,1705873055
FLEX WHSE,1992,13246.0,113 WOODWINDS INDUSTRIAL CT,CARY,27511,MASTER PTNR LLC ,PO BOX 3661,CARY NC 27519-3661,,2147070,0753420561
OFC GROSS,2002,13215.0,1266 BENSON RD,GARNER,27529,TARHEEL DEVELOPMENT LLC ,PO BOX 1116,GARNER NC 27529-1116,,1855265,1710666954
MULT TEN,1995,13208.0,2315 LYNN RD,RALEIGH,27612,HIDDEN VALLEY PLAZA LLC ,704 MARLOWE RD,RALEIGH NC 27609-7024,,3141185,0797425712
DAY CARE,1996,13200.0,8516 OLD LEAD MINE RD,RALEIGH,27615,BRIGHT HORIZONS CHILDREN'S CENTERS INC,PO BOX 9177,WATERTOWN MA 02471-9177,,3838702,1708208894
FLEX WHSE,1988,13200.0,6220 ANGUS DR,RALEIGH,27617,"TRUSTMAN FAMILY LIMITED LIABILITY COMPANY, LLC ",10865 NC 210 N,ANGIER NC 27501-9726,,1495907,0778222393
MED OFC GROSS,1996,13160.0,401 KEISLER DR,CARY,27518,ROANE LLC ,5304 CORINTHIAN WAY,RALEIGH NC 27607-3610,,2401545,0762558255
MED OFC GROSS,2000,13158.0,3713 BENSON DR,RALEIGH,27609,THERA LLC ,3713 BENSON DR STE 102,RALEIGH NC 27609-7372,,2647187,1715286780
FLEX WHSE,1999,13150.0,1312 KIRKLAND RD,RALEIGH,27603,IVEY SELF STORAGE INC ,225 PEEDIN RD,SMITHFIELD NC 27577-4719,,2719378,1702096511
FLEX WHSE,1988,13130.0,110 WOODWINDS INDUSTRIAL CT,CARY,27511,ORKA REALTY LLP ,923 S BEND DR,DURHAM NC 27713-7273,,2648356,0753422310
OFC GROSS,1989,13128.0,8205 BROWNLEIGH DR,RALEIGH,27617,INFINITY 13 LLC ,306 MIDENHALL WAY,CARY NC 27513-5569,,1290610,0777471465
GYM,2001,13105.0,3651 BASTION LN,RALEIGH,27604,BB AND J LLC ,319 FAYETTEVILLE ST UNIT 304,RALEIGH NC 27601-1975,,1736993,1724368200
MULT TEN,1990,13096.0,301 N HARRISON AVE,CARY,27513,TOWN OF CARY ,REAL ESTATE DEPT TOWN OF CARY,PO BOX 8005,CARY NC 27512-8005,4025771,0764421008
OFC GROSS,1986,13095.0,1041 WASHINGTON ST,RALEIGH,27605,METHODIST HOME FOR CHILDREN ,1041 WASHINGTON ST,RALEIGH NC 27605-1259,,5701020,1704440741
MULT TEN,1986,13050.0,1070 W CHATHAM ST,CARY,27511,HARRISPARK PROPERTIES INC ,608 GASTON ST STE 200,RALEIGH NC 27603-1258,,1897118,0753861356
FLEX WHSE,1987,13025.0,1401 DIGGS DR,RALEIGH,27603,"LAMPE, NANCY D LAMPE, JOHN H II TRUSTEE",PO BOX 1457,SMITHFIELD NC 27577-1457,,2002372,1702093944
MULT TEN,1995,13000.0,3132 CALVARY DR,RALEIGH,27604,MARKAR JONESBORO LLC ,LEGACY PROPERTY SERVICES,109 S MCDUFFIE ST,ANDERSON SC 29624-1626,3031171,1726520276
OFC GROSS,1987,13000.0,901 PAVERSTONE DR,RALEIGH,27615,901 PAVERSTONE LLC ,6200 THERFIELD DR,RALEIGH NC 27614-8178,,1972330,1707173954
MED OFC GROSS,1983,12997.0,2809 HIGHWOODS BLVD,RALEIGH,27604,NC RAILROAD COMPANY ,ATTN: SCOTT SAYLOR,2809 HIGHWOODS BLVD,RALEIGH NC 27604-0015,2513288,1715830140
OFC GROSS,1988,12992.0,7048 KNIGHTDALE BLVD,KNIGHTDALE,27545,"7048 KNIGHTDALE BLVD., LLC ",INCOME PROPERTIES OF RALEIGH INC,1049 DRESSER CT,RALEIGH NC 27609-7323,1962790,1754054752
DAY CARE,1999,12980.0,200 DANCERS POINTE LN,CARY,27518,200 DANCERS POINTE LLC ,200 DANCERS POINTE LN,CARY NC 27518-9199,,2876659,0761267765
GYM,1999,12971.0,0 LOUIS STEPHENS DR,CARY,27519,WAKE COUNTY BOARD OF EDUCATION ,REAL ESTATE SERVICES,111 CORNING RD STE 100,CARY NC 27518-9299,1483198,0744174546
SNGL TEN,1995,12910.0,220 KILMAYNE DR,CARY,27511,GOODWILL INDUSTRIES OF EASTERN NORTH CAROLINA INC ,4721 EMPEROR BLVD STE 260,DURHAM NC 27703-7664,,3225801,0763358461
FLEX WHSE,1978,12892.0,526 PYLON DR,RALEIGH,27606,PYLON INC ,501 UWHARRIE CT STE E,RALEIGH NC 27606-1470,,2100251,0784833589
FLEX WHSE,1981,12892.0,529 PYLON DR,RALEIGH,27606,PYLON INC ,501 UWHARRIE CT STE E,RALEIGH NC 27606-1470,,2069455,0784836683
FLEX WHSE,1995,12848.0,2209 CANDUN DR,APEX,27523,PHOENIX DAWN LLC ,2209 CANDUN DR,APEX NC 27523-6404,,3563107,0753022017
FLEX WHSE,1999,12840.0,7429 ACC BLVD,RALEIGH,27617,CAPITAL LAND INVESTMENT COMPANY ,4412 DELTA LAKE DR,RALEIGH NC 27612-7006,,2525258,0768868344
FLEX WHSE,1985,12812.0,1500 BROOKSIDE DR,RALEIGH,27604,"BOBBIT DRIVE ASSOCIATES LLC BAILEY, FRANCES G",PO BOX 464,RALEIGH NC 27602-0464,,1500171,1714154975
CHURCH,2001,12806.0,911 OLD KNIGHT RD,KNIGHTDALE,27545,MALABYS CROSSROADS MISSIONARY BAPTIST CHURCH ,911 OLD KNIGHT RD,KNIGHTDALE NC 27545-9065,,3637268,1754576790
FIRE STA,1980,12789.0,104 E YOUNG ST,ROLESVILLE,27571,TOWN OF ROLESVILLE ,502 SOUTHTOWN CIR,ROLESVILLE NC 27571-9602,,1550671,1769017022
FLEX WHSE,1988,12771.0,2525 ATLANTIC AVE,RALEIGH,27604,EAO ENTERPRISES LLC ,9S284 CHANDELLE DR,NAPERVILLE IL 60564-9431,,2151579,1715323108
FLEX WHSE,1988,12771.0,2527 ATLANTIC AVE,RALEIGH,27604,CHAUCER 2.0 LLC ,3111 GLENWOOD AVE,RALEIGH NC 27612-5006,,1728480,1715323268
FLEX WHSE,1995,12699.0,203 MACKENAN DR,CARY,27511,REALTY INVESTMENTS LLC ,ATTN JOHN S MILLER MANAGER,PO BOX 12698,RALEIGH NC 27605-2698,2565513,0752714091
OFC GROSS,1979,12550.0,8813 ICE DR,RALEIGH,27617,6421 WESTGATE REALTY LLC ,6312 WESTGATE RD,RALEIGH NC 27617-4723,,1645507,0778133548
FLEX WHSE,2005,12546.0,9321 FOCAL PT,RALEIGH,27617,ROSE NC LLC ,9050 PINES BLVD STE 301,PEMBROKE PINES FL 33024-6422,,1877001,0778078023
MULT TEN,2003,12524.0,2921 WENDELL BLVD,WENDELL,27591,1201 NW 54TH ST LC ,11010 LAKE GROVE BLVD STE 100-313,MORRISVILLE NC 27560-7391,,2590515,1784435851
OFC GROSS,1985,12518.0,1928 CHALK RD,,27587,EDUCATIONAL INFORMATION CORPORATION ,PO BOX 828,WAKE FOREST NC 27588-0828,,3914163,1759473407
SNGL TEN,1984,12480.0,1657 NORTH MARKET DR,RALEIGH,27609,"MARTIN, H LEROY ",7712 RAINWATER RD,RALEIGH NC 27615-3728,,1256813,1716518376
OFC GROSS,1990,12419.0,1418 AVERSBORO RD,GARNER,27529,"BALL, FORREST H ",1027 US 70 HWY W,GARNER NC 27529-2501,,1539324,1710376965
OFC GROSS,1988,12416.0,4205 SPRING FOREST RD,RALEIGH,27616,RALEIGH CITY OF ,PO BOX 590,RALEIGH NC 27602-0590,,1915828,1726770285
MULT TEN,2000,12380.0,2001 WALNUT ST,CARY,27518,MAXEM CARY LLC ,7845 COLONY RD STE C4-242,CHARLOTTE NC 28226-7681,,4963584,0773616251
FLEX WHSE,2000,12376.0,539 JAMES JACKSON AVE,CARY,27513,CLG PROPERTIES LLC ,2912 ELMGATE WAY,RALEIGH NC 27614-8916,,2797863,0754556704
OFC GROSS,1986,12366.0,911 PAVERSTONE DR,RALEIGH,27615,911 PAVERSTONE LLC ,149 ELK STONE TRL,GARNER NC 27529-6646,,1729175,1707171900
OFC GROSS,1989,12366.0,920 PAVERSTONE DR,RALEIGH,27615,DECC HOLDINGS LLC ,920 PAVERSTONE DR,RALEIGH NC 27615-4723,,1717238,1707180147
OFC GROSS,1995,12336.0,2201 CANDUN DR,APEX,27523,DAVID J & MARILYN B MARTIN IRREVOCABLE TRUST ,2201 CANDUN DR STE 103,APEX NC 27523-6413,,1547573,0753012553
MED OFC GROSS,1982,12326.0,3012 FALSTAFF RD,RALEIGH,27610,"GLAUBIGER, GEORGE ",2447 NEW BERN AVE,RALEIGH NC 27610-1816,,2344923,1723390576
FLEX WHSE,1999,12308.0,501 JAMES JACKSON AVE,CARY,27513,CFI KNOW PROPERTIES LLC ,12309 SKEENES CT,RALEIGH NC 27614-9400,,2792209,0754557678
MED OFC GROSS,1998,12292.0,200 WELLESLEY TRADE LN,CARY,27519,ARIUS LLC ,200 WELLESLEY TRADE LN,CARY NC 27519-5576,,2405174,0734821077
FIRE STA,1991,12283.0,11905 NORWOOD RD,,27613,DURHAM HIGHWAY FIRE PROTECTION ASSOCIATION INC,11905 NORWOOD RD,RALEIGH NC 27613-6053,,2438211,0789233589
OFC GROSS,1998,12282.0,1620 MIDTOWN PL,RALEIGH,27609,HARRISPARK PROPERTIES INC ,608 GASTON ST STE 200,RALEIGH NC 27603-1258,,1745233,1715574247
DAY CARE,2000,12275.0,10741 FOREST PINES DR,RALEIGH,27614,"LOCH NESS PROPERTIES LLC MCLEOD, BERNARD F III",PO BOX 569,WAKE FOREST NC 27588-0569,,3492454,1739485472
CHURCH,1988,12262.0,4400 BUFFALOE RD,RALEIGH,27616,THE CHRISTIAN & MISSIONARY ALLIANCE ,4400 BUFFALOE RD,RALEIGH NC 27616-5007,,2553016,1725972246
DAY CARE,2000,12204.0,250 CORNERSTONE DR,CARY,27519,DON HAMMETT DAYCARE LLC ,ATTN: TAX DEPT,PO BOX 6760,PORTLAND OR 97228-6760,3225835,0744419656
FLEX WHSE,1985,12200.0,5619 HILLSBOROUGH ST,RALEIGH,27606,"BAILEY, T ED TRUSTEE THOMAS EDWARD BAILEY REVOCABLE TRUST",PO BOX 464,RALEIGH NC 27602-0464,,1461495,0784214003
MULT TEN,1995,12192.0,4212 NW CARY PKWY,CARY,27513,NRP PRESTON BC LLC ,640 N LASALLE DR STE 605,CHICAGO IL 60654,,3671215,0754122863
SNGL TEN,2004,12189.0,1016 N ARENDELL AVE,ZEBULON,27597,MDC NC3 LP ,ATT PM DEPT 18083,11995 EL CAMINO REAL,SAN DIEGO CA 92130-2539,3333110,2705187615
SNGL TEN,2004,12160.0,4801 GROVE BARTON RD,RALEIGH,27613,GOODWILL INDUSTRIES OF EASTERN NORTH CAROLINA INC ,4721 EMPEROR BLVD STE 260,DURHAM NC 27703-7664,,2841207,0787411769
SNGL TEN,1994,12159.0,608 GERMANTOWN RD,RALEIGH,27607,MBW PARTNERS LLC ,BILL WHITE,403 E SIX FORKS RD,RALEIGH NC 27609-7829,2436939,0774924091
OFC GROSS,1998,12112.0,7501 CREEDMOOR RD,RALEIGH,27613,STONEHENGE SQUARE LLC ,10724 BEAVER POND LN,RALEIGH NC 27614-9661,,1778595,0797485722
SNGL TEN,2001,12111.0,4416 ST JAMES CHURCH RD,RALEIGH,27604,GOODWILL INDUSTRIES OF EASTERN NORTH CAROLINA INC ,4721 EMPEROR BLVD STE 260,DURHAM NC 27703-7664,,1766527,1726612305
MULT TEN,1995,12080.0,4224 NW CARY PKWY,CARY,27513,A B C PLAZA CONDOMINIUM ,1003 HIGH HOUSE RD STE 105,CARY NC 27513-3585,,0,0754121743
OFC GROSS,1983,12075.0,264 W CHATHAM ST,CARY,27511,WEST CHATHAM STREET PARTNERS LLC ,264 W CHATHAM ST STE 101,CARY NC 27511-3357,,2253781,0764317554
MED OFC GROSS,1995,12070.0,1001 CRESCENT GREEN,CARY,27518,CRESCENT PROFESSIONAL ASSOC LLC ,1001 CRESCENT GRN,CARY NC 27518-8101,,3194771,0762518429
CHURCH,1985,12064.0,8225 MITCHELL MILL RD,,27597,BEULAH CHRISTIAN CHURCH BOARD OF TRUSTEES,8225 MITCHELL MILL RD,ZEBULON NC 27597-8400,,1546534,1778963996
MED OFC GROSS,1982,12033.0,1009 SPRING FOREST RD,RALEIGH,27615,CV VENTURE PROPERTIES LLC ,1009 SPRING FOREST RD,RALEIGH NC 27615-5833,,2011531,1717216376
MED OFC GROSS,1996,12010.0,7021 FALLS OF NEUSE RD,RALEIGH,27615,CPIMF1 DUHMNRANC LLC ,195 NORTH ST STE 100,TETERBORO NJ 07608-1216,,2924162,1717065135
FLEX WHSE,2001,12005.0,201 TRYON RD,RALEIGH,27603,WEEKS & SHERRON LLC ,6588 GLENWOOD AVE,RALEIGH NC 27612-7156,,2508563,1702517162
FLEX WHSE,1983,12000.0,3408 LAKE WOODARD DR,RALEIGH,27604,G A P PARTNERSHIP THE ,PO BOX 464,RALEIGH NC 27602-0464,,1581782,1724367668
FLEX WHSE,2000,12000.0,4805 HARGROVE RD,RALEIGH,27616,WILSCO & HUD LLC ,1007 COUNTRY RIDGE DR,RALEIGH NC 27609-5420,,1828546,1726055548
OFC GROSS,1999,12000.0,10405 LIGON MILL RD,WAKE FOREST,27587,A N S PROPERTIES INC ,PO BOX 1109,WAKE FOREST NC 27588-1109,,1673856,1830815161
SNGL TEN,2000,12000.0,2109 S MAIN ST,WAKE FOREST,27587,WAKE FOREST THRIFT LLC ,507 KNOX ST,DURHAM NC 27701,,2511279,1830800139
FLEX WHSE,1985,12000.0,102 WOODWINDS INDUSTRIAL CT,CARY,27511,WOODWINDS INDUSTRIAL LLC ,500 CARDINAL DR,RALEIGH NC 27604-2210,,1909875,0753326067
SNGL TEN,1994,12000.0,8620 GLENWOOD AVE,RALEIGH,27617,"ADAMS, BILLY R TRUSTEE ADAMS, SUE R TRUSTEE",7670 BRYAN RD,GARNER NC 27529-9137,,2069095,0777672653
FLEX WHSE,1984,12000.0,1460 DIGGS DR,RALEIGH,27603,"LAMPE, NANCY D LAMPE, JOHN H II TRUSTEE",PO BOX 1457,SMITHFIELD NC 27577-1457,,1552841,0792997825
SNGL TEN,1994,12000.0,310 MCCORMICK ST,GARNER,27529,DKING NC RENTAL LLC ,28517 TALORI TER,BONITA SPRINGS FL 34135-8385,,1701717,1701588432
SNGL TEN,2001,11995.0,11031 WAKEFIELD COMMONS DR,RALEIGH,27614,GOODWILL INDUSTRIES OF EASTERN NORTH CAROLINA INC ,4721 EMPEROR BLVD STE 260,DURHAM NC 27703-7664,,2168620,1739480868
FLEX WHSE,1997,11976.0,2204 ASSOCIATE DR,,27603,401 SOUTH ASSOCIATES ,4015 LILA BLUE LN,RALEIGH NC 27612-6955,,2476573,0689600126
MULT TEN,1983,11975.0,1840 WAKE FOREST RD,RALEIGH,27608,HARRISPARK PROPERTIES INC ,608 GASTON ST STE 200,RALEIGH NC 27603-1258,,2421904,1714183385
MULT TEN,1998,11936.0,6480 TRYON RD,CARY,27518,LANE DENTAL PROPERTIES LLC ,PO BOX 2230,ANGIER NC 27501-2230,,3457336,0772056941
OFC GROSS,1984,11914.0,1215 JONES FRANKLIN RD,RALEIGH,27606,"THOMPSON, JOSEPH M THOMPSON, ELLA B",9520 PENNY RD,RALEIGH NC 27606-9575,,1672913,0783132295
FLEX WHSE,1997,11904.0,4651 PARAGON PARK RD,RALEIGH,27616,CAS PARAGON LLC ,4641 PARAGON PARK RD,RALEIGH NC 27616-3406,,2646104,1737084710
OFC GROSS,1984,11904.0,7320 SIX FORKS RD,RALEIGH,27615,7320 SIX FORKS ROAD LLC ,7320 SIX FORKS RD STE 100,RALEIGH NC 27615-7809,,1553088,1707550324
OFC GROSS,1984,11904.0,7340 SIX FORKS RD,RALEIGH,27615,LAWYER NC PROPERTIES LLC ,PO BOX 17289,RALEIGH NC 27619-7289,,1645480,1707550550
OFC GROSS,1984,11904.0,5509 CREEDMOOR RD,RALEIGH,27612,LAZE PROPERTIES LLC ,1890 N BROAD ST STE 200,FUQUAY VARINA NC 27526-3657,,1624121,0796474198
FLEX WHSE,2000,11902.0,2801 S WILMINGTON ST,RALEIGH,27603,ROBERT ROBERSON 2801 LLC ,ROBERT C ROBERSON,PO BOX 27705,RALEIGH NC 27611-7705,2473895,1702459667
FLEX WHSE,2000,11901.0,2026 PRODUCTION DR,APEX,27539,HEIA LLC ,PO BOX 1396,ELMIRA NY 14902-1396,,2932650,0751245667
DAY CARE,2004,11898.0,1180 HOLLY SPRINGS RD,HOLLY SPRINGS,27540,INVESTMENT CHOICES II LLC ,PO BOX 58067,RALEIGH NC 27658-8067,,3108134,0659548281
SNGL TEN,2002,11895.0,1150 W WILLIAMS ST,APEX,27502,GOODWILL INDUSTRIES OF EASTERN NORTH CAROLINA INC ,4721 EMPEROR BLVD STE 260,DURHAM NC 27703-7664,,4100793,0732861164
SCHOOL,1998,11892.0,5617 SUNSET LAKE RD,HOLLY SPRINGS,27540,THE NEW SCHOOL INC ,5617 SUNSET LAKE RD,HOLLY SPRINGS NC 27540-4348,,2140747,0669330330
SCHOOL,1987,11891.0,5413 SHOOTING LN,,27562,DUKE ENERGY PROGRESS INC ,TAX DEPT - DEC41B,550 S TRYON ST,CHARLOTTE NC 28202-4200,1829060,0618850660
OFC GROSS,1983,11888.0,100 SAWMILL RD,RALEIGH,27615,100 SAWMILL LLC ,ROBERT T KENT & ASSOC,100 SAWMILL RD STE 200,RALEIGH NC 27615-6199,1578644,1707466322
CHURCH,1984,11880.0,11101 CREEDMOOR RD,,27614,AMRAN TEMPLE A A O N M S ,11101 CREEDMOOR RD,RALEIGH NC 27614-9264,,2097019,0799290533
OFC GROSS,1999,11869.0,2205 E MILLBROOK RD,RALEIGH,27604,HERITAGE NORTH CAROLINA INC ,101 E F ST,ELIZABETHTON TN 37643-3253,,1850229,1716849173
GYM,2002,11865.0,1226 N WHITE ST,WAKE FOREST,27587,WAKE FOREST TOWN OF ,301 BROOKS ST,WAKE FOREST NC 27587-2901,,1436634,1851066469
CHURCH,1976,11820.0,1426 WAKE FOREST RD,RALEIGH,27604,A SQUARED HOMES LLC ,420 SAINT MARYS ST,RALEIGH NC 27605-1734,,2259241,1714056890
OFC GROSS,1981,11786.0,6900 SIX FORKS RD,RALEIGH,27615,SIX FORKS 6900 LLC ,312 SHEPHERD ST,RALEIGH NC 27607-4032,,1374566,1707536308
FLEX WHSE,1999,11700.0,1800 N SALEM ST,APEX,27523,1800 N SALEM STREET LLC ,114 EDINBURGH SOUTH DR STE 101,CARY NC 27511-6480,,3465435,0742589083
FLEX WHSE,1985,11680.0,104 WOODWINDS INDUSTRIAL CT,CARY,27511,HIRSCH & SONS INC ,2720 CARTIER DR,RALEIGH NC 27608-1204,,1825466,0753328134
CHURCH,2002,11670.0,1200 N SALEM ST,APEX,27502,THE BOARD OF TRUSTEES OF PEAK UMC ,THE UNITED METHODIST CHURCH,1200 N SALEM ST,APEX NC 27502-2926,4061977,0742464071
DAY CARE,2003,11653.0,6523 JOHNSON POND RD,FUQUAY-VARINA,27526,INVESTMENT CHOICES LLC ,PO BOX 58067,RALEIGH NC 27658-8067,,2706442,0677253598
MULT TEN,2005,11628.0,11016 CAPITAL BLVD,WAKE FOREST,27587,THE FOYE GROUP INC ,ATTN: DAVID FOYE JR,101 MARVISTA CT,CARY NC 27518-9195,3437629,1830609136
FLEX WHSE,1997,11620.0,2455 RELIANCE AVE,,27539,D & S INVESTMENTS LLC ,3007 BUCKINGHAM WAY,APEX NC 27502-9341,,2799592,0751352984
CHURCH,1990,11608.0,1629 BENNETT ST,RALEIGH,27604,ST MATTHEW AME CHURCH ,1629 BENNETT ST,RALEIGH NC 27604-2379,,2771167,1714340920
OFC GROSS,1999,11570.0,1086 CLASSIC RD,APEX,27539,PINNACLE 35 LLC ,5805 HEATHERSTONE DR,RALEIGH NC 27606-9345,,1976034,0751162278
MED OFC GROSS,2000,11562.0,929 KILDAIRE FARM RD,CARY,27511,8GIS REX PROPERTIES LLC ,2601 LAKE DR,RALEIGH NC 27607-6688,,3206028,0763551732
DAY CARE,1990,11555.0,321 SPRING FOREST RD,RALEIGH,27609,RAINBOW RASCALS NC - RALEIGH I LLC ,1732 CROOKS RD,TROY MI 48084-5501,,2657923,1706983726
GYM,1988,11553.0,1301 MORRISVILLE PKWY,MORRISVILLE,27560,MORRISVILLE TOWN OF ,100 TOWN HALL DR,MORRISVILLE NC 27560-8147,,3551251,0744791896
MULT TEN,1998,11550.0,1911 SEGO CT,RALEIGH,27616,WEST SNOW PROPERTIES LLC ,2609 TRICKLE CT,RALEIGH NC 27615-3874,,1766498,1716851026
FIRE STA,1992,11536.0,1501 N HARRISON AVE,CARY,27513,CARY TOWN OF ,REAL ESTATE DEPT TOWN OF CARY,PO BOX 8005,CARY NC 27512-8005,3030716,0765724958
MULT TEN,1975,11520.0,6909 GLENWOOD AVE,RALEIGH,27612,JESUS IS LORD LLC ,WARREN & KAREN CATHCART,102 ROYAL CLUB DR,CARY NC 27513-3422,2574095,0786498120
FLEX WHSE,1992,11520.0,4910 DEPARTURE DR,RALEIGH,27616,DUBCO LLC ,PO BOX 1159,TARBORO NC 27886-1159,,1662945,1716948138
CHURCH,2005,11490.0,3425 ROCK QUARRY RD,RALEIGH,,REDEEMING LOVE MISSIONARY BAPTIST CHURCH INC ,3425 ROCK QUARRY RD,RALEIGH NC 27610-5115,,3120001,1722175767
MULT TEN,2000,11454.0,12400 WAKE UNION CHURCH RD,WAKE FOREST,27587,SERVO VENTURES WFNC LLC ,3150 ROGERS RD STE 107,WAKE FOREST NC 27587-4196,,2141414,1831633099
OFC GROSS,1981,11448.0,1500 CARSON ST,RALEIGH,27608,NORFOLK SOUTHERN RAILWAY COMPANY ,CAROLINA AND NORTHWESTERN RAILWAY,230 N ELM ST STE 2000,GREENSBORO NC 27401-2414,1835410,1704873204
OFC GROSS,2000,11433.0,260 JAMES JACKSON AVE,CARY,27513,SLUMLORDS OF CARY LLC ,170 WESTON OAKS CT,CARY NC 27513-2256,,2034829,0754744898
SNGL TEN,2002,11430.0,251 N MAIN ST,HOLLY SPRINGS,27540,JALIA NC LLC ,30 RIVERSIDE BLVD APT 31B,NEW YORK NY 10069-0126,,3580162,0649922948
OFC GROSS,2000,11429.0,946 VANDORA SPRINGS RD,GARNER,27529,"MANNE, MURTHY G K MANNE, BHARATHA L",104 ANGLERS CV,CARY NC 27513-3421,,1516104,1711133230
OFC GROSS,1979,11428.0,4325 PLEASANT VALLEY RD,RALEIGH,27612,BARNHILL COMPANY THE ,800 TIFFANY BLVD STE 200,ROCKY MOUNT NC 27804-1807,,1526954,0786672740
DAY CARE,1995,11427.0,101 ENDEAVOR WAY,CARY,27513,ENDEAVOR WAY LLC ,PO BOX 719,PINETOPS NC 27864-0719,,3782767,0765773278
SNGL TEN,1995,11422.0,6740 FLEETWOOD DR,RALEIGH,27612,BRIMAT LLC ,2334 GUESS RD,DURHAM NC 27705-3582,,2304404,0787123009
OFC GROSS,1987,11402.0,6509 HILBURN DR,RALEIGH,27613,WINGDINGS LLC ,6801 W LAKE ANNE DR,RALEIGH NC 27612-7219,,1266263,0787410384
FLEX WHSE,2000,11400.0,121 THOMAS MILL RD,HOLLY SPRINGS,27540,ANSEDE SOUTHERN PROPERTIES LLC ,101 WANDERVIEW LN,HOLLY SPRINGS NC 27540-6284,,2586282,0649337464
DAY CARE,2001,11396.0,2880 NC 55 HWY,CARY,27519,"APOLLO USA, LLC ",4004 NC 55 HWY,CARY NC 27519-8372,,4789589,0734825755
CHURCH,2003,11388.0,4301 DELTA LAKE DR,RALEIGH,27612,"PROVIDENCE BAPTIST CHURCH OF RALEIGH INC HOLDING, FRANK B JR TRUSTEE",6339 GLENWOOD AVE,RALEIGH NC 27612-2617,,3592512,0786665657
MED OFC GROSS,1999,11345.0,109 FOREST HILLS DR,GARNER,27529,TOWN OF GARNER ,900 7TH AVE,GARNER NC 27529-3796,,2443071,1711224624
OFC GROSS,1980,11342.0,901 JONES FRANKLIN RD,RALEIGH,27606,JONES FRANKLIN LLC ,4501 TOUCHSTONE FOREST RD,RALEIGH NC 27612-4134,,1158078,0783147344
MED OFC GROSS,2004,11342.0,835 S NEW HOPE RD,RALEIGH,27610,FCPT ACQUISITIONS LLC ,591 REDWOOD HWY STE 3215,MILL VALLEY CA 94941-6006,,2167835,1733026851
SNGL TEN,2002,11338.0,5816 GLENWOOD AVE,RALEIGH,27612,OAK WOOD PROPERTIES LLC ,201 TIBBETTS ROCK DR,CARY NC 27513-2241,,2791475,0786955794
MULT TEN,2004,11320.0,800 S MAIN ST,FUQUAY-VARINA,27526,JBC MANAGEMENT LLC ,123 MUNFORD DR,LOUISBURG NC 27549-2176,,2346226,0656941140
FLEX WHSE,1997,11304.0,901 TRINITY RD,CARY,27607,TTS GROUP RHC LLC ,901 TRINITY RD,RALEIGH NC 27607-4939,,2200244,0774324971
MED OFC GROSS,2000,11302.0,601 KEISLER DR,CARY,27518,HR NORTH CAROLINA LLC ,3310 W END AVE STE 700,NASHVILLE TN 37203-1097,,2214442,0762656024
OFC GROSS,1991,11300.0,6003 OLD JENKS RD,,27523,PGK PROPERTIES LLC ,PO BOX 17961,RALEIGH NC 27619-7961,,1321151,0742487402
OFC GROSS,2000,11276.0,900 PAVERSTONE DR,RALEIGH,27615,GREYSTONE OFFICE ASSOCIATES LLC ,8612 KINGS ARMS WAY,RALEIGH NC 27615-2028,,1433170,1707185136
SCHOOL,1980,11267.0,10200 STRICKLAND RD,RALEIGH,27615,N R NORTH RALEIGH LLC ,T/A N RALEIGH COUNTRY DAY SCH #1122,1615 W CHESTER PIKE,WEST CHESTER PA 19382-6223,2756871,0798839869
OFC GROSS,1985,11257.0,131 WIND CHIME CT,RALEIGH,27615,TKAB INVESTMENTS LLC ,131 WIND CHIME CT,RALEIGH NC 27615-6433,,1438808,1707538727
DAY CARE,2000,11250.0,131 KEYBRIDGE DR,MORRISVILLE,27560,APEX TEN TEN ROAD LLC ,1201 N ORANGE ST STE 750,WILMINGTON DE 19801-1175,,3732269,0755237656
OFC GROSS,1999,11222.0,209 FOREST HILLS DR,GARNER,27529,TOWN OF GARNER ,900 7TH AVE,GARNER NC 27529-3796,,1845322,1711223417
SCHOOL,2001,11200.0,116 QUANTUM ST,HOLLY SPRINGS,27540,MS HOLLY SPRING REALTY LLC ,180 PHILLIPS HILL RD STE 1A,NEW CITY NY 10956-4132,,3423575,0649847604
DAY CARE,1994,11195.0,2300 SPRING FOREST RD,RALEIGH,27615,2300 SPRING FOREST  LLC ,701 E SIX FORKS RD,RALEIGH NC 27609-7831,,4056493,1716788920
OFC GROSS,1993,11181.0,1611 E MILLBROOK RD,RALEIGH,27609,"LEWIS, DOUGLAS J LEWIS, LINDA P",5301 EDINGTON LN,RALEIGH NC 27604-5939,,1949194,1716549760
CHURCH,2000,11128.0,2405 WAIT AVE,,27587,GRACE ASSEMBLY OF GOD ,2405 WAIT AVE,WAKE FOREST NC 27587-6805,,1878387,1860259639
MULT TEN,1988,11127.0,2316 HILLSBOROUGH ST,RALEIGH,27607,WILMINGTON GROUP ONE LLC ,23801 CALABASAS RD STE 2024,CALABASAS CA 91302-1568,,4182978,0794818769
OFC GROSS,1998,11120.0,409 ROGERS VIEW CT,RALEIGH,27610,LMP ENTERPRISES OF NC INC ,409 ROGERS VIEW CT,RALEIGH NC 27610-2929,,1373072,1733267977
DAY CARE,1999,11084.0,4001 SPRING FOREST RD,RALEIGH,27616,PRIMARY HOLDINGS LLC ,4001 SPRING FOREST RD,RALEIGH NC 27616-4609,,2732517,1726662981
FLEX WHSE,1997,11073.0,955 TRINITY RD,CARY,27607,TRINITY 953 LLC ,562 N WILLOW ST,ANGIER NC 27501-8960,,1547149,0774335110
FUNERAL,1979,11064.0,944 OLD KNIGHT RD,KNIGHTDALE,27545,CARRIAGE FUNERAL HOLDINGS INC ,TAX DEPARTMENT,3040 POST OAK BLVD STE 300,HOUSTON TX 77056-6513,2499855,1754673866
CHURCH,1996,11054.0,1500 HEDINGHAM BLVD,RALEIGH,27604,CAPITAL CITY CHURCH OF GOD ,1500 HEDINGHAM BLVD,RALEIGH NC 27604-8307,,3453983,1734175077
FIRE STA,1994,11051.0,2101 HIGH HOUSE RD,CARY,27519,CARY TOWN OF ,PO BOX 4765,CARY NC 27519-4765,,2400178,0744329183
SNGL TEN,1996,11016.0,2311 TIMBER DR,GARNER,27529,NEWCASTLE GROUP THE III LLC ,WALGREENS CO,PO BOX 1159,DEERFIELD IL 60015-6002,2163138,1701605416
MED OFC GROSS,2003,11010.0,811 US 70 HWY W,GARNER,27529,TRUSTEE OF THE KATHERINE A MCCUMBER REVOCABLE TRUS ,708 BEAVER DAM RD,RALEIGH NC 27607-4006,,1869653,1711044479
MULT TEN,1984,11000.0,3612 SPRING FOREST RD,RALEIGH,27616,JENRETTE REAL ESTATE LLC ,127 PATTERNOTE COVE LN,MOORESVILLE NC 28117-5969,,1815992,1726465277
FLEX WHSE,1997,11000.0,2445 RELIANCE AVE,,27539,"ABOOD, JOHN D ABOOD, MARILYN D",1413 ROCK CREEK LN,CARY NC 27511-5636,,2688947,0751363103
MULT TEN,2000,11000.0,8613 GLENWOOD AVE,RALEIGH,27617,FLYING PEACOCK ENTERPRISES LLC ,109 W WILSON ST,SMITHFIELD NC 27577-5130,,2557201,0777661979
FLEX WHSE,1990,11000.0,3603 BASTION LN,RALEIGH,27604,URBAN MINISTRIES OF WAKE COUNTY INC ,DR PETER MORRIS,1390 CAPITAL BLVD,RALEIGH NC 27603-1118,1746244,1724257655
SNGL TEN,2004,10984.0,1011 LANGSTON POND DR,CARY,27518,GOODWILL INDUSTRIES OF EASTERN NORTH CAROLINA INC ,4721 EMPEROR BLVD STE 260,DURHAM NC 27703-7664,,3678429,0761113492
OFC GROSS,1993,10942.0,9920 FAYETTEVILLE RD,,27603,DUKE ENERGY PROGRESS INC ,TAX DEPT - DEC41B,550 S TRYON ST,CHARLOTTE NC 28202-4200,6378342,0688453933
OFC GROSS,1986,10934.0,3100 GATEWAY CENTRE BLVD,CARY,27560,YORKSHIRE CAPITAL LLC ,300 MIDENHALL WAY,CARY NC 27513-5569,,2260335,0756744556
MED OFC GROSS,2004,10912.0,1701 CENTER ST,APEX,27502,KARE PARTNERS LLC ,2675 COURT DR,GASTONIA NC 28054-1478,,2203211,0751192290
OFC GROSS,1999,10908.0,6020 CREEDMOOR RD,RALEIGH,27612,ADVANTAGE GROUP REALTY I LLL ,7610 SIX FORKS RD,RALEIGH NC 27615-5047,,1710719,0797408431
MED OFC GROSS,1986,10899.0,2600 NC 97 HWY,,27591,DRIVER REALTY & CONST INC ,1712 MARSHBURN RD,WENDELL NC 27591-9356,,1142355,1785521806
OFC GROSS,1987,10894.0,8304 CREEDMOOR RD,RALEIGH,27613,"AGARWAL, TARUN GUPTA, MONA",8304 CREEDMOOR RD,RALEIGH NC 27613-1697,,1405302,0798426743
CLINIC,1996,10829.0,465 STRATFORD DR,ZEBULON,27597,EAST WESTIE INVESTMENTS LLC ,2104 GRANVILLE RD,GREENSBORO NC 27408-5010,,2060327,1795959093
MED OFC GROSS,1995,10818.0,800 SPRINGFIELD COMMONS DR,RALEIGH,27609,CARY OFFICE SUITES LLC ,1208 CRABTREE CROSSING PKWY,MORRISVILLE NC 27560-7560,,2341391,1717108122
FIRE STA,2003,10808.0,3929 BARWELL RD,RALEIGH,27610,RALEIGH CITY OF ,PO BOX 590,RALEIGH NC 27602-0590,,2213174,1732211754
VET CLIN,2003,10796.0,4240 SUNSET LAKE RD,HOLLY SPRINGS,27540,"BNRICH, LLC ",4224 LAMBETH DR,RALEIGH NC 27609-5824,,2517000,0750224011
OFC GROSS,1999,10795.0,3761 NW CARY PKWY,CARY,27513,PRESTON LEASING GROUP LLC ,1000 DARRINGTON DR STE 105,CARY NC 27513-8134,,2082314,0754338790
MED OFC GROSS,1985,10780.0,3803 COMPUTER DR,RALEIGH,27609,NORTH HILLS DENTAL GROUP LLC ,3803 COMPUTER DR STE 100,RALEIGH NC 27609-6516,,1897704,1705887123
MED OFC GROSS,1976,10766.0,915 KILDAIRE FARM RD,CARY,27511,CARY FAMILY DENTAL KILDAIRE PROPERTIES II LLC ,915 KILDAIRE FARM RD,CARY NC 27511-3936,,2458244,0763468184
MULT TEN,2001,10754.0,1040 DARRINGTON DR,CARY,27513,HD DEPOT LLC ,5540 CENTERVIEW DR STE 204,RALEIGH NC 27606-8012,,2956173,0754467151
MED OFC GROSS,1997,10734.0,8020 CREEDMOOR RD,RALEIGH,27613,SMTB LLC ,8020 CREEDMOOR RD,RALEIGH NC 27613-4363,,2019431,0798417545
CHURCH,1988,10725.0,6400 HOLLY SPRINGS RD,,27606,SOUTH HILLS BAPTIST CHURCH INC ,6400 HOLLY SPRINGS RD,RALEIGH NC 27606-4312,,2370675,0772547239
FLEX WHSE,1985,10721.0,6308 ANGUS DR,RALEIGH,27617,SOUTHERN COMMERCIAL PROPERTIES LLC SERIES 26 ,6300 WESTGATE RD STE A,RALEIGH NC 27617-4754,,2123423,0778129171
MULT TEN,1986,10720.0,1183 W CHATHAM ST,CARY,27513,CLARK BROTHERS LLC ,PO BOX 339,ELIZABETHTOWN NC 28337-0339,,2650932,0753752524
FLEX WHSE,1998,10720.0,3200 GRESHAM LAKE RD,RALEIGH,27615,EBW PROPERTIES LLC ,120 HAMPTON PINES DR,MORRISVILLE NC 27560-7546,,1799731,1727377027
OFC GROSS,1993,10685.0,4000 POOLE RD,RALEIGH,27610,EAST CAROLINA FARM CREDIT ,4000 POOLE RD,RALEIGH NC 27610-2923,,1783541,1723746521
CHURCH,2005,10662.0,6320 FOX RD,RALEIGH,27616,SPRING FOREST CONGREGATION OF JEHOVAH'S WITNESSES,6320 FOX RD,RALEIGH NC 27616-5431,,3446672,1727901245
MULT TEN,2004,10638.0,10911 RAVEN RIDGE RD,RALEIGH,27614,RAVEN RIDGE PTNR LLC ,3825 BARRETT DR STE 100,RALEIGH NC 27609-7221,,2812879,1728150132
FLEX WHSE,1987,10632.0,6213 ANGUS DR,RALEIGH,27617,ANGUS DRIVE ACQUISITION LLC ,1001 WADE AVE STE 300,RALEIGH NC 27605-3323,,1772236,0778215924
MULT TEN,2005,10628.0,7980 ARCO CORPORATE DR,RALEIGH,27617,"SERVICE RETAIL BUILDINGS, LLC ",AMERICAN ASSET CORPORATION,5950 FAIRVIEW RD STE 800,CHARLOTTE NC 28210-3194,3736606,0768555829
MULT TEN,2001,10627.0,207 N MAIN ST,ROLESVILLE,27571,FORMYDUVAL 5 LLC ,207 N MAIN ST STE 113,ROLESVILLE NC 27571-9300,,1667124,1769124496
OFC GROSS,1983,10624.0,1142 EXECUTIVE CIR,CARY,27511,JOHN B SEARS LLC ,7605 JENKS RD,APEX NC 27523-7817,,1360316,0763447187
STOR/OFC,2004,10619.0,701 E CHATHAM ST,CARY,27511,WCWSR LLC ,701 E CHATHAM ST,CARY NC 27511-6964,,2208422,0764936322
MULT TEN,1987,10600.0,8322 CHAPEL HILL RD,CARY,27513,CENTER 54 PARTNERS LLC ,8322 CHAPEL HILL RD,CARY NC 27513-4051,,2585959,0764633394
MULT TEN,2005,10596.0,8710 GLENWOOD AVE,RALEIGH,27617,REFUEL OPERATING COMPANY LLC ,K E ANDREWS,2424 RIDGE RD,ROCKWALL TX 75087-5116,4201983,0777578918
FLEX WHSE,1989,10560.0,3605 BASTION LN,RALEIGH,27604,CHRIST WONDERFUL WORLD OUTREACH ,3605 BASTION LN,RALEIGH NC 27604-3890,,1962296,1724350724
OFC GROSS,1977,10540.0,1109 DRESSER CT,RALEIGH,27609,STATE BOARD OF EXAMINERS OF PLMBG HTG & FIRE SPRINKLER CONTRACTORS,1109 DRESSER CT,RALEIGH NC 27609-7302,,1396883,1715380499
FIRE STA,2000,10539.0,3609 TEN TEN RD,CARY,27539,CARY TOWN OF ,REAL ESTATE DEPT TOWN OF CARY,PO BOX 8005,CARY NC 27512-8005,3134484,0761219052
OFC GROSS,1986,10530.0,903 FIFTH AVE,GARNER,27529,THE STEPHENS CENTER INC. ,319 CHAPANOKE RD STE 102,RALEIGH NC 27603-3433,,1631611,1711225874
FLEX WHSE,2005,10505.0,424 AIRPORT BLVD,MORRISVILLE,27560,POE PROPERTIES LLC ,PO BOX 6126,RALEIGH NC 27628-6126,,3165433,0756122745
SNGL TEN,1986,10500.0,1700 ST ALBANS DR,RALEIGH,27609,CAMPOS PROPERTIES LLC ,C/O COMMERCIAL PROPERTIES INC,1700 SAINT ALBANS DR,RALEIGH NC 27609-6252,1211369,1715584342
OFC GROSS,1999,10475.0,2501 WESTON PKWY,CARY,27513,RAGHU PRABHA HOLDINGS LLC ,15000 WESTON PKWY STE 145,CARY NC 27513-2118,,1995920,0765579237
OFC GROSS,1998,10475.0,2601 WESTON PKWY,CARY,27513,SINGH OFFICE NC LLC ,7125 ORCHARD LAKE RD STE 200,WEST BLOOMFIELD MI 48322-5306,,1971565,0765578311
OFC GROSS,1999,10475.0,2401 WESTON PKWY,CARY,27513,"EDWARDS, J MICHAEL J MICHAEL EDWARDS LTD PTNRP LTD PTNRP",2401 WESTON PKWY STE 103,CARY NC 27513-5502,,1995920,0765670253
CHURCH,2000,10452.0,9805 FANNY BROWN RD,,27603,MACEDONIA APOLSTOLIC CHURCH OF CHRIST IN GOD,PO BOX 69,WILLOW SPRING NC 27592-0069,,2160794,0699206286
CHURCH,2003,10442.0,3500 WOODMEADOW PKWY,RALEIGH,27610,BETHEL HOUSE OF GOD CHURCH ,PO BOX 46767,RALEIGH NC 27620-6767,,2289610,1722392885
FLEX WHSE,1999,10400.0,2517 NOBLIN RD,RALEIGH,27604,THUNDER REALTY LLC ,PO BOX 17041,RALEIGH NC 27619-7041,,1845370,1714896894
MED OFC GROSS,1996,10400.0,110 PRESTON EXECUTIVE DR,CARY,27513,WILLGOLD DEV LLC ,2238 NELSON HWY STE 100,CHAPEL HILL NC 27517-8914,,3114967,0754133262
FLEX WHSE,1995,10400.0,3224 LAKE WOODARD DR,RALEIGH,27604,3224 LAKE WOODARD PROPERTIES LLC ,2024 TIMBER DR,RALEIGH NC 27604-2220,,1922905,1724270102
OFC GROSS,2000,10395.0,14600 WESTON PKWY,CARY,27513,THE V FOUNDATION ,14600 WESTON PKWY,CARY NC 27513-2259,,2203341,0755529603
OFC GROSS,1998,10384.0,5112 DEPARTURE DR,RALEIGH,27616,570B LLC ,1600 HERITAGE COMMERCE CT STE 104,WAKE FOREST NC 27587-4250,,1947788,1726050399
FLEX WHSE,1995,10368.0,2205 CANDUN DR,APEX,27523,S & K PARTNERSHIP LLC ,1000 DARRINGTON DR STE 105,CARY NC 27513-8134,,2871240,0753012727
MED OFC GROSS,1986,10368.0,7020 SIX FORKS RD,RALEIGH,27615,BRYANT COMMERCIAL MULTIPLE LLC ,1520 GLENWOOD AVE,RALEIGH NC 27608-2264,,1977541,1707533757
OFC GROSS,1986,10309.0,4630 PARAGON PARK RD,RALEIGH,27616,CAS PARAGON LLC ,4630 PARAGON PARK RD,RALEIGH NC 27616-3408,,1675231,1727988512
OFC GROSS,1983,10296.0,2321 BLUE RIDGE RD,RALEIGH,27607,WAKE COUNTY ,PO BOX 550,RALEIGH NC 27602-0550,,1349345,0785701946
OFC GROSS,1979,10289.0,3900 WAKE FOREST RD,RALEIGH,27609,NORTH CAROLINA STATE OF ,STATE PROPERTY OFFICE,116 W JONES ST,RALEIGH NC 27603-1335,1731257,1715480880
OFC GROSS,1984,10288.0,8200 BROWNLEIGH DR,RALEIGH,27617,RLR LEGACY LLC ,5809 VENTRY CT,RALEIGH NC 27613-8558,,1944921,0777475344
FLEX WHSE,2004,10284.0,8825 WESTGATE PARK DR,RALEIGH,27617,JAYCOR ENTERPRISES LLC ,PO BOX 90743,RALEIGH NC 27675-0743,,2422514,0778448703
DAY CARE,1998,10275.0,1005 BIG OAK CT,KNIGHTDALE,27545,POOLE VENTURES LLC ,260 HORIZON DR,RALEIGH NC 27615-4922,,2888684,1744446279
MULT TEN,1998,10275.0,12215 HAMPTON WAY DR,WAKE FOREST,27587,CITYPLAT CASPIAN 1713 LLC ,107 FAYETTEVILLE ST STE 100,RALEIGH NC 27601-2913,,1653208,1831419404
DAY CARE,1999,10268.0,551 JAMES JACKSON AVE,CARY,27513,ADORE INTERNATIONAL LLC ,114 HIGHCLERE LN,CARY NC 27518-8723,,2419839,0754554738
OFC GROSS,1999,10260.0,3005 VILLAGE PARK DR,KNIGHTDALE,27545,DKT HOLDING GROUP LLC ,PO BOX 1279,KNIGHTDALE NC 27545-1279,,1854506,1754050581
MULT TEN,1978,10260.0,9104 GLENWOOD AVE,RALEIGH,27617,JINSUN LLC ,9104 GLENWOOD AVE,RALEIGH NC 27617-7506,,977323,0778203972
DAY CARE,2005,10240.0,844 HERITAGE LAKE RD,WAKE FOREST,27587,N SQUARE II PROPERTIES LLC ,PO BOX 147,APEX NC 27502-0147,,3244949,1840704781
OFC GROSS,2005,10240.0,2900 ROWLAND RD,RALEIGH,27615,SANTANA'S PROPERTIES LLC ,YURY SANTANA,2900 ROWLAND RD,RALEIGH NC 27615-5729,2173551,1727154719
CHURCH,1981,10240.0,5508 MUNFORD RD,RALEIGH,27612,PLEASANT VALLEY LLC ,5508 MUNFORD RD,RALEIGH NC 27612-2621,,1108117,0786868569
OFC GROSS,1988,10230.0,414 AVIATION PKWY,MORRISVILLE,27560,MORRISVILLE TOWN OF ,100 TOWN HALL DR,MORRISVILLE NC 27560-8147,,4388169,0755462762
OFC GROSS,1995,10224.0,860 CAPITAL BLVD,RALEIGH,27603,NORTH CAROLINA STATE OF ,STATE PROPERTY OFFICE,116 W JONES ST,RALEIGH NC 27603-1335,7376277,1704646029
MULT TEN,1985,10212.0,1648 NORTH MARKET DR,RALEIGH,27609,NORTH MARKET PARTNERS LLC ,PO BOX 61457,RALEIGH NC 27661-1457,,1854852,1716601605
MULT TEN,2002,10200.0,2940 WAKEFIELD PINES DR,RALEIGH,27614,WAKEFIELD PLAZA NC LLC ,ZACHARY K FISHER,11010 LAKE GROVE BLVD STE 100-313,MORRISVILLE NC 27560-7391,2053878,1739077933
CHURCH,1985,10196.0,3020 LIGON ST,RALEIGH,27607,NORTH AMERICAN ISLAMIC TRUST INC ,3020 LIGON ST,RALEIGH NC 27607-5308,,1684976,0794123405
OFC GROSS,1986,10194.0,6736 FALLS OF NEUSE RD,RALEIGH,27615,"LD ESTATES, LLC ",1323 BROOKS AVE,RALEIGH NC 27607-3703,,1926557,1717146210
OFC GROSS,2000,10182.0,1601 WALNUT ST,CARY,27511,NIUS PROPERTY LLC ,STEVE Z NIU,1601 WALNUT ST STE 201,CARY NC 27511-4980,1457897,0773433360
OFC GROSS,1988,10164.0,2950 GATEWAY CENTRE BLVD,CARY,27560,"LUIHN FOUR INC LUIHN, S ALLAN",2950 GATEWAY CENTRE BLVD,MORRISVILLE NC 27560-9615,,1655836,0756744356
DAY CARE,2004,10152.0,8521 FALLS OF NEUSE RD,RALEIGH,27615,MINDSPIRE LLC ,7845 GREEN HOPE SCHOOL RD,CARY NC 27519-8933,,3237605,1718410568
OFC GROSS,1975,10151.0,4909 WINDY HILL DR,RALEIGH,27609,"MARTIN, KENNETH P ",3636 ALLENDALE DR,RALEIGH NC 27604-2506,,1424213,1716650094
SNGL TEN,1988,10150.0,4205 POOLE RD,RALEIGH,27610,PDA VENTURES LLC ,10820 CAHILL RD,RALEIGH NC 27614-9051,,1312253,1723859061
DAY CARE,2005,10143.0,4501 WEST LAKE RD,CARY,27539,AXON CHILDCARE SERVICES COMPANY ,PO BOX 147,APEX NC 27502-0147,,3604939,0679166093
FIRE STA,1990,10136.0,5617 HILLTOP RD,,27526,FUQUAY VARINA TOWN OF ,134 N MAIN ST,FUQUAY VARINA NC 27526-1934,,1439413,0688203599
MED OFC GROSS,1987,10130.0,3126 BLUE RIDGE RD,RALEIGH,27612,A & A BUILDING LLC ,NIMA AHMADI,4237 LOUISBURG RD,RALEIGH NC 27604-4614,1963092,0785842120
OFC GROSS,1980,10100.0,1506 HILLSBOROUGH ST,RALEIGH,27605,NORTH CAROLINA REPUBLICAN PARTY ,PO BOX 12905,RALEIGH NC 27605-2905,,2982050,1704103697
SNGL TEN,1975,10083.0,3401 S WILMINGTON ST,RALEIGH,27603,MACHINE & WELDING SUPPLY CO ,PO BOX 1708,DUNN NC 28335-1708,,2840741,1702329034
MULT TEN,2000,10080.0,1637 RONALD DR,RALEIGH,27609,NU ASSOCIATES LLC ,222 CLOISTER CT,CHAPEL HILL NC 27514-2212,,1746751,1716603367
MULT TEN,2000,10080.0,2015 VILLAGE PARK DR,KNIGHTDALE,27545,LANCE ELIZABETH LLC ,1500 CRICKETT RD,RALEIGH NC 27610-9300,,2498207,1754052510
SNGL TEN,1998,10074.0,12269 CAPITAL BLVD,WAKE FOREST,27587,GOODWILL INDUSTRIES OF EASTERN NORTH CAROLINA INC ,4721 EMPEROR BLVD STE 260,DURHAM NC 27703-7664,,1577130,1831620048
CHURCH,1993,10058.0,600 MT VERNON CHURCH RD,,27614,ST SHARBEL MARONITE CATHOLIC CHURCH ,109 REMSEN ST,BROOKLYN NY 11201-4212,,2686826,1709148633
OFC GROSS,1988,10056.0,8120 BROWNLEIGH DR,RALEIGH,27617,KW ENTERPRISES LLC ,8120 BROWNLEIGH DR,RALEIGH NC 27617-7410,,1383751,0777475133
OFC GROSS,2003,10050.0,821 S NEW HOPE RD,RALEIGH,27610,NATIONAL ORGANIZATION OF THE NEW APOSTOLIC CHURCH  ,3753 N TROY ST,CHICAGO IL 60618-4505,,1320150,1733036172
MULT TEN,2000,10050.0,8621 GLENWOOD AVE,RALEIGH,27617,AUDIO ADVICE PROPERTIES LLC ,8621 GLENWOOD AVE,RALEIGH NC 27617-7427,,2464866,0777670032
OFC GROSS,1988,10037.0,6028 TRIANGLE DR,RALEIGH,27617,MARTIN MARIETTA MATERIALS INC ,PO BOX 54788,LEXINGTON KY 40555-4788,,4717165,0778429107
OFC GROSS,1986,10037.0,3231 ATLANTIC AVE,RALEIGH,27604,OCCONEECHEE COUNCIL OF BOYS SCOUTS ,3231 ATLANTIC AVE,RALEIGH NC 27604-1675,,1566923,1715653449
MULT TEN,2001,10034.0,9910 STRICKLAND RD,RALEIGH,27615,DGR PROPERTIES LLC ,9910 STRICKLAND RD STE 120,RALEIGH NC 27615-2083,,2320671,1708033767
SNGL TEN,1997,10015.0,9005 BAILEYWICK RD,RALEIGH,27615,GOODWILL INDUSTRIES OF EASTERN NORTH CAROLINA INC ,4721 EMPEROR BLVD STE 260,DURHAM NC 27703-7664,,2447049,1708234534
MED OFC GROSS,1982,10002.0,3805 COMPUTER DR,RALEIGH,27609,COMPUTER DRIVE ASSOCIATES ,3805 COMPUTER DR,RALEIGH NC 27609-6503,,2233450,1705889196
FLEX WHSE,1986,10000.0,6307 ANGUS DR,RALEIGH,27617,TRUSTMAN FAMILY LIMITED LIABILITY COMPANY LLC,10865 NC 210 N,ANGIER NC 27501-9726,,1440538,0778211768
FLEX WHSE,1986,10000.0,3121 GLEN ROYAL RD,RALEIGH,27617,"UPCHURCH, MICHAEL R UPCHURCH, HILDA S",4921 TORRY RIDGE RD,RALEIGH NC 27613-5363,,1444463,0777566045
MULT TEN,1997,10000.0,6904 GLENWOOD AVE,RALEIGH,27612,ROUNDUP INVESTMENTS LLC ,PO BOX 1100,MORRISVILLE NC 27560-1100,,2800769,0786593503
SNGL TEN,1991,10000.0,3601 BASTION LN,RALEIGH,27604,SHERRILL'S UNIVERSITY OF BARBER & COSMETOLOGY ,3601 BASTION LN,RALEIGH NC 27604-4545,,2128018,1724258416
FLEX WHSE,1999,10000.0,101 TOWERVIEW CT,CARY,27513,PARRISH TOWERVIEW PROPERTIES LLC ,PO BOX 10603,RALEIGH NC 27605-0603,,2360617,0754559939
MULT TEN,1996,10000.0,6820 DAVIS CIR,RALEIGH,27613,ARIANA CORP USA ,101 SWIFT WIND PL,APEX NC 27539-5113,,1762567,0786596682
FLEX WHSE,1983,10000.0,541 PYLON DR,RALEIGH,27606,DAVENPORT FAMILY PROPERTIES LLC ,3257 ANDERSON DR,RALEIGH NC 27609-7855,,1813520,0784832243
MULT TEN,2003,10000.0,6514 OLD WAKE FOREST RD,RALEIGH,27616,MOORE & SONS REALTY II LLC ,3212 DOGWOOD DR,RALEIGH NC 27604-3980,,2363346,1727101142
OFC GROSS,1998,9996.0,308 RALEIGH ST,HOLLY SPRINGS,27540,VILLAGE OFFICE CONDOS LLC ,"RS FINCHER & CO, LLC",PO BOX 1117,APEX NC 27502-3117,0,0649915675
FLEX WHSE,2000,9980.0,3810 CENTURION DR,RALEIGH,27529,DYNAMIC PROPERTIES LLC ,703 EDGEWATER DR,GARNER NC 27529-9020,,1800311,1722713000
SNGL TEN,1996,9966.0,9111 LEESVILLE RD,RALEIGH,27613,LBW REAL ESTATE HOLDINGS II LLC ,3009 GRANVILLE DR,RALEIGH NC 27609-6917,,2057606,0788116528
DAY CARE,1997,9949.0,2051 SHEPHERDS VINEYARD DR,APEX,27502,BRIGHT HORIZONS CHILDRENS CNTRS INC ,ATTN: MELANIE RAY,PO BOX 9177,WATERTOWN MA 02471-9177,2588721,0752252295
MULT TEN,2001,9941.0,1230 W WILLIAMS ST,APEX,27502,JAY T PROPERTIES LLC ,2019 EASTCHESTER DR,HIGH POINT NC 27265-1406,,2066088,0732767592
SNGL TEN,1985,9939.0,9000 GLENWOOD AVE,RALEIGH,27617,9000 GLENWOOD AVENUE LLC ,PAUL ROSE,3113 FALLS RIVER AVE,RALEIGH NC 27614-8650,1902756,0778303100
FLEX WHSE,1993,9920.0,616 HUTTON ST,RALEIGH,27606,PYLON INC ,501 UWHARRIE CT STE E,RALEIGH NC 27606-1470,,1791673,0784833054
FLEX WHSE,2002,9913.0,3115 HERITAGE TRADE DR,WAKE FOREST,27587,THALES ACADEMY INC ,4641 PARAGON PARK RD,RALEIGH NC 27616-3406,,2313072,1840223131
FLEX WHSE,1990,9900.0,10207 CHAPEL HILL RD,MORRISVILLE,27560,"PINTER, ANDREW T PINTER, NANCY L",11709 APPALOOSA RUN E,RALEIGH NC 27613-7107,,1471962,0755162181
FLEX WHSE,2000,9900.0,7308 SIEMENS RD,,27591,JT HUNT HOLDINGS LLC ,PO BOX 2139,WENDELL NC 27591-2139,,993478,1785121444
FIRE STA,1981,9878.0,105 KEETER CENTER DR,RALEIGH,27601,RALEIGH CITY OF ,PO BO X590,RALEIGH NC 27602-0590,,1797578,1703626885
CHURCH,1997,9866.0,760 REEDY CREEK RD,CARY,27513,CHRIST FAMILY CHURCH INC ,PO BOX 566,CARY NC 27512-0566,,2749479,0764974035
DAY CARE,1997,9862.0,800 CORPORATE CENTER DR,RALEIGH,27607,BRIGHT HORIZONS CHILDRENS CNTR INC ,PO BOX 929103,NEEDHAM MA 02492-9103,,2754613,0774735802
DAY CARE,2005,9832.0,9920 SELLONA ST,RALEIGH,27617,LCP RALEIGH OWNER LLC ,50 MAIN ST STE 1410,WHITE PLAINS NY 10606-2072,,3901908,0758634110
FLEX WHSE,1986,9814.0,1018 MORRISVILLE PKWY,MORRISVILLE,27560,SPI PARTNERS LLC ,REFOLIO PROPERTIES INC,PO BOX 144,CARY NC 27512-0144,1991408,0755202087
FIRE STA,1987,9809.0,1401 OLD APEX RD,CARY,27513,CARY TOWN OF ,REAL ESTATE DEPT TOWN OF CARY,PO BOX 8005,CARY NC 27512-8005,2051713,0753752256
FLEX WHSE,1997,9800.0,214 GARNER BUSINESS CT,GARNER,27529,NMS RAND GBC LLC ,411 SE OSCEOLA ST STE 200,STUART FL 34994-2509,,1090989,1711914138
FLEX WHSE,2004,9784.0,1631 NW MAYNARD RD,CARY,27513,TRIANGLE REAL ESTATE COMPANY ,113 DUNCANSBY CT,CARY NC 27511-6403,,2344383,0754747027
MULT TEN,1998,9750.0,1303 N MAIN ST,FUQUAY-VARINA,27526,SAMPLE PROPERTIES I LLC ,7424 CHAPEL HILL RD,RALEIGH NC 27607-5079,,2583915,0667600595
MULT TEN,1984,9742.0,115 W CHATHAM ST,CARY,27511,ASHWORTH FAMILY LIMITED PARTNERSHIP ,PO BOX 98,CARY NC 27512-0098,,1995691,0764417306
OFC GROSS,1980,9730.0,7000 SIX FORKS RD,RALEIGH,27615,GPAGENCY PROPERTIES LLC ,7000 SIX FORKS RD,RALEIGH NC 27615-6453,,1412070,1707534559
OFC GROSS,1994,9705.0,981 HIGH HOUSE RD,CARY,27513,REC SHANNON OAKS LLC ,1933 MORRISVILLE CARPENTER RD,CARY NC 27519-9734,,2309551,0754017540
DAY CARE,2001,9691.0,2500 HIGHSTONE RD,CARY,27519,BRIGHT HORIZONS CHILDREN'S CENTERS ,PO BOX 9177,WATERTOWN MA 02471-9177,,2935322,0744411834
OFC GROSS,2002,9688.0,8351 STANDONSHIRE WAY,RALEIGH,27615,CREST PARTNERS LLC ,8310 BANDFORD WAY,RALEIGH NC 27615-2752,,1504606,0798438144
MED OFC GROSS,1977,9678.0,3010 ANDERSON DR,RALEIGH,27609,3010 ANDERSON LLC ,343 E SIX FORKS RD STE 300,RALEIGH NC 27609-7888,,2492211,1705849434
DAY CARE,1989,9677.0,102 YMCA DR,CARY,27513,TELAMON CORPORATION ,102 YMCA DR,CARY NC 27513-4870,,1983762,0743878423
OFC GROSS,1980,9676.0,5125 WIDESPAN DR,,27520,BRIEGAN CONCRETE LLC ,900 N GARVER RD,MONROE OH 45050-1241,,1101086,1740034694
CHURCH,1994,9667.0,9050 STRICKLAND RD,RALEIGH,27615,CHRIST'S SANCTIFED HOLY CHURCH HAGAN FLOYD L SR & F L ROEBUCK &,TRACY ROGERS,8401 BOURNEMOUTH DR,RALEIGH NC 27615-2005,2527176,1708428166
OFC GROSS,1987,9664.0,1600 GLENWOOD AVE,RALEIGH,27608,NORTH CAROLINA FORESTRY ASSOC INC ,1600 GLENWOOD AVE,RALEIGH NC 27608-2356,,2733904,1704560683
MED OFC GROSS,1985,9652.0,1101 DRESSER CT,RALEIGH,27609,JDAL TRUST ,1101 DRESSER CT,RALEIGH NC 27609-7327,,1974865,1715289528
OFC GROSS,1989,9652.0,100 LYNN RD,RALEIGH,27609,MMWD LLC ,100 LYNN RD,RALEIGH NC 27609-2835,,1732921,1707701247
MULT TEN,2000,9634.0,312 W CHATHAM ST,CARY,27511,CHOSEN312 LLC ,306 S HARRISON AVE,CARY NC 27511-3216,,2543160,0764312408
FLEX WHSE,2001,9630.0,2906 TRYON RD,RALEIGH,27603,"BRANCH, KENNETH LEE ",10304 PADGHAM LN,CARY NC 27518-6988,,1681120,0792452665
DAY CARE,2000,9628.0,1177 NW MAYNARD RD,CARY,27513,OUR FUTURES HOLDINGS LLC ,102 PARKVINE CIR,CARY NC 27519-5990,,2674400,0753693433
CHURCH,1980,9604.0,1521 VANDORA SPRINGS RD,GARNER,27529,VANDORA SPRINGS FREE WILL BAPTIST CHURCH ,PO BOX 133,GARNER NC 27529-0133,,1605716,1700877367
MULT TEN,2003,9600.0,1620 MARTIN LUTHER KING JR BLVD,RALEIGH,27610,RALPH URBAN DEVELOPMENT I LLC ,2714A CLARK AVE,RALEIGH NC 27607-7102,,1967524,1713458146
OFC GROSS,1980,9600.0,400 W PEACE ST,RALEIGH,27603,RALEIGH CITY OF ,PO BOX 590,RALEIGH NC 27602-0590,,32884715,1704538007
DAY CARE,1988,9597.0,8050 CHAPEL HILL RD,CARY,27513,OUR THIRD WALTZ LLC ,1851 MOUNTAIN DAISY CT,HIGHLANDS RANCH CO 80129-6279,,1053700,0764739827
OFC GROSS,1997,9595.0,220 INTERNATIONAL DR,MORRISVILLE,27560,THOMAS CONCRETE OF CAROLINA INC ,2500 CUMBERLAND PKWY SE STE 200,ATLANTA GA 30339-3922,,3216543,0756205120
SNGL TEN,1997,9590.0,1231 NE MAYNARD RD,CARY,27513,MAYNARD 2013 LLC ,3012 HIGHWOODS BLVD STE 201,RALEIGH NC 27604-1031,,2532766,0774032888
FIRE STA,1999,9576.0,1695 TIMBER DR,GARNER,27529,TOWN OF GARNER ,900 7TH AVE,GARNER NC 27529-3796,,1611245,1700871033
OFC GROSS,1985,9575.0,8312 CREEDMOOR RD,RALEIGH,27613,CSD PROPERTIES LLC ,8312 CREEDMOOR RD,RALEIGH NC 27613-1611,,2295759,0798436002
CHURCH,2003,9560.0,13345 WAKE UNION CHURCH RD,,27587,WAKE UNION BAPTIST CHURCH ,EARL PLEASANT TRUSTEES,13345 WAKE UNION CHURCH RD,WAKE FOREST NC 27587-7451,2080339,1841097787
GYM,1990,9558.0,9321 LEESVILLE RD,RALEIGH,27613,LEESVILLE ENTERPRISES LLC ,2106 COLEY FOREST PL,RALEIGH NC 27607-3122,,1151118,0788039186
DAY CARE,1999,9555.0,2590 LAURA DUNCAN RD,CARY,27513,MDC NC2 LP ,KINDERCARE EDUCATION LLC,650 NE HOLLADAY ST STE 1400,PORTLAND OR 97232-2096,2887770,0753224890
OFC GROSS,2001,9538.0,133 KEYBRIDGE DR,MORRISVILLE,27560,KEYBRIDGE PROPERTIES LLC ,800 PINNER WEALD WAY STE 202,CARY NC 27513-2607,,1437435,0755239505
DAY CARE,1999,9533.0,123 BRIGHT BEGINNING WAY,CARY,27519,SCOTT-HERNDON ENTERPRISES LLC ,123 BRIGHT BEGINNING WAY,CARY NC 27519-6365,,2508227,0733871306
OFC GROSS,1978,9500.0,8921 GLENWOOD AVE,RALEIGH,27617,PATIO COLLECTION LLC ,8921 GLENWOOD AVE,RALEIGH NC 27617-7503,,1995889,0777298821
MULT TEN,2000,9500.0,2115 S MAIN ST,WAKE FOREST,27587,WAKE FOREST PROFESSIONAL CENTER LLC ,1332 RESERVOIR VIEW LN,WAKE FOREST NC 27587-1836,,1972739,1830708270
DAY CARE,1975,9498.0,2100 NORTH HILLS DR,RALEIGH,27612,PRIMARY HOLDINGS LLC ,4001 SPRING FOREST RD,RALEIGH NC 27616-4609,,2169468,0796709869
OFC GROSS,2002,9487.0,7001 HARPS MILL RD,RALEIGH,27615,A E FINLEY FOUNDATION INC ,PO BOX 98266,RALEIGH NC 27624-8266,,2105100,1707959369
DAY CARE,1977,9484.0,6840 FALLS OF NEUSE RD,RALEIGH,27615,PRIMARY HOLDINGS LLC ,4001 SPRING FOREST RD,RALEIGH NC 27616-4609,,1824911,1717152391
FIRE STA,2001,9480.0,736 HUNTER ST,APEX,27502,TOWN OF APEX ,PO BOX 250,APEX NC 27502-0250,,3098243,0742121986
FLEX WHSE,1988,9475.0,100 WOODWINDS INDUSTRIAL CT,CARY,27511,LADD FAMILY PROPERTIES LLC ,PO BOX 760,CARY NC 27512-0760,,1605139,0753324090
FLEX WHSE,2001,9450.0,1104 GREAT FALLS CT,KNIGHTDALE,27545,1104 GREAT FALLS LLC ,107 FAYETTEVILLE ST STE 100,RALEIGH NC 27601-2913,,1825008,1744963859
DAY CARE,2000,9440.0,9420 SIX FORKS RD,RALEIGH,27615,"PERRY, A BRYAN SR PERRY, PATRICIA T",2016 PAGAN RD,RALEIGH NC 27603-8213,,2671487,1708352655
SNGL TEN,1996,9430.0,9009 BAILEYWICK RD,RALEIGH,27615,A E STEVENS LLC ,PO BOX 1595,WRIGHTSVILLE BEACH NC 28480-1595,,2602347,1708233677
OFC GROSS,1985,9420.0,450 LAKE GLAD RD,,27591,WENDELL TOWN OF ,409 LANDING VIEW DR,WENDELL NC 27591-4559,,1092035,1783560123
SNGL TEN,1994,9410.0,908 SPRINGFIELD COMMONS DR,RALEIGH,27609,TMK LIMITED PARTNERSHIP ,2711 LEMON TREE LN,CHARLOTTE NC 28211-3645,,2031035,1717202543
MULT TEN,1993,9400.0,2601 BLUE RIDGE RD,RALEIGH,27607,MONTS RIDGE LLC ,1124 GROGANS MILL DR,CARY NC 27519-9472,,3294583,0785712956
OFC GROSS,1981,9394.0,1101 OBERLIN RD,RALEIGH,27605,NC STATE BOARD OF CPA EXAMINER ,1101 OBERLIN RD,RALEIGH NC 27605-1788,,1260065,1704056746
FLEX WHSE,1992,9375.0,6204 DAIMLER WAY,RALEIGH,27607,6737 MARKET LLC ,4151 GARDENLAKE DR,RALEIGH NC 27612-6953,,1823349,0774916966
OFC GROSS,1979,9360.0,956 W CHATHAM ST,CARY,27511,VICTORIA ASSOC LLC ,PO BOX 66,CARY NC 27512-0066,,980736,0753865959
CHURCH,1991,9350.0,8032 RAY RD,,27613,INTERNATIONAL CHURCH OF THE FOURSQUARE GOSPEL,3308 HIKING TRL,RALEIGH NC 27615-4009,,2224654,0787990696
OFC GROSS,1988,9331.0,200 SAWMILL RD,RALEIGH,27615,C & C EQUITIES LLC C & J EQUITIES LLC,4200 BERRY D SIMS WYND,RALEIGH NC 27612-5344,,1413141,1707369249
DAY CARE,1991,9323.0,508 W JUDD ST,ZEBULON,27597,TOR WAKELON LLC ,TEN OAKS HOLDING LLC,PO BOX 257,FALLSTON MD 21047-0257,1606130,1795970025
FLEX WHSE,1991,9300.0,2900 US 70 HWY E,,27520,"BERKAU, VICKI N BERKAU, THOMAS S",176 FOREST LAKE CT,MOUNT GILEAD NC 27306-9284,,1678808,1740208847
CHURCH,1979,9277.0,1004 US 64 HWY W,APEX,27523,FAITH BAPTIST CHURCH ,915 KILDAIRE FARM RD,CARY NC 27511-3936,,4312614,0752260590
FLEX WHSE,1998,9275.0,4908 ALPINIS DR,RALEIGH,27616,SRD INC ,4802 GLENMIST CT,RALEIGH NC 27612-6340,,1412243,1716942360
MULT TEN,1997,9272.0,128 OAKHALL DR,HOLLY SPRINGS,27540,"ANNE ROSE ASSETS, LLC ",128 OAKHALL DR,HOLLY SPRINGS NC 27540-8709,,1724940,0649851317
CLUB HSE,2001,9271.0,3350 CANES WAY,RALEIGH,27614,COUNTRY CLUB AT WAKEFIELD PLANTATION ACQUISITION L ,400 DONALD ROSS DR,RALEIGH NC 27610-2814,,806164,1830368466
CHURCH,2001,9264.0,1305 S MAIN ST,FUQUAY-VARINA,27526,WHITE OAK FOUNDATION INC ,1624 WHITE OAK CHURCH RD,APEX NC 27523-6071,,2068722,0656803149
CHURCH,1978,9240.0,6520 RAY RD,RALEIGH,27613,CALVARY PRESBYTERIAN CHURCH IN AMERICA OF RALEIGH NORTH CAROLINA,6520 RAY RD,RALEIGH NC 27613-3234,,3601172,0797015167
DAY CARE,1976,9238.0,4905 WESTERN BLVD,RALEIGH,27606,"JOHN L IRVIN #10 LLC EGERTON, DORIS I",PARADIGM TAX GROUP,PO BOX 800729,DALLAS TX 75380-0729,1519384,0784607964
FIRE STA,1982,9216.0,5825 TRYON RD,CARY,27518,SWIFT CREEK RURAL FIRE DEPT INC ,5825 TRYON RD,CARY NC 27518-9311,,3026047,0772763242
FIRE STA,1998,9186.0,10632 CHAPEL HILL RD,MORRISVILLE,27560,MORRISVILLE TOWN OF ,100 TOWN HALL DR,MORRISVILLE NC 27560-8147,,3583691,0746828712
OFC GROSS,1985,9176.0,5901 FALLS OF NEUSE RD,RALEIGH,27609,5901 ASSOCIATES LLC ,PO BOX 17102,RALEIGH NC 27619-7102,,1602292,1716286908
OFC GROSS,1981,9163.0,1005 BULLARD CT,RALEIGH,27615,"NARAYANA, DEEPAKRAJ NARAYANA, PAMELA",4004 NC 55 HWY,CARY NC 27519-8372,,1230223,1717215749
CHURCH,1980,9152.0,741 E JUNIPER AVE,WAKE FOREST,27587,FAITH TABERNACLE ,741 E JUNIPER AVE,WAKE FOREST NC 27587-2450,,962885,1841834015
CHURCH,1980,9133.0,1200 S STATE ST,RALEIGH,27610,CHURCH OF GOD OF PROPHECY THE ,PO BOX 14053,RALEIGH NC 27620-4053,,3322910,1713130634
MED OFC GROSS,1986,9121.0,106 RIDGEVIEW DR,CARY,00000,NORTH WAKE RETINA REAL ESTATE LLC ,4414 LAKE BOONE TRL STE 302,RALEIGH NC 27607-7514,,1653904,0763506417
OFC GROSS,2005,9108.0,5830 SIX FORKS RD,RALEIGH,27609,NORTH CAROLINA APPRAISAL BOARD ,5830 SIX FORKS RD,RALEIGH NC 27609-3836,,2660257,1706771801
FLEX WHSE,2000,9065.0,4912 ALPINIS DR,RALEIGH,27616,"ALPINIS HOLDINGS LLC MASSENGILL, TERRI S",805 SPRING FOREST RD STE 1000,RALEIGH NC 27609-9112,,1213866,1716942453
SNGL TEN,1988,9062.0,5610 ATLANTIC AVE,RALEIGH,27615,OREILLY AUTOMOTIVE INC ,OREILLY AUTO PARTS STORE 2442,PO BOX 9167,SPRINGFIELD MO 65801-9167,2358426,1716887875
DAY CARE,2000,9060.0,10350 DURANT RD,RALEIGH,27614,ZAVELOFF REALTY LLC ,1440 PINEMERE AVE,LAKEWOOD NJ 08701-1738,,3440589,1728241527
MULT TEN,2000,9030.0,4800 GROVE BARTON RD,RALEIGH,27613,GANDHI AT GROVE BARTON RALEIGH LLC ,9201 LEESVILLE RD STE 201,RALEIGH NC 27613-7540,,3160957,0787421099
OFC GROSS,1981,9020.0,1151 KILDAIRE FARM RD,CARY,27511,1151 KILDAIRE LLC ,1208 CRABTREE CROSSING PKWY,MORRISVILLE NC 27560-7560,,1166301,0763434668
DAY CARE,1997,9016.0,1020 JONES DAIRY RD,,27587,"GOWER, JERRY W GOWER, JOANN",4814 OLD FAISON RD,KNIGHTDALE NC 27545-9188,,1816685,1850611627
MULT TEN,1975,9006.0,8801 OLD STAGE RD,GARNER,27603,STAGE TEN LLC ,1010 VENETIAN CT,CARY NC 27518-7103,,1216356,0699932312
MULT TEN,2004,9000.0,929 HERITAGE LAKE RD,WAKE FOREST,27587,FLEMING COMMERCIAL PROPERTIES LLC ,1017 HIDDEN JEWEL LN,WAKE FOREST NC 27587-4208,,2167635,1749698992
SNGL TEN,1992,8960.0,1819 WALNUT ST,CARY,27518,ACV PIER CARY LLC ,465 1ST ST W FL 2,SONOMA CA 95476-6600,,3197069,0773615418
MULT TEN,1999,8955.0,1103 NEW BERN AVE,RALEIGH,27601,DALCHER AL LLC ,DEANA LUSK,5808 HEDGEMOOR DR,RALEIGH NC 27612-6324,2223253,1713195183
OFC GROSS,2001,8934.0,610 STELLATA DR,FUQUAY-VARINA,27526,BERKSHIRE PARTNERS LLC ,8310 BANDFORD WAY,RALEIGH NC 27615-2752,,1180635,0666498973
OFC GROSS,1997,8928.0,120 FIRST FLIGHT LN,CARY,27560,BURLESON HOLDINGS LLC ,120 FIRST FLIGHT LN,MORRISVILLE NC 27560-8529,,1797190,0757887424
DAY CARE,2002,8918.0,131 LATTNER CT,CARY,27560,MOORE PROPERTY HOLDINGS LLC ,131 LATTNER CT,MORRISVILLE NC 27560-6843,,3313084,0745379512
SNGL TEN,1975,8876.0,301 N ARENDELL AVE,ZEBULON,27597,JR DEVELOPMENT LLC ,100 S SMITHFIELD RD,KNIGHTDALE NC 27545-7781,,1218835,2705352277
FIRE STA,1977,8873.0,8312 PINECREST RD,RALEIGH,27613,DURHAM HIGHWAY FIRE ,11905 NORWOOD RD,RALEIGH NC 27613-6053,,1545316,0788019448
OFC GROSS,1987,8856.0,605 MERCURY ST,RALEIGH,27603,THAIBAHAMAS LLC ,605 MERCURY ST,RALEIGH NC 27603-2343,,1870277,1703129444
SNGL TEN,1990,8845.0,1900 NC 55 HWY,,27519,NOTTOWA NURSERY INC ,PO BOX 808,APEX NC 27502-0808,,2504986,0733721870
OFC GROSS,1977,8844.0,5312 SIX FORKS RD,RALEIGH,27609,UPDEGRAFF PROPERTIES LLC ,3912 VICTORIA TOWNES LN,RALEIGH NC 27612-4330,,1079852,1706663014
MULT TEN,1997,8840.0,404 E BROAD ST,FUQUAY-VARINA,27526,STEPHENS REALTY COMPANY LLC ,109 CALDWELL DR,OAK RIDGE TN 37830-7740,,1951056,0667017104
FLEX WHSE,1998,8834.0,214 HILLSBORO ST,CARY,27513,TOWN OF CARY ,REAL ESTATE DEPT TOWN OF CARY,PO BOX 8005,CARY NC 27512-8005,1554974,0764329104
OFC GROSS,1999,8827.0,1903 HIGH HOUSE RD,CARY,27519,FMR PROPERTIES LLC ,PO BOX 17102,RALEIGH NC 27619-7102,,2445071,0744520740
DAY CARE,1987,8826.0,1521 N MAIN ST,FUQUAY-VARINA,27526,CRUMPTON FAMILY PROPERTIES LLC ,4505 GREENBREEZE LN,FUQUAY VARINA NC 27526-6865,,1386077,0667918629
MED OFC GROSS,1984,8814.0,103 BAINES CT,CARY,27511,BAINES COURT LLC ,103 BAINES CT # S200,CARY NC 27511-6646,,1582212,0763500691
OFC GROSS,1984,8804.0,4312 WAKE FOREST RD,RALEIGH,27609,JEE INVESTMENTS LLC ,PO BOX 3506,WILSON NC 27895-3506,,1268589,1716512161
FIRE STA,1986,8750.0,1807 KILDAIRE FARM RD,CARY,27518,CARY TOWN OF ,REAL ESTATE DEPT TOWN OF CARY,PO BOX 8005,CARY NC 27512-8005,1550710,0762543932
MULT TEN,1999,8750.0,3009 VILLAGE PARK DR,KNIGHTDALE,27545,T T A G L L C ,6245 NAVIGATOR WAY,SOUTHPORT NC 28461-3122,,2347155,1744958531
DAY CARE,2005,8740.0,400 GATHERING PARK CIR,CARY,27519,KMS VENTURES LLC ,1000 DARRINGTON DR STE 105,CARY NC 27513-8134,,2797270,0745236680
VET CLIN,1977,8708.0,1108 DRESSER CT,RALEIGH,27609,BIG CLIFF LLC ,3809 BUCKRIDGE CT,RALEIGH NC 27616-0792,,1388724,1715289233
MED OFC GROSS,2004,8664.0,320 GIDEON CREEK WAY,RALEIGH,27603,SG MORTGAGE FINANCE CORP ,PROPERTY VALUATION SERVICES,14400 METCALF AVE,OVERLAND PARK KS 66223-2989,2161977,1702409855
DAY CARE,1996,8660.0,2511 NC 55 HWY,CARY,27519,MOORE PROPERTY HOLDINGS II LLC ,100 FOUNTAIN WYND CT,CARY NC 27519-2582,,2600626,0733797366
OFC GROSS,1984,8654.0,6118 ST GILES ST,RALEIGH,27612,KKLM LLC ,714 W JOHNSON ST,RALEIGH NC 27603-1230,,763212,0786768199
DAY CARE,2004,8648.0,903 OLIVE CHAPEL RD,APEX,27502,GROKHALOV FAMILY VENTURES INC ,2649 BECKWITH RD,APEX NC 27523-7108,,3253814,0732925761
VET CLIN,1994,8631.0,9309 LEESVILLE RD,RALEIGH,27613,LEESVILLE ANIMAL HOSPITAL ,9309 LEESVILLE RD,RALEIGH NC 27613-7515,,1890629,0788121803
VET CLIN,2001,8619.0,11021 WAKEFIELD COMMONS DR,RALEIGH,27614,KELLY PARTNERS REAL ESTATE LLC ,11021 WAKEFIELD COMMONS DR,RALEIGH NC 27614-6913,,2538351,1739482950
OFC GROSS,1984,8600.0,219 E CHATHAM ST,CARY,27511,219 E. CHATHAM LLC ,209 KELSO CT,CARY NC 27511-6523,,2212187,0764611931
OFC GROSS,1995,8595.0,4705 HARGROVE RD,RALEIGH,27616,CQ LANDLORD MULTI LLC ,GENERAL PARTS DISTRIBUTION LLC,2635 E MILLBROOK RD,RALEIGH NC 27604-2988,1214714,1726142228
OFC GROSS,1979,8586.0,1100 DRESSER CT,RALEIGH,27609,LEXINGTON 1100 LLC ,1100 DRESSER CT,RALEIGH NC 27609-7326,,1285495,1715287381
FIRE STA,1977,8580.0,8933 FOWLER RD,,27597,HOPKINS RURAL FIRE DEPT INC ,8929 FOWLER RD,ZEBULON NC 27597-9022,,964273,1797180062
OFC GROSS,1980,8570.0,5109 BUR OAK CIR,RALEIGH,27612,BUR OAK LLC ,5109 BUR OAK CIR STE 100,RALEIGH NC 27612-3101,,1138728,0786850458
CHURCH,1984,8568.0,10310 CHAPEL HILL RD,MORRISVILLE,27560,CALVARY BAPTIST CHURCH OF MORRISVILLE NC ,PO BOX 100,MORRISVILLE NC 27560-0100,,2265739,0755182383
DAY CARE,1980,8560.0,8408 STRICKLAND RD,,27615,"STRICKLAND ROAD PROPERTIES, LLC ",7217 PADDOCK DR,RALEIGH NC 27613-8172,,1443204,1708709960
GYM,2001,8558.0,2551 SOUTHALL RD,RALEIGH,27604,HEDINGHAM COMMUNITY ASSOCIATION ,2551 SOUTHALL RD,RALEIGH NC 27604-4807,,0,1735105175
MULT TEN,1981,8530.0,1300 N ARENDELL AVE,ZEBULON,27597,ZEBULON (ARENDALL AVE) WW LLC ,361 SUMMIT BLVD STE 110,VESTAVIA AL 35243-3168,,2003901,2706003875
DAY CARE,2000,8528.0,5501 AVENT FERRY RD,RALEIGH,27606,EDMONDS PROPERTIES LLC ,9609 KINGSFORD DR,CARY NC 27518-1554,,2087041,0782388502
MULT TEN,1983,8504.0,6429 GLENWOOD AVE,RALEIGH,27612,DUNN DEVELOPERS OF RALEIGH INC ,6425 GLENWOOD AVE,RALEIGH NC 27612-2619,,2203767,0786677550
DAY CARE,2000,8502.0,3801 DOIE COPE RD,RALEIGH,27613,BRICK BY BRICK INC ,1053 TACKETTS POND DR,RALEIGH NC 27614-7887,,2960747,0787338046
FLEX WHSE,1993,8500.0,1601 WAKE FOREST RD,RALEIGH,27604,HARRISPARK PROPERTIES INC ,608 GASTON ST STE 200,RALEIGH NC 27603-1258,,1098258,1714067476
VET CLIN,1999,8500.0,992 DURHAM RD,WAKE FOREST,27587,DURHAM ROAD LLC ,PO BOX 160,KITTRELL NC 27544-0160,,1510448,1831309857
SNGL TEN,1986,8500.0,122 YEARGAN RD,GARNER,27529,"TUWELLA,LLC ",197 HAYWOOD DR,ADVANCE NC 27006-8752,,1006705,1711050640
MULT TEN,1996,8500.0,320 MCCORMICK ST,GARNER,27529,DKING NC RENTAL LLC ,28517 TALORI TER,BONITA SPRINGS FL 34135-8385,,1423258,1701587277
SNGL TEN,1996,8487.0,750 SE MAYNARD RD,CARY,27511,B & G INVESTMENTS ,PO BOX 1785,MOUNT PLEASANT SC 29465-1785,,3117202,0773055090
OFC GROSS,2002,8484.0,407 GORMAN ST,RALEIGH,27607,YOGAAN REAL ASSETS LLC ,3351 GRANVILLE DR,RALEIGH NC 27609-6923,,1222704,0794335496
DAY CARE,1989,8464.0,4325 TRYON RD,,27606,KIDDIE UNIVERSITY LLC ,1004 MINNIE DR,RALEIGH NC 27603-8498,,2418885,0782579241
OFC GROSS,2001,8461.0,333 JAMES JACKSON AVE,CARY,27513,"GARNER, SANDRA K TRUSTEE TRUSTEE OF SANDRA K GARNER TRUST",19001 SEARSTONE DR APT 107,CARY NC 27513-5418,,1225480,0754740562
FLEX WHSE,2005,8446.0,110 TRADITION TRL,HOLLY SPRINGS,27540,HSBP PROPERTIES LLC ,5624 LOCKLEY RD,APEX NC 27539-5346,,2065026,0649234070
FIRE STA,1984,8445.0,2960 WENDELL BLVD,WENDELL,27591,WENDELL HOLMES RURAL FIRE DEPT INC ,2960 WENDELL BLVD,WENDELL NC 27591-7269,,1622004,1784434142
DAY CARE,2001,8436.0,3901 KILDAIRE FARM RD,CARY,27539,SCF RC FUNDING IV LLC ,902 CARNEGIE CTR STE 520,PRINCETON NJ 08540-6531,,2485894,0760075034
OFC GROSS,1981,8436.0,8821 MIDWAY WEST RD,RALEIGH,27617,DOGGETT LLC ,1425 CRESSIDA DR,CHARLOTTE NC 28210-5683,,1285107,0778149609
CHURCH,1975,8430.0,133 RAND RD,,27603,MCCULLERS COMMUNITY BAPTIST CHURCH ,133 RAND RD,RALEIGH NC 27603-9227,,1808697,1609410973
DAY CARE,1997,8412.0,10030 DURANT RD,RALEIGH,27614,TENET EQUITY FUNDING SPE I LLC ,10030 DURANT RD,RALEIGH NC 27614-9370,,1904739,1728430811
MULT TEN,2000,8400.0,1625 RONALD DR,RALEIGH,27609,NU ASSOCIATES LLC ,222 CLOISTER CT,CHAPEL HILL NC 27514-2212,,1530372,1716601317
FLEX WHSE,1998,8400.0,134 THOMAS MILL RD,HOLLY SPRINGS,27540,GENERAL CONCRETE CONSTRUCTION INC ,134 THOMAS MILL RD,HOLLY SPRINGS NC 27540-9372,,1633763,0649335884
FLEX WHSE,1997,8400.0,1404 SMITH RENO RD,RALEIGH,27603,TURNER INVESTMENTS LLC ,1404 SMITH RENO RD,RALEIGH NC 27603-7732,,2441606,1702193963
FLEX WHSE,1994,8400.0,604 E CHATHAM ST,CARY,27511,919 ACG LLC ,701 E CHATHAM ST STE 201,CARY NC 27511-6964,,1047323,0764829544
OFC GROSS,1984,8384.0,2601 OBERLIN RD,RALEIGH,27608,FAIR VIEW ASSOCIATES ,2601 OBERLIN RD STE 101,RALEIGH NC 27608-1319,,1286948,1704198991
MULT TEN,2003,8375.0,102 S FIRST AVE,KNIGHTDALE,27545,KNIGHT123 LLC ,INCOME PROPERTIES OF RALEIGH INC,1049 DRESSER CT,RALEIGH NC 27609-7323,1580516,1754321163
MED OFC GROSS,1993,8372.0,901 RIDGEFIELD DR,RALEIGH,27609,RIDGEFIELD AWH LLC ,901 RIDGEFIELD DR,RALEIGH NC 27609-8504,,1858119,1717105133
DAY CARE,2004,8371.0,3425 ROGERS RD,WAKE FOREST,27587,BAP LEARNING LLC ,3425 ROGERS RD,WAKE FOREST NC 27587-3809,,2331118,1840417314
OFC GROSS,2001,8364.0,101 SIGMA DR,GARNER,27529,CAROLINAS COTTON GROWERS COOPERATIVE INC,MATTHEW WILLIAMS,101 SIGMA DR,GARNER NC 27529-8543,1472629,1730311422
MULT TEN,1998,8350.0,2918 KILDAIRE FARM RD,CARY,27518,RIANN PROPERTIES LLC ,3216 OAKLYN SPRINGS DR,RALEIGH NC 27606-8312,,1930167,0761361802
MULT TEN,1981,8332.0,4205 WAKE FOREST RD,RALEIGH,27609,THEEPROPERTY LLC ,7901 STRICKLAND RD STE 112,RALEIGH NC 27615-3189,,1834534,1716407410
MULT TEN,1988,8326.0,2816 TRAWICK RD,RALEIGH,27604,TRAWICK COMMERCIAL CENTER LLC ,PO BOX 464,RALEIGH NC 27602-0464,,1114638,1725134423
CHURCH,1975,8302.0,5836 OLD SMITHFIELD RD,,27539,"HINTON-BROOKS, NATILEE D TRUSTEE ",5900 OLD SMITHFIELD RD,APEX NC 27539-5351,,894198,0740840331
OFC GROSS,1984,8300.0,5847 MCHINES PL,RALEIGH,27616,MCHINES LLC ,1900 WILD WATERS DR,RALEIGH NC 27614-7647,,1176643,1726081111
FLEX WHSE,2004,8288.0,3708 CONQUEST DR,RALEIGH,27529,RKP ENTERPRISES LLC ,200 TINSTEEL CT,GARNER NC 27529-4182,,1685061,1722600709
DAY CARE,1994,8251.0,1500 EVANS RD,CARY,27513,"AASRA,LLC ",10809 ASHLAND MILL CT,RALEIGH NC 27617-7767,,2692631,0755919727
MULT TEN,1979,8236.0,2645 E MILLBROOK RD,RALEIGH,27604,MOGHADASS INC ,PO BOX 78534,CHARLOTTE NC 28271-7035,,1208082,1726142170
OFC GROSS,1985,8236.0,3301 GLEN ROYAL RD,RALEIGH,27617,3301 LLC ,3301 GLEN ROYAL RD,RALEIGH NC 27617-7407,,1537421,0777464153
OFC GROSS,1978,8214.0,4901 LEIGH DR,RALEIGH,27616,WOODS HOLDINGS LLC ,14223 WYNDFIELD CIR,RALEIGH NC 27615-1318,,1476610,1726259366
FIRE STA,1992,8213.0,13116 NORWOOD RD,,27614,BAYLEAF VOLUNTEER FIRE DEPT INC ,11713 SIX FORKS RD,RALEIGH NC 27614-8151,,1231651,0799383177
FIRE STA,1995,8208.0,4828 CLIFTON RD,KNIGHTDALE,27545,TOWN OF KNIGHTDALE ,950 STEEPLE SQUARE CT,KNIGHTDALE NC 27545-7655,,1343980,1742994217
SNGL TEN,1993,8200.0,1408 CORPORATION PKWY,RALEIGH,27604,LRE LLC ,900 NORRIS ST,RALEIGH NC 27604-1914,,1079707,1724861596
GYM,2000,8198.0,307 N ENNIS ST,FUQUAY-VARINA,27526,FUQUAY VARINA PRESBYTERIAN CHURCH ,308 N ENNIS ST,FUQUAY VARINA NC 27526-2009,,1012185,0666193082
MULT TEN,2004,8194.0,2200 GATHERING PARK CIR,CARY,27519,PARKWAY PROPERTIES LLC ,1000 DARRINGTON DR STE 105,CARY NC 27513-8134,,2978455,0745232520
DAY CARE,2000,8181.0,201 MORRISVILLE SQUARE WAY,MORRISVILLE,27560,PRESCHOOL ENTERPRISES LLC ,4915 WATERS EDGE DR STE 255,RALEIGH NC 27606-3370,,2068652,0755131208
FLEX WHSE,1993,8181.0,2400 RELIANCE AVE,,27539,"LTD ENTERPRISES, LLC ",2400 RELIANCE AVE STE A,APEX NC 27539-7010,,1679389,0751374401
FLEX WHSE,1993,8181.0,2400 RELIANCE AVE,,27539,LTD ENTERPRISES LLC ,2400 RELIANCE AVE STE A,APEX NC 27539-7010,,1683877,0751373545
SNGL TEN,1997,8175.0,199 HIGH HOUSE RD,CARY,27511,AUTOZONE DEVELOPMENT LLC ,123 S FRONT ST DEPT 8088,MEMPHIS TN 38103-3607,,2347855,0753996998
OFC GROSS,1998,8162.0,7718 SIX FORKS RD,RALEIGH,27615,STRUBLE OFFICE LIMITED PARTNERSHIP ,PO BOX 31346,RALEIGH NC 27622-1346,,1361166,1707478418
CHURCH,2003,8154.0,116 THIRD ST,HOLLY SPRINGS,27540,HOLLY SPRINGS UNITED CHURCH CHRIST ,PO BOX 352,HOLLY SPRINGS NC 27540-0352,,2724164,0649842113
CHURCH,1994,8149.0,2310 COMPASSIONATE DR,RALEIGH,27610,COMPASSIONATE TABERNACLE OF FAITH MISSIONARY BAPTI ,2310 COMPASSIONATE DR,RALEIGH NC 27610-6806,,1998126,1712782863
FIRE STA,2000,8147.0,9925 LIGON MILL RD,WAKE FOREST,27587,TOWN OF WAKE FOREST ,301 BROOKS ST,WAKE FOREST NC 27587-2901,,1990847,1739882087
OFC GROSS,1987,8116.0,2003 SCHIEFFELIN RD,APEX,27502,UNO MAS INVESTMENTS LLC ,2003 SCHIEFFELIN RD,APEX NC 27502-1771,,1365219,0741786770
SNGL TEN,1999,8100.0,411 S MAIN ST,ROLESVILLE,27571,DOLGENCORP INC ,DOLLAR GENERAL STORE #4977,100 MISSION RIDGE DR,GOODLETTSVILLE TN 37072-2171,1416454,1758892338
MULT TEN,1999,8100.0,1241 S MAIN ST,WAKE FOREST,27587,"JINBA NC, LLC ",IGNACIO CARDONA,125 COUNTY RD,DEMAREST NJ 07627-2433,1347664,1840258417
SNGL TEN,1987,8100.0,4801 LEIGH DR,RALEIGH,27616,GLOBAL INVESTMENTS GROUP LLC ,2624 TIMBER DR # 241,GARNER NC 27529-2571,,1341257,1726259200
MED OFC GROSS,1998,8090.0,1221 N MAIN ST,FUQUAY-VARINA,27526,LANE SPE LLC ,PO BOX 2230,ANGIER NC 27501-2230,,1566720,0667406498
OFC GROSS,1988,8068.0,1500 PINEY PLAINS RD,CARY,27518,JS LEE PROPERTY LLC ,1500 PINEY PLAINS RD STE 101,CARY NC 27518-6898,,1184143,0773513409
SNGL TEN,1993,8064.0,1500 US 70 HWY W,GARNER,27529,WT HOUSE LLC ,PO BOX 31346,RALEIGH NC 27622-1346,,2271716,1701583374
SNGL TEN,2000,8064.0,6809 DAVIS CIR,RALEIGH,27613,WAKE COUNTY BOARD OF ALCOHOLIC CONTROL ,600 S GREENFIELD PKWY,GARNER NC 27529-6977,,1413614,0786599007
CHURCH,1989,8063.0,4825 ROLESVILLE RD,,27591,NORTH CAROLINA DISTRICT COUNCIL ASSEMBLIES OF GOD INC,PO BOX 818,DUNN NC 28335-0818,,1210706,1765924208
FLEX WHSE,1999,8060.0,133 TRIANGLE TRADE DR,CARY,27513,PARKWAY PROPERTIES GROUP LLC ,1000 DARRINGTON DR STE 105,CARY NC 27513-8134,,1979908,0754851178
SNGL TEN,1999,8060.0,1525 OLD APEX RD,CARY,27513,"MANGUM, VIVIAN ELAINE TRUSTEE MANGUM, VIVIAN ELAINE TRUSTEE",1525 OLD APEX RD,CARY NC 27513-5357,,1456556,0753424949
DAY CARE,2003,8054.0,1035 HALIFAX ST,RALEIGH,27604,HOUSING AUTH CITY OF RALEIGH ,900 HAYNES ST,RALEIGH NC 27604-1462,,4158325,1704741153
OFC GROSS,1987,8042.0,6821 KNIGHTDALE BLVD,KNIGHTDALE,27545,WAKE STONE CORPORATION ,PO BOX 190,KNIGHTDALE NC 27545-0190,,2809974,1744769070
OFC GROSS,1984,8024.0,11405 FALLS OF NEUSE RD,,27587,UNITED STATES OF AMERICA ,US ARMY CORP OF ENG WILMINGTON DIST,11405 FALLS OF NEUSE RD,WAKE FOREST NC 27587-9210,809866471,1802015192
MED OFC GROSS,2005,8012.0,1004 PROCURE ST,FUQUAY-VARINA,27526,JAYKU LLC ,3412 BIRK BLUFF CT,CARY NC 27518-8224,,1562191,0666486930
MED OFC GROSS,2005,8012.0,1006 PROCURE ST,FUQUAY-VARINA,27526,"FUQUAY RETINA REAL ESTATE, LLC ",4414 LAKE BOONE TRL STE 302,RALEIGH NC 27607-7514,,1528282,0666497035
MULT TEN,2005,8000.0,7629 PURFOY RD,FUQUAY-VARINA,27526,PURFOY ROAD LLC ,JAMES S ADOCK III,PO BOX 1055,FUQUAY VARINA NC 27526-0227,2359192,0666795560
SNGL TEN,1999,8000.0,421 BROOKS ST,WAKE FOREST,27587,DOLGENCORP INC ,DOLLAR GENERAL STORE #4977,100 MISSION RIDGE DR,GOODLETTSVILLE TN 37072-2171,951410,1840590776
CHURCH,1999,8000.0,3309 CEDAR SPRINGS DR,,27603,LIVING WATERS AFRICAN METHODIST EPISCOPAL CHURCH ,PO BOX 37572,RALEIGH NC 27627-7572,,1844093,0792049664
OFC GROSS,1996,8000.0,250 DOMINION DR,MORRISVILLE,27560,DOMINION 250 LLC ,222 W MAITLAND BLVD,MAITLAND FL 32751-4323,,1185061,0756611424
FLEX WHSE,1997,8000.0,110 PHEASANT WOOD CT,MORRISVILLE,27560,LIMANO & ASSOCIATES III LLC ,110 PHEASANT WOOD CT STE D,MORRISVILLE NC 27560-7926,,1425538,0754394917
FLEX WHSE,1994,8000.0,100 CENTREWEST CT,CARY,27513,POPE WAKE HOLDINGS LLC ,124 LOCH POINTE DR,CARY NC 27518-8418,,2399976,0755830645
VET CLIN,1986,7990.0,1300 CORPORATION PKWY,RALEIGH,27610,"LAZENBY, LOUIS RAYMOND LAZENBY, ALICE M",3403 FOUR WATER VW SW,SUPPLY NC 28462-3542,,1057083,1724850440
OFC GROSS,1981,7954.0,1157 EXECUTIVE CIR,CARY,27511,BAIRD FIVE LLC ,123 WESTONGATE WAY,CARY NC 27513-2974,,1209969,0763437432
OFC GROSS,2003,7952.0,3631 BASTION LN,RALEIGH,27604,HLR HOLDINGS LLC ,3631 BASTION LN,RALEIGH NC 27604-3861,,1068964,1724355988
MED OFC GROSS,1990,7944.0,3101 JOHN HUMPHRIES WYND,RALEIGH,27612,TRIANGLE ARTHRITIS PROPERTIES LLC ,3101 JOHN HUMPHRIES WYND,RALEIGH NC 27612-5302,,1190112,0785656909
FIRE STA,2002,7924.0,2474 BUD LIPSCOMB RD,,27592,WAKE COUNTY ,WAKE COUNTY ATTORNEY'S OFFICE,PO BOX 550,RALEIGH NC 27602-0550,1540859,0685987415
MULT TEN,1993,7924.0,1398 KILDAIRE FARM RD,CARY,27511,CDHJ ENTERPRISES LLC ,JEFF DURHAM,11308 EMPIRE LAKES DR,RALEIGH NC 27617-8627,3020423,0763401958
OFC GROSS,1984,7920.0,2600 FAIRVIEW RD,RALEIGH,27608,"HUNT, K NEAL HUNT, FRANCES C",2600 FAIRVIEW RD,RALEIGH NC 27608-1384,,1198674,1704198789
SNGL TEN,2004,7910.0,7205 KNIGHTDALE BLVD,KNIGHTDALE,27545,COLONIAL KNIGHTDALE OUTPARCEL LLC ,DEPT 8088,PO BOX 2198,MEMPHIS TN 38101-2198,2236751,1754264136
OFC GROSS,1998,7899.0,212 SAWMILL RD,RALEIGH,27615,JLSK LLC ,212 SAWMILL RD,RALEIGH NC 27615-4936,,1513965,1707367350
CHURCH,1977,7896.0,3201 JACK MITCHELL RD,,27597,SAINT JOHN UNITED HOLY CHURCH INC ,3201 JACK MITCHELL RD,ZEBULON NC 27597-8477,,793874,1797117521
SCHOOL,1997,7892.0,604 S FRANKLIN ST,WAKE FOREST,27587,FRANKLIN ACADEMY INC THE ,C/O ROBERT L LUDDY,1912 CHALK RD,WAKE FOREST NC 27587-9164,1513329,1840584427
OFC GROSS,2000,7882.0,100 KEYBRIDGE DR,MORRISVILLE,27560,"BRADEN, JEFFREY N BRADEN, GAYLA S",154 RIMA LNDG,DENTON NC 27239-6959,,1071624,0755236283
CHURCH,2004,7872.0,3500 BUFFALOE RD,RALEIGH,27604,APOSTOLIC CHURCH OF RALEIGH INC THE ,3500 BUFFALOE RD,RALEIGH NC 27604-4205,,1779161,1725476761
FUNERAL,1998,7872.0,7615 SIX FORKS RD,RALEIGH,27615,7615 SIX FORKS ROAD LLC ,7615 SIX FORKS RD,RALEIGH NC 27615-5022,,2358522,1707465709
CLUB HSE,1983,7867.0,3300 E GARNER RD,,27520,PINE HOLLOW GC LLC ,3300 E GARNER RD,CLAYTON NC 27520-5109,,2500426,1740527857
OFC GROSS,1999,7865.0,11010 RAVEN RIDGE RD,RALEIGH,27614,DAKOTA LLC ,11010 RAVEN RIDGE RD,RALEIGH NC 27614-8837,,1570630,1728163006
OFC GROSS,1987,7864.0,8100 CREEDMOOR RD,RALEIGH,27613,"8100 CREEDMOOR ROAD, LLC ",7208 ACC BLVD,RALEIGH NC 27617-8736,,1502418,0798417822
DAY CARE,1983,7860.0,203 KILMAYNE DR,CARY,27511,KCP RE LLC ,SCHWARTZ KALES ACCOUNTANCY CORP,6310 SAN VICENTE BLVD STE 250,LOS ANGELES CA 90048-5447,1334317,0763348897
SNGL TEN,1996,7860.0,123 YEARGAN RD,GARNER,27529,"PARKS, MICHAEL TRUSTEE I TRUST MIKE PARKS REVOCABLE TRUST",2548 OAKES PLANTATION DR,RALEIGH NC 27610-9328,,2130256,1701959331
MULT TEN,2000,7856.0,1437 N MAIN ST,FUQUAY-VARINA,27526,"HOWELL, THOMAS W HOWELL, EWANDA F",4409 SETH DR,HOLLY SPRINGS NC 27540-9122,,2314915,0667812219
MULT TEN,1999,7840.0,1241 S MAIN ST,WAKE FOREST,27587,VILLA AB 1 LLC ,5420 MERION STATION DR,APEX NC 27539-3604,,1357813,1840258616
MULT TEN,2001,7821.0,706 MONEY CT,KNIGHTDALE,27545,MONEY COURT PROPERTY HOLDING LLC ,SCHICK LAW PC,4711 HOPE VALLEY RD STE 4F-526,DURHAM NC 27707-5651,2514756,1754662151
SNGL TEN,1985,7811.0,1662 NORTH MARKET DR,RALEIGH,27609,"DICKERSON, GEORGE H ",14116 WYNDFIELD CIR,RALEIGH NC 27615-1315,,906959,1716604509
FLEX WHSE,2000,7810.0,107 QUAIL FIELDS CT,MORRISVILLE,27560,ISLAMIC CENTER OF MORRISVILLE ,1000 GOBLET LN,MORRISVILLE NC 27560-6686,,2044621,0755204118
FLEX WHSE,2001,7808.0,3700 BASTION LN,RALEIGH,27604,3700 BASTION LLC ,3700 BASTION LN STE 3,RALEIGH NC 27604-2084,,1730703,1724461385
OFC GROSS,1976,7802.0,7509 SIX FORKS RD,RALEIGH,27615,PHW ASSOC LLC ,R LYNN WIGGS DMD,7509 SIX FORKS RD,RALEIGH NC 27615-5048,1116896,1707466520
FLEX WHSE,1985,7802.0,513 PERSHING RD,RALEIGH,27608,"PHILLIPS, TERRY WAYNE ",PO BOX 6101,RALEIGH NC 27628-6101,,634498,1704887065
OFC GROSS,1985,7801.0,8620 BAREFOOT INDUSTRIAL RD,RALEIGH,27617,RDU ROCK LLC ,200 HORIZON DR STE 100,RALEIGH NC 27615-4947,,2664073,0777593615
MULT TEN,1999,7800.0,424 E SIX FORKS RD,RALEIGH,27609,CDCG INC ,1120 EAST BLVD # 200,CHARLOTTE NC 28203-5706,,3124862,1715038579
MULT TEN,2004,7800.0,905 MCKNIGHT DR,KNIGHTDALE,27545,905 MCKNIGHT LLC ,INCOME PROPERTIES OF RALEIGH INC,1049 DRESSER CT,RALEIGH NC 27609-7323,2061161,1754054062
OFC GROSS,2000,7750.0,2347 TIMBER DR,GARNER,27529,TIMBER REALTY LLC ,1436 ENCHANTED OAKS DR,RALEIGH NC 27606-9010,,1292020,1701615034
DAY CARE,1996,7730.0,2215 W MILLBROOK RD,RALEIGH,27612,ST PIERRE PROPERTIES INC ,9100 CARRINGTON RIDGE DR,RALEIGH NC 27615-1961,,3837772,0796379957
CHURCH,1989,7730.0,4004 LOUISBURY RD,,27587,MACEDONIA BAPTIST CHURCH ,4004 LOUISBURY RD,WAKE FOREST NC 27587-9658,,916444,1747991481
OFC GROSS,1999,7728.0,2231 E MILLBROOK RD,RALEIGH,27604,NEESE FAMILY HOLDINGS LLC ,PO BOX 17944,RALEIGH NC 27619-7944,,916927,1716942024
VET CLIN,2003,7722.0,9638 CHAPEL HILL RD,MORRISVILLE,27560,54 LAND HOLDINGS LAND ,H2 MANAGEMENT AND DESIGN,100 PARKWAY OFFICE CT STE 208,CARY NC 27518-7438,2473190,0754592183
MULT TEN,1994,7703.0,957 HIGH HOUSE RD,CARY,27513,PRESTON CORNERS INVESTMENTS LLC ,5508 GREENTREE RD,BETHESDA MD 20817-3548,,2984391,0754019550
OFC GROSS,1987,7701.0,5801 LEASE LN,RALEIGH,27617,ARAP II LLC ,5801 LEASE LN,RALEIGH NC 27617-4708,,1087488,0778606686
FLEX WHSE,1996,7700.0,106 PHEASANT WOOD CT,MORRISVILLE,27560,"LEE, SHAN YUNG OUYANG, CHAOHUI",8305 BROKEN YOLK TRL,APEX NC 27523-9602,,1942790,0755302261
FLEX WHSE,1995,7700.0,101 QUAIL FIELDS CT,MORRISVILLE,27560,QURESHY PROPERTY HOLDINGS LLC ,801 HUNTSWORTH PL,CARY NC 27513-9744,,2258463,0755204389
DAY CARE,1997,7689.0,8504 HARPS MILL RD,RALEIGH,27615,PRESCHOOL ENTERPRISES LLC ,4915 WATERS EDGE DR STE 255,RALEIGH NC 27606-3370,,2546156,1717892500
OFC GROSS,1997,7688.0,7610 SIX FORKS RD,RALEIGH,27615,ADVANTAGE GROUP REALTY LLC ,7610 SIX FORKS RD,RALEIGH NC 27615-5047,,1082138,1707468684
OFC GROSS,1987,7681.0,6005 CHAPEL HILL RD,RALEIGH,27607,THREE WOOD LLC ,6005 CHAPEL HILL RD,RALEIGH NC 27607-5109,,697112,0784123046
FLEX WHSE,1998,7680.0,4904 ALPINIS DR,RALEIGH,27616,"ALPINIS HOLDINGS LLC MASSENGILL, TERRI S",805 SPRING FOREST RD STE 1000,RALEIGH NC 27609-9112,,1246015,1716942127
CHURCH,1991,7680.0,6421 FALCONWOOD DR,,27591,EAGLE ROCK UNITED CHURCH OF CHRIST ,6471 FALCONWOOD DR,WENDELL NC 27591-8127,,823700,1774435100
OFC GROSS,1984,7669.0,2607 OBERLIN RD,RALEIGH,27608,AUTUMN HILL ASSOCIATES ,2601 OBERLIN RD STE 101,RALEIGH NC 27608-1319,,1059451,1705108064
OFC GROSS,2004,7667.0,6030 CREEDMOOR RD,RALEIGH,27612,"BECKER INVESTMENTS, LLC ",6030 CREEDMOOR RD STE 200,RALEIGH NC 27612-2327,,1193707,0797408644
SCHOOL,2004,7657.0,3122 HERITAGE TRADE DR,WAKE FOREST,27587,THALES ACADEMY INC ,4641 PARAGON PARK RD,RALEIGH NC 27616-3406,,2324569,1840213797
OFC GROSS,2005,7651.0,3321 TRILLIUM WHORL CT,RALEIGH,27607,TRILLIUMS PLACE CONDOMINIUM ,TRILLIUMS LLC,3108 ETON RD,RALEIGH NC 27608-1114,0,0794436263
CHURCH,2000,7650.0,9713 OLD STAGE RD,,27603,TRIANGLE BAPTIST CHURCH OF RALEIGH ,9713 OLD STAGE RD,RALEIGH NC 27603-7868,,1816779,0698882714
MULT TEN,1982,7622.0,413 W GANNON AVE,ZEBULON,27597,LNP INC ,PARRISH REALTY C/O RENEE BAKER,PO BOX 1128,ZEBULON NC 27597-1128,772971,2705046197
FLEX WHSE,2003,7607.0,1105 GREAT FALLS CT,KNIGHTDALE,27545,ARAN PROPERTIES LLC ,1621 KIRKBY LN,RALEIGH NC 27614-7228,,1096372,1744961629
CHURCH,1992,7598.0,2901 SANDERFORD RD,RALEIGH,27610,CAROLINA ANNUAL CONFERENCE CME CHRH ,2901 SANDERFORD RD,RALEIGH NC 27610-5913,,1418178,1712545389
MED OFC GROSS,1996,7571.0,1422 E MILLBROOK RD,RALEIGH,27609,CFM PARTNERS LLC ,916 STONE FALLS TRL,RALEIGH NC 27614-9389,,1824745,1716449421
OFC GROSS,1995,7553.0,1350 NORWELL BLVD,CARY,27513,SOUTHERN BELL TELEPHONE & TELEGRAPH COMPANY,BB&T BLDG STE 408,200 S COLLEGE ST,CHARLOTTE NC 28202-2012,876294,0765266153
CHURCH,1977,7552.0,1110 HOLMES ST,RALEIGH,27601,"BIBLE WAY TEMPLE, INC ",1110 HOLMES ST,RALEIGH NC 27601-2744,,1938651,1713040055
MULT TEN,1987,7550.0,300 N MAIN ST,HOLLY SPRINGS,27540,300 NORTH MAIN STREET LLC ,PO BOX 6356,RALEIGH NC 27628-6356,,1091313,0649932499
OFC GROSS,1985,7544.0,1144 EXECUTIVE CIR,CARY,27511,INTELLECTUAL PROPERTIES NUMBER I LLC ,1631 MIDTOWN PL STE 104,RALEIGH NC 27609-1300,,1146442,0763449005
MED OFC GROSS,1988,7515.0,3124 BLUE RIDGE RD,RALEIGH,27612,BLACK ROCK INVESTMENTS LLC ,9660 FALLS OF NEUSE RD STE 138,RALEIGH NC 27615-2435,,1339570,0785832824
CHURCH,1996,7512.0,830 HIGH HOUSE RD,CARY,27513,SAINT MICHAEL THE ARCHANGEL CATHOLIC PARISH OF CAR ,804 HIGH HOUSE RD,CARY NC 27513-3507,,5534245,0754215675
OFC GROSS,1988,7510.0,101 PHEASANT WOOD CT,MORRISVILLE,27560,GRDU I LLC ,1039 ARDSLEY RD,CHARLOTTE NC 28207-1815,,1277598,0754390925
FLEX WHSE,1990,7500.0,1510 MECHANICAL BLVD,GARNER,27529,MCGAHEY GROUP LLC ,1510 MECHANICAL BLVD STE 103,GARNER NC 27529-2564,,898266,1701871766
CHURCH,2005,7500.0,2010 MARTIN LUTHER KING JR BLVD,RALEIGH,27610,SOUTH CENTRAL CHURCH OF CHRIST INC (NAME CHANGE),PO BOX 14111,RALEIGH NC 27620-4111,,1712966,1713756566
SNGL TEN,1992,7500.0,4628 ATLANTIC AVE,RALEIGH,27604,"BETTS, RALPH L ",911 KILDAIRE FARM RD,CARY NC 27511-3922,,1274760,1716831488
MULT TEN,1995,7500.0,9825 CHAPEL HILL RD,MORRISVILLE,27560,"DORYLU-MORRISVILLE, LLC ",JONATHAN D MEDWIN,2934 1/2 N BEVERLY GLEN CIR # 265,LOS ANGELES CA 90077-1745,1973225,0755401178
MULT TEN,2000,7500.0,108 FACTORY SHOPS RD,MORRISVILLE,27560,FS PARTNERS LLC ,901 KILDAIRE FARM RD STE A2,CARY NC 27511-3937,,2585637,0756388845
FLEX WHSE,1998,7500.0,5915 OAK FOREST DR,RALEIGH,27616,VISION CHURCH INC ,5808 DEPARTURE DR STE 101,RALEIGH NC 27616-1934,,1225228,1726186986
OFC GROSS,1998,7490.0,9220 FAIRBANKS DR,RALEIGH,27613,FAIRBANKS PROPERTIES LLC ,PO BOX 90427,RALEIGH NC 27675-0427,,1002526,0788121160
MULT TEN,1997,7488.0,913 SPRING FOREST RD,RALEIGH,27609,CREEDMOOR PROPERTIES LLC ,PO BOX 17102,RALEIGH NC 27619-7102,,2783044,1717118098
DAY CARE,1976,7484.0,4001 GREEN RD,RALEIGH,27604,"MARTIN, H LEROY ",C/O BRENTWOOD CHILDCARE,4001 GREEN RD,RALEIGH NC 27604-2621,1333250,1726005068
FLEX WHSE,1985,7470.0,517 PERSHING RD,RALEIGH,27608,"PHILLIPS, TERRY WAYNE ",PO BOX 6101,RALEIGH NC 27628-6101,,618869,1704888052
OFC GROSS,1988,7464.0,1221 CORPORATION PKWY,RALEIGH,27610,EMMANUEL ANGLICAN CHURCH INC ,4205 WILLOW HAVEN CT,RALEIGH NC 27616-8706,,938459,1724757174
DAY CARE,2005,7440.0,201 POWHATAN DR,FUQUAY-VARINA,27526,FORTEC FUQUAY VARINA NC 2 LLC ,1395 BRICKNELL AVE,SUITE 760,MIAMI FL 33131,2003736,0657942417
VET CLIN,1998,7440.0,100 KUMAR CT,CARY,27606,ANIMAL CARE CENTER AT SWIFT CREEK CROSSING P L L C,H2 MANAGEMENT AND DESIGN,100 PARKWAY OFFICE CT STE 208,CARY NC 27518-7438,1958041,0772863544
DORMTY,1975,7433.0,2200 NEW BERN AVE,RALEIGH,27610,2200 NEW BERN LLC ,909 GLENWOOD AVE,RALEIGH NC 27605-1511,,1405012,1713785778
OFC GROSS,1987,7418.0,4601 ATLANTIC AVE,RALEIGH,27604,ATLANTIC 4601 LLC ,PO BOX 31827,RALEIGH NC 27622-1827,,1429909,1716735261
OFC GROSS,1987,7417.0,4709 HARGROVE RD,RALEIGH,27616,CQ LANDLORD MULTI LLC ,GENERAL PARTS DISTRIBUTION LLC,2635 E MILLBROOK RD,RALEIGH NC 27604-2988,1193118,1726141476
CHURCH,1979,7406.0,277 WALNUT ST,CARY,27511,WALNUT STREET CHURCH OF CHRIST ,277 WALNUT ST,CARY NC 27511-3445,,2016924,0763694720
OFC GROSS,1988,7380.0,101 CENTER POINTE DR,CARY,27513,INFINITE POTENTIAL PROPERTIES LLC ,107 HEADLANDS LN,CARY NC 27518-8312,,1531506,0753226450
DAY CARE,1985,7378.0,104 BAINES CT,CARY,27511,SHELBY CHARLES ROAD PARTNERSHIP ,927 MILITARY AVE,BAXTER SPRINGS KS 66713-1544,,1528451,0763407566
OFC GROSS,1980,7371.0,1101 SPRING FOREST RD,RALEIGH,27615,A B SMITH LLC ,1625 OBERLIN RD,RALEIGH NC 27608-2039,,884891,1717219404
OFC GROSS,1979,7371.0,1004 BULLARD CT,RALEIGH,27615,LARKS LLC ,1004 BULLARD CT STE 106,RALEIGH NC 27615-6854,,1115936,1717215499
OFC GROSS,1994,7364.0,222 STAR LN,,27513,WAKE STONE PROPERTY COMPANY ,PO BOX 190,KNIGHTDALE NC 27545-0190,,1649800,0765995368
OFC GROSS,1987,7347.0,2301 BLUE RIDGE RD,RALEIGH,27607,LRR NO 1 PROPERTIES LLC ,3109 RIVENDELL PL,WILMINGTON NC 28411-9687,,1337676,0785700679
CHURCH,1996,7334.0,2911 SW CARY PKWY,CARY,27513,COVENANT CHRISTIAN CHURCH DISCIPLES OF CHRIST ,2911 SW CARY PKWY,CARY NC 27513-8902,,2944306,0743957436
OFC GROSS,1996,7328.0,720 SE MAYNARD RD,CARY,27511,CS INVESTMENTS INC ,2325 SUNSET AVE,ROCKY MOUNT NC 27804-2529,,879862,0773042964
SNGL TEN,1982,7324.0,8606 JERSEY CT,RALEIGH,27617,6421 WESTGATE REALTY LLC ,6312 WESTGATE RD,RALEIGH NC 27617-4723,,1013859,0778123097
MULT TEN,1984,7320.0,717 E MARTIN ST,RALEIGH,27601,TRUSTEE FOR CHARLES EXUM IRREVOCABLE TRUST CHARLES EXUM IRREVOCABLE TRUST,127 LINCOLN CT,RALEIGH NC 27610-2636,,1211569,1713076854
OFC GROSS,1984,7316.0,4001 BARRETT DR,RALEIGH,27609,4001 BARRETT DRIVE LLC ,4001 BARRETT DR,RALEIGH NC 27609-6615,,1316917,1705964982
OFC GROSS,1981,7315.0,101 FOREST DR,KNIGHTDALE,27545,VOYAGE CAPITAL VENTURES LLC ,101B FOREST DR,KNIGHTDALE NC 27545-9603,,1368352,1754464299
MED OFC GROSS,1980,7310.0,1152 EXECUTIVE CIR,CARY,27511,HOUSE OF DREAMS LLC ,PO BOX 6365,RALEIGH NC 27628-6365,,1249663,0763435589
DAY CARE,2004,7301.0,7106 FORESTVILLE RD,KNIGHTDALE,27545,"WOODRUFF, ELIZABETH DARE WOODRUFF, MICHAEL C",5645 US 401 HWY S,YOUNGSVILLE NC 27596-8156,,1731744,1754390541
OFC GROSS,1983,7301.0,5108 OAK PARK RD,RALEIGH,27612,"5108 OAK PARK ROAD, LLC ",5108 OAK PARK RD STE A,RALEIGH NC 27612-3099,,764835,0786851706
CLUB HSE,2002,7292.0,971 HARP ST,RALEIGH,27604,HOUSING AUTHORITY CITY OF RALEIGH ,900 HAYNES ST,RALEIGH NC 27604-1462,,1213748,1704736228
OFC GROSS,1984,7290.0,2809 INDUSTRIAL DR,RALEIGH,27609,THOMPSON INVESTMENT GROUP II LLC ,2600 WAKE FOREST RD,RALEIGH NC 27609-7838,,605598,1715223405
VET CLIN,2003,7286.0,9500 FALLS OF NEUSE RD,RALEIGH,27615,CONLEY HOLDINGS AT FALLS POINTE LLC ,PO BOX 910,CREEDMOOR NC 27522-0910,,2644892,1718735864
MED OFC GROSS,1983,7284.0,310 S MAIN ST,ROLESVILLE,27571,LEN PROPERTIES LLC ,3614 FORWARD WAY,RALEIGH NC 27614-7627,,1540103,1759804047
CHURCH,1991,7280.0,3420 BARWELL RD,,27610,WALNUT CREEK CONGREGATION OF JEHOVAH'S WITNESSES R ,3420 BARWELL RD,RALEIGH NC 27610-6002,,1040109,1732238687
MULT TEN,1989,7280.0,128 US 70 HWY E,GARNER,27529,"AWS INVESTMENT GROUP, LLC ",7013 JEFFREY DR,RALEIGH NC 27603-5109,,1495194,1711707720
SCHOOL,2005,7276.0,735 ROCK QUARRY RD,RALEIGH,27610,WILLIAMS GROVE BAPTIST CHURCH INC ,735 ROCK QUARRY RD,RALEIGH NC 27610-3819,,3250660,1713352422
MED OFC GROSS,1992,7274.0,200 KEISLER DR,CARY,27518,"KEMP, MICHAEL L KEMP, DONNA S",203 RUTHERGLEN DR,CARY NC 27511-6432,,1559783,0762546610
OFC GROSS,2003,7260.0,110 FORTUNE WAY,RALEIGH,27617,PROGRESSIVE PLUMBING PROPERTIES LLC ,110 FORTUNE WAY,RALEIGH NC 27617-1907,,1421699,0778319078
OFC GROSS,1987,7254.0,135 N MAIN ST,FUQUAY-VARINA,27526,TOWN OF FUQUAY-VARINA ,134 N MAIN ST,FUQUAY VARINA NC 27526-1934,,1475353,0656983308
MED OFC GROSS,2005,7250.0,2945 NEW BERN AVE,RALEIGH,27610,WEST AND OBRIEN PROPERTIES II LLC ,2945 NEW BERN AVE,RALEIGH NC 27610-1213,,2515608,1724113264
FUNERAL,1993,7242.0,7209 GLENWOOD AVE,RALEIGH,27612,RALEIGH MEMORIAL PARK INC ,7209 GLENWOOD AVE STE 166,RALEIGH NC 27612-7149,,2443030,0786399873
CHURCH,1986,7240.0,1400 VISION DR,APEX,27523,LOURDES MATHA SYRO MALABAR CATHOLIC CHURCH RALEIGH ,1400 VISION DR,APEX NC 27523-6302,,1795845,0732688759
GROUP HM,1993,7230.0,232 HIGH HOUSE RD,CARY,27513,AVENT FERRY APARTMENT LLC ,305 PERRY CREEK DR,CHAPEL HILL NC 27514-5233,,902894,0754709358
OFC GROSS,1996,7222.0,407 N JUDD PKWY NE,FUQUAY-VARINA,27526,K W MEDLIN PROPERTIES LLC ,407 N JUDD PKWY NE,FUQUAY VARINA NC 27526-2374,,1067711,0666592414
MED OFC GROSS,1978,7206.0,4905 PROFESSIONAL CT,RALEIGH,27609,4905 PROFESSIONAL COURT LLC ,HAMILTON MONK INC,8204 CREEDMOOR RD STE 100,RALEIGH NC 27613-1371,1159415,1716547853
FLEX WHSE,1999,7200.0,3621 BASTION LN,RALEIGH,27604,NEESE FAMILY HOLDINGS LLC ,PO BOX 17944,RALEIGH NC 27619-7944,,1175214,1724354963
MULT TEN,1996,7200.0,1806 LAURA DUNCAN RD,APEX,27523,"WHEELER, GINY FOWLER WHEELER, STEPHEN E",7928 SUTTERTON CT,RALEIGH NC 27615-2534,,2351945,0742972264
SNGL TEN,1977,7194.0,6014 DURALEIGH RD,RALEIGH,27612,MIRAE INVESTMENT LLC ,6014 DURALEIGH RD,RALEIGH NC 27612-7172,,1064204,0786582298
VET CLIN,2001,7192.0,2200 N GRASSLAND DR,FUQUAY-VARINA,27526,CORNERSTONE RENT ACCOUNT LLC ,1765 TOWN HOME DR,APEX NC 27502-6690,,2051929,0657687809
SNGL TEN,2004,7192.0,105 BAINES CT,CARY,27511,FG REALTY LLC ,4600 FIELDING DR,RALEIGH NC 27606-4563,,1828439,0763500495
OFC GROSS,1981,7191.0,5821 FALLS OF NEUSE RD,RALEIGH,27609,SOUTHERN BANK AND TRUST COMPANY ,PO BOX 729,MOUNT OLIVE NC 28365-0729,,1789354,1716286728
SNGL TEN,2001,7186.0,1120 N MAIN ST,FUQUAY-VARINA,27526,AUTOZONE TEXAS LP ,DEPT 8088,PO BOX 2198,MEMPHIS TN 38101-2198,1940296,0667403254
CHURCH,1982,7183.0,5408 TRYON RD,,27606,HOLY TRANSFIGURATION ORTHODOX CHURCH INC OF THE DI ,3491 PLEASANT GROVE CHURCH RD,MORRISVILLE NC 27560-8960,,1254317,0772979115
FIRE STA,1980,7182.0,990 VANDORA SPRINGS RD,GARNER,27529,RESCUE EXTRICATION & DELIVERY SPECIALISTS INC ,PO BOX 483,GARNER NC 27529-0483,,573024,1711131092
VET CLIN,2002,7150.0,5725 GLENWOOD AVE,RALEIGH,27612,SWANLAKE HOLDINGS LLC ,8201 DAVISHIRE DR,RALEIGH NC 27615-1878,,1815752,0786957123
OFC GROSS,1984,7150.0,307 S SALEM ST,APEX,27502,515 PROPERTIES LLC ,307 S SALEM ST,APEX NC 27502-1845,,987863,0741395848
SNGL TEN,2004,7140.0,10620 DURANT RD,RALEIGH,27614,ADVANCE STORES COMPANY INC ,LEGAL DEPARTMENT,5673 AIRPORT RD NW,ROANOKE VA 24012-1119,1744650,1728058072
FLEX WHSE,1985,7134.0,6301 ANGUS DR,RALEIGH,27617,ANGUS DRIVE ACQUISITION LLC ,1001 WADE AVE STE 300,RALEIGH NC 27605-3323,,1204576,0778213932
SNGL TEN,2005,7115.0,650 N MAIN ST,HOLLY SPRINGS,27540,HOLLY SPRINGS AA LLC ,PALM ASSOCIATES,PO BOX 2008,VIRGINIA BEACH VA 23450-2008,2045620,0649869149
MULT TEN,2005,7102.0,4904 ATLANTIC AVE,RALEIGH,27616,HOLLY PARK LLC ,PO BOX 99611,RALEIGH NC 27624-9611,,1288411,1716845811
OFC GROSS,1993,7098.0,307 N ACADEMY ST,CARY,27513,"CARY CHAMBER OF COMMERCE INC TURNER, WM M",307 N ACADEMY ST,CARY NC 27513-4539,,1379439,0764426264
MED OFC GROSS,1978,7096.0,217 W MILLBROOK RD,RALEIGH,27609,COLONY PROFESSIONAL CENTER LLC ,217 W MILLBROOK RD,RALEIGH NC 27609-4376,,1224080,1706563587
CHURCH,1998,7084.0,2967 BENSON RD,,27529,CDE CAPITAL LLC ,105 MEADOWBROOK CT,BENSON NC 27504-9042,,1600842,1619407373
MULT TEN,1978,7080.0,101 REED ST,CARY,27511,DOGWOOD ASSET MANAGEMENT CO REED STREET LLC ,199 FOREST CREEK TRL,ROXBORO NC 27574-5307,,1738976,0774023529
SNGL TEN,1979,7078.0,911 KILDAIRE FARM RD,CARY,27511,"BETTS, RALPH L JR ",911 KILDAIRE FARM RD,CARY NC 27511-3922,,2292807,0763468480
SNGL TEN,1984,7064.0,101 BAINES CT,CARY,27511,PRECISION REALTY LLC ,101 BAINES CT,CARY NC 27511-6625,,1586374,0763500796
SNGL TEN,2004,7056.0,420 W GANNON AVE,ZEBULON,27597,RICH FINANCIAL LLC ,1468 CAROLINA AVE,WASHINGTON NC 27889-3314,,1149277,2705045502
SNGL TEN,1994,7056.0,7139 KNIGHTDALE BLVD,KNIGHTDALE,27545,7139 KNIGHTDALE LLC ,2950 SW 27TH AVE STE 300,MIAMI FL 33133-3793,,1861403,1754154977
MULT TEN,1998,7038.0,203 E WHITAKER MILL RD,RALEIGH,27608,WHITAKER CENTRE LLC ,PO BOX 32269,RALEIGH NC 27622-2269,,2179709,1704780832
DAY CARE,1988,7028.0,203 GREGSON DR,CARY,27511,ROBIOUS ROAD HOLDINGS LLC ,8506 OCEAN FRONT AVE,VIRGINIA BEACH VA 23451-1841,,2345884,0752831420
MED OFC GROSS,2004,7027.0,619 W CHATHAM ST,APEX,27502,PJML LLC ,619 W CHATHAM ST,APEX NC 27502-1415,,1834415,0742123155
DAY CARE,1991,7018.0,101 OCEANA PL,CARY,27513,JTF INVESTMENTS LLC ,5307 WAYNE RD,GREENSBORO NC 27407-7319,,1843000,0753658459
MED OFC GROSS,1978,7012.0,5925 FALLS OF NEUSE RD,RALEIGH,27609,W&D ASSETS LLC ,5925 FALLS OF NEUSE RD,RALEIGH NC 27609-4045,,1811921,1716294307
DAY CARE,1998,7011.0,932 HEATHER PARK DR,GARNER,27529,RUBYCO HOLDINGS LLC ,IREA,16501 VENTURA BLVD STE 448,ENCINO CA 91436-2068,1605145,1710461962
FLEX WHSE,1986,7008.0,527 E CHATHAM ST,CARY,27511,527 CHATHAM LLC ,PO BAX 12757,RALEIGH NC 27605,,1131323,0764834027
SNGL TEN,2004,6964.0,6413 FALLS OF NEUSE RD,RALEIGH,27615,TRIPPS ASSOCIATES OF RALEIGH ,DEPT 8088,PO BOX 2198,MEMPHIS TN 38101-2198,1935363,1717129049
SNGL TEN,2005,6964.0,4401 NEW BERN AVE,RALEIGH,27610,NEW BERN STATION LLC ,THE PHILLIPS EDISON GROUP LLC,11501 NORTHLAKE DR,CINCINNATI OH 45249-1669,1998608,1724968035
SNGL TEN,2004,6961.0,1100 E WILLIAMS ST,APEX,27502,SUKARMEE LLC ,2012 CASTLEBURG DR,APEX NC 27523-5145,,2102353,0741672067
CHURCH,1977,6960.0,2410 CREECH RD,RALEIGH,27610,FIRST CONGREGATION CHURCH OF RALEIGH ,2410 CREECH RD,RALEIGH NC 27610-5016,,1063968,1712663235
DAY CARE,1989,6944.0,1420 HEDINGHAM BLVD,RALEIGH,27604,SHELBY CHARLES ROAD PTNRP ,927 MILITARY AVE,BAXTER SPRINGS KS 66713-1544,,1389336,1734167210
SNGL TEN,2003,6936.0,2117 S MAIN ST,WAKE FOREST,27587,BILTMORE HOLDINGS LLC ,275 S BENNETT ST,SOUTHERN PINES NC 28387-5453,,1554237,1830707250
MED OFC GROSS,1979,6936.0,1200 NAVAHO DR,RALEIGH,27609,CHAUCER INVESTMENTS LLC ,3111 GLENWOOD AVE,RALEIGH NC 27612-5006,,1729511,1715265097
SNGL TEN,2002,6936.0,1757 W WILLIAMS ST,APEX,27523,EVERGREEN INVESTMENTS EAST LLC WELLINGHAM LLC,PO BOX 123,GREENVILLE NC 27835-0123,,1800771,0733615075
CHURCH,1992,6910.0,6317 SUNSET LAKE RD,FUQUAY-VARINA,27526,AINOOR ISLAMIC CENTER ,2220 JONES FRANKLIN RD,RALEIGH NC 27606-4028,,1538696,0668457392
OFC GROSS,1989,6900.0,1002 VANDORA SPRINGS RD,GARNER,27529,PRPX PROPERTIES LLC ,4012 PINEY GAP DR,CARY NC 27519-7507,,978980,1711120519
DAY CARE,1996,6886.0,101 ARBOR CREEK DR,HOLLY SPRINGS,27540,CMN1970 LLC ,101 ARBOR CREEK DR,HOLLY SPRINGS NC 27540-9360,,2196507,0740907637
DAY CARE,1987,6882.0,1000 LAWNDALE ST,GARNER,27529,C P HOLDER I LLC ,PO BOX 2086,GARNER NC 27529-2086,,1432860,1710485810
SCHOOL,1994,6882.0,1214 E LENOIR ST,RALEIGH,27610,SURA ENTERPRISES LLC ,1214 E LENOIR ST,RALEIGH NC 27610-3326,,2072588,1713265192
FIRE STA,1996,6880.0,15633 NEW LIGHT RD,,27587,STONY HILL RURAL FIRE DEPT INC ,7045 STONY HILL RD,WAKE FOREST NC 27587-7341,,1120973,1803514988
FIRE STA,2003,6873.0,5916 BUFFALOE RD,RALEIGH,27616,RALEIGH CITY OF ,PO BOX 590,RALEIGH NC 27602-0590,,1448725,1736519358
DAY CARE,1996,6858.0,470 W WILLIAMS ST,APEX,27502,470 WEST WILLIAMS STREET APEX LLC ,FUNDAMENTAL R/E  INV PARTNERS LLC,111 E WACKER DR STE 1200,CHICAGO IL 60601-4203,2297728,0742114524
CHURCH,2003,6816.0,717 S ARENDELL AVE,,27597,CHURCH OF GOD EASTERN NC STATE OFFICE,PO BOX 100,KENLY NC 27542-0100,,1421333,2705518689
CHURCH,2002,6802.0,2225 AVERSBORO RD,GARNER,27529,FAITH COMMUNITY CHURCH OF GARNER ,2225 AVERSBORO RD,GARNER NC 27529-5005,,1883535,1710224425
MULT TEN,2000,6794.0,7137 KNIGHTDALE BLVD,KNIGHTDALE,27545,"KDB OF NC INC ETAL BAUCHMAN, STEPHEN G",PO BOX 36944,CHARLOTTE NC 28236-6944,,2096125,1754153928
MULT TEN,1999,6790.0,6820 GLENWOOD AVE,RALEIGH,27612,6820 GLENWOOD AVE LLC ,1328 RED TWIG RD,APEX NC 27502-4816,,2003718,0786596095
OFC GROSS,1986,6789.0,820 BENSON RD,GARNER,27529,"JONES, JERRY E ",PO BOX 175,GARNER NC 27529-0175,,972361,1710591934
MULT TEN,2005,6777.0,3629 CAPITAL BLVD,RALEIGH,27604,IS CAPITAL LLC ,223 LAKE BRANDT DR,CARY NC 27519-9508,,2073516,1725279513
MED OFC GROSS,1985,6768.0,7800 SIX FORKS RD,RALEIGH,27615,SIX FORKS OFFICE GROUP LLC ,7800 SIX FORKS RD,RALEIGH NC 27615-2980,,1035654,1707478702
MULT TEN,1982,6763.0,201 SHELDEN DR,RALEIGH,27610,NOWELL SENIOR TRUST ,MIKE NOWELL,1301 PLEASANTS RD,WENDELL NC 27591-7366,576347,1702758043
MULT TEN,2002,6744.0,2100 CROSSWAY LN,HOLLY SPRINGS,27540,KARUNJAL LLC ,1036 COZY OAK AVE,CARY NC 27519-8803,,1792626,0649869483
OFC GROSS,1998,6744.0,216 E CHATHAM ST,CARY,27511,216 EAST CHATHAM LLC ,5121 KINGDOM WAY STE 208,RALEIGH NC 27607-6063,,1386355,0764610581
SNGL TEN,1995,6740.0,3802 CAPITAL BLVD,RALEIGH,27604,VICTORIA MANAGEMENT LLC ,8315 SIX FORKS RD STE 203,RALEIGH NC 27615-2103,,1326951,1725384182
OFC GROSS,2000,6728.0,505 N JUDD PKWY NE,FUQUAY-VARINA,27526,FEC BUILDING LLC ,505 N JUDD PKWY NE,FUQUAY VARINA NC 27526-2388,,1063360,0666594836
CHURCH,1984,6712.0,1788 KILDAIRE FARM RD,CARY,27511,THE FELLOWSHIP OF CHRIST ,1788 KILDAIRE FARM RD,CARY NC 27511-6526,,2686425,0762456734
SNGL TEN,2004,6708.0,816 SPRINGFIELD COMMONS DR,RALEIGH,27609,"TAPPOUNI, LOUAY M TAPPOUNI, BAHA L",816 SPRINGFIELD COMMONS DR,RALEIGH NC 27609-8528,,1462781,1717109289
FLEX WHSE,1999,6706.0,2018 S MAIN ST,WAKE FOREST,27587,LLOYD'S OF WAKE FOREST LLC ,PO BOX 638,WAKE FOREST NC 27588-0638,,1081641,1830812178
DAY CARE,1980,6700.0,200 FOREST DR,KNIGHTDALE,27545,KCP RE LLC ,SCHWARTZ KALES ACCOUNTANCY CORP,6310 SAN VICENTE BLVD STE 250,LOS ANGELES CA 90048-5447,1165671,1754468782
OFC GROSS,1997,6696.0,1033 OBERLIN RD,RALEIGH,27605,"CLADKINS, LLC ",1033 OBERLIN RD STE 210,RALEIGH NC 27605-1199,,1279979,1704056661
DAY CARE,1996,6681.0,6601 PLEASANT PINES DR,RALEIGH,27613,OHM PROPERTIES LLC ,1124 GROGANS MILL DR,CARY NC 27519-9472,,1802726,0787418871
OFC GROSS,1984,6674.0,7706 SIX FORKS RD,RALEIGH,27615,EDIEL LLC ,DIANE MAGINNIS,1328 EAGLESON LN,WAKE FOREST NC 27587-5288,1096980,1707478314
VET CLIN,2001,6664.0,1005 PROCURE ST,FUQUAY-VARINA,27526,LIPPS PADFIELD LLC ,1005 PROCURE ST,FUQUAY VARINA NC 27526-2621,,1495996,0666495200
FIRE STA,1976,6664.0,9115 SAULS RD,,27603,TOWN OF GARNER ,900 7TH AVE,GARNER NC 27529-3796,,612376,1608647664
CHURCH,1977,6619.0,1155 EXECUTIVE CIR,CARY,27511,TREE OF LIFE EVANGELICAL LUTHERAN CHURCH ,1155 EXECUTIVE CIR,CARY NC 27511-4526,,1488554,0763530420
MED OFC GROSS,1985,6605.0,2395 KILDAIRE FARM RD,CARY,27518,"COLLINS, LESLIE B COLLINS, ROGER S",2110 OLD SORRELL RD,APEX NC 27539-7441,,1613011,0762603514
CHURCH,1990,6600.0,4519 LAUREL HILLS RD,RALEIGH,27612,LAMBS CHRISTIAN CENTER ,4519 LAUREL HILLS RD,RALEIGH NC 27612-5422,,1440381,0795091356
SNGL TEN,1987,6600.0,3517 CAPITAL BLVD,RALEIGH,27604,BUFFALOE ONE ASSOCIATES LLC ,ATTN:  WILLIAM F SPANG,PO BOX 2065,CHAPEL HILL NC 27515-2065,1525824,1725267864
MED OFC GROSS,1987,6600.0,2001 WESTON PKWY,CARY,27513,PENROSE HOLDINGS LLC ,6012 FARMPOND RD,APEX NC 27523-8214,,1808262,0765674187
CHURCH,1985,6579.0,1120 SAWMILL RD,RALEIGH,27615,AMERICAN LEGION RALEIGH POST 1 INC ,PO BOX 400097,RALEIGH NC 27629,,1897268,0797971952
OFC GROSS,1998,6572.0,5017 MEMORY RD,RALEIGH,27609,JBL HOLDINGS LLC ,1709 PACIFIC DR,RALEIGH NC 27609-8106,,1687336,1716448094
OFC GROSS,1976,6561.0,6330 FALLS OF NEUSE RD,RALEIGH,27615,WCS INVESTMENTS LLC ,7919 BLUE HERON DR W APT 207,WILMINGTON NC 28411-0101,,848309,1717213675
SNGL TEN,1992,6560.0,4209 ATLANTIC AVE,RALEIGH,27604,SPIRIT MASTER FUNDING X LLC ,PM DEPT #16486,11995 EL CAMINO REAL,SAN DIEGO CA 92130-2539,1341723,1716719079
MED OFC GROSS,1993,6540.0,1418 E MILLBROOK RD,RALEIGH,27609,JANUARY PARTNERSHIP LLC ,1418 E MILLBROOK RD,RALEIGH NC 27609-4812,,1466398,1716447581
MULT TEN,1987,6537.0,1624 NORTH MARKET DR,RALEIGH,27609,"WHITE, S MONTGOMERY ",PO BOX 98265,RALEIGH NC 27624-8265,,1070104,1716508964
CHURCH,1995,6522.0,1050 NW MAYNARD RD,CARY,27513,GOOD SHEPHERD UNITED CHURCH OF CHRIST,1050 NW MAYNARD RD,CARY NC 27513-4989,,3061456,0753698488
DAY CARE,1986,6516.0,322 S EAST ST,RALEIGH,27601,Z3 EMPIRE LLC ,133 FAYETTEVILLE ST FL 6,RALEIGH NC 27601-1356,,1554744,1703879522
CHURCH,1975,6510.0,5005 WESTERN BLVD,RALEIGH,27606,CHURCH OF GOD OF PROPHECY ,5005 WESTERN BLVD,RALEIGH NC 27606-1751,,884305,0784612167
DORMTY,1998,6507.0,312 TRYON RD,RALEIGH,27603,CORECIVIC INC ,C/O WEAVER & TIDWELL,2300 N FIELD ST STE 1000,DALLAS TX 75201-2480,1076066,1702511511
OFC GROSS,1996,6500.0,1203 NW MAYNARD RD,CARY,27513,MAYNARD CROSSING OWNER LLC ,SOUNDWATER PROPERTIES,62 LASALLE RD STE 210,WEST HARTFORD CT 06107-2306,2248696,0754601331
OFC GROSS,2000,6480.0,315 E CHATHAM ST,CARY,27511,316 EAST CHATHAM STREET LLC ,315 E CHATHAM ST STE 100,CARY NC 27511-3472,,1044842,0764618925
OFC GROSS,1986,6468.0,4911 DEPARTURE DR,RALEIGH,27616,NORTH CAROLINA MANUFACTURED HOUSING INSTITUTE INC,PO BOX 58648,RALEIGH NC 27658-8648,,664963,1716945340
DAY CARE,1998,6460.0,1801 SPRING FOREST RD,RALEIGH,27615,PITCH LANDING ROAD ASSOCIATES LLC ,3353 HAMPTON RD,RALEIGH NC 27607-3129,,1990486,1717600729
VET CLIN,1997,6442.0,220 HIGH HOUSE RD,CARY,27513,STORE MASTER FUNDING X LLC ,SOUTHERN VETERINARY PARTNERS LLC,800 SHADES CREEK PKWY STE 625,BIRMINGHAM AL 35209-4523,1540973,0754805393
VET CLIN,1982,6435.0,10009 SIX FORKS RD,,27615,"WILSON, STEVEN CRAIG WILSON, PAMELA L",10009 SIX FORKS RD,RALEIGH NC 27615-1636,,898818,1708385556
MED OFC GROSS,1993,6415.0,7205 STONEHENGE DR,RALEIGH,27613,7205 STONEHENGE LLC ,9409 OWLS NEST DR,RALEIGH NC 27613-7526,,1175458,0797475472
OFC GROSS,1988,6412.0,6729 FALLS OF NEUSE RD,RALEIGH,27615,GREEN RIDGE PROPERTIES LLC ,1005 CLOVELLY CT,RALEIGH NC 27614-9490,,1127821,1717133888
SNGL TEN,1977,6400.0,7000 GLENWOOD AVE,RALEIGH,27612,"COX, ROBERT /TR COX, SONJA /TR",865 SE FOXCROSS WAY,PORT ST LUCIE FL 34984-2314,,1129223,0786590512
MULT TEN,1990,6400.0,8107 CREEDMOOR RD,RALEIGH,27613,BRENNAN STATION OUTPARCEL LP LTD PTNRP ,500 N BROADWAY STE 201,JERICHO NY 11753-2122,,2316987,0798414930
MULT TEN,1991,6400.0,100 WRENN DR,CARY,27511,WRENN PLAZA NC LLC ,ZACHARY K FISHER,11010 LAKE GROVE BLVD STE 100-313,MORRISVILLE NC 27560-7391,2404346,0763430477
MED OFC GROSS,1990,6400.0,1408 GARNER STATION BLVD,GARNER,27603,1408 GARNER STATION TIC LLC 1408 GARNER STATION TIC II LLC,141 E 5600 S STE 108,MURRAY UT 84107-8121,,1866307,1701393190
SNGL TEN,1990,6400.0,4044 CAPITAL BLVD,RALEIGH,27604,PBR HOLDINGS LLC ,4713 BROOK TOP CT,RALEIGH NC 27606-3100,,1358812,1725492678
MULT TEN,2000,6382.0,3501 W MILLBROOK RD,RALEIGH,27613,ERWIN DISTRIBUTION CORPORATION ,PO BOX 1971,DURHAM NC 27702-1971,,1832094,0786597264
SNGL TEN,1985,6324.0,1632 NORTH MARKET DR,RALEIGH,27609,HL CATERING COMPANY LLC ,1632 N MARKET DR,RALEIGH NC 27609-2513,,962121,1716509845
CHURCH,1982,6322.0,12000 OLD STAGE RD,,27592,WILLOW SPRING COMMUNITY CHURCH ,PO BOX 224,WILLOW SPRING NC 27592-0224,,834394,0696172429
SCHOOL,1989,6313.0,100 ENDEAVOR WAY,CARY,27513,RALEIGH REGIONAL ASSOCIATION OF REALTORS INC ,111 REALTORS WAY,CARY NC 27513-8616,,1257978,0765773685
ST/OFC/A,2002,6313.0,129 S WHITE ST,WAKE FOREST,27587,HALE PROPERTIES INC ,PO BOX 1437,WAKE FOREST NC 27588-1437,,776956,1841511441
VET CLIN,1997,6298.0,8308 CREEDMOOR RD,RALEIGH,27613,BOWMAN MANAGEMENT LLC ,8308 CREEDMOOR RD,RALEIGH NC 27613-1373,,1577702,0798426867
DAY CARE,1993,6297.0,4204 JACQUELINE LN,RALEIGH,27616,LOVICK BUILDERS INC ,643 WIMBLETON DR,RALEIGH NC 27609-4349,,1568441,1727765154
OFC GROSS,1998,6296.0,503 OBERLIN RD,RALEIGH,27605,WALTER DAVIS ENTERPRISES LLC KMK CREATIONS LLC,503 OBERLIN RD STE 300,RALEIGH NC 27605-1381,,1070315,0794928879
OFC GROSS,2004,6282.0,3207 ROGERS RD,WAKE FOREST,27587,HERITAGE WAKE FOREST PARTNERS LLC ,PO BOX 1093,WAKE FOREST NC 27588-1093,,1401424,1840217193
FLEX WHSE,2000,6274.0,5405 ETTA BURKE CT,RALEIGH,27606,"HAWKINS, KENNETH A ",5309 NEWSTEAD MANOR LN,RALEIGH NC 27606-9515,,1408048,0784411973
OFC GROSS,1999,6269.0,100 WESTON ESTATES WAY,CARY,27513,"WURTSBAUGH HOLDINGS, LLC ",7009 COPPERLEAF PL,CARY NC 27519-1565,,1647897,0755527316
OFC GROSS,1999,6256.0,2621 TELETEC PLZ,,27587,THOMAS CONCRETE OF CAROLINAS INC ,2500 CUMBERLAND PKWY SE STE 200,ATLANTA GA 30339-3922,,2105084,1739304499
MULT TEN,2004,6250.0,106 E VANCE ST,ZEBULON,27597,LITTLE RIVER INVESTMENTS INC ,PARRISH REALTY C/O RENEE BAKER,PO BOX 1128,ZEBULON NC 27597-1128,718980,2705349510
MULT TEN,1990,6250.0,101 DICKENS RD,FUQUAY-VARINA,27526,TRUMP ENGELWOOD PROPERTIES LLC ,6305 PEOPLE RD,HOLLY SPRINGS NC 27540-8815,,1890848,0657690165
OFC GROSS,1999,6231.0,1340 N MAIN ST,FUQUAY-VARINA,27526,J H H ENTERPRISES ,1340 N MAIN ST,FUQUAY VARINA NC 27526-2617,,935566,0667601246
OFC GROSS,2005,6222.0,950 HEATHER PARK DR,GARNER,27529,TRIUNE PROPERTIES LLC ,4189 DIXIE INN RD,WILSON NC 27893-9000,,1027134,1710369925
DAY CARE,1988,6206.0,9325 LEESVILLE RD,RALEIGH,27613,KCP RE LLC ,SCHWARTZ KALES ACCOUNTANCY CORP,6310 SAN VICENTE BLVD STE 250,LOS ANGELES CA 90048-5447,1394545,0788039354
DAY CARE,1991,6195.0,2300 BRIDGEPORT DR,RALEIGH,27615,KCP RE LLC ,SCHWARTZ KALES ACCOUNTANCY CORP,6310 SAN VICENTE BLVD STE 250,LOS ANGELES CA 90048-5447,1474447,0797597101
CHURCH,1987,6193.0,700 OLD APEX RD,CARY,27513,CONGREGATION SHA' AREI SHALOM ,PO BOX 3187,CARY NC 27519-3187,,1578897,0754904875
MED OFC GROSS,1994,6188.0,100 CORNERSTONE DR,CARY,27519,RIGGSBEE INVESTMENT PROPERTIES LLC ,PO BOX 1659,APEX NC 27502-3659,,1686155,0744421392
OFC GROSS,1977,6165.0,632 US 70 HWY W,GARNER,27529,PARTLO GARNER LLC ,PO BOX 799,GARNER NC 27529-0799,,1130132,1711147184
OFC GROSS,1981,6161.0,3901 COMPUTER DR,RALEIGH,27609,NORRIS CREEK BUILDING LLC ,PO BOX 18973,RALEIGH NC 27619-8973,,1366633,1705973943
FLEX WHSE,2004,6160.0,201 THOMAS MILL RD,HOLLY SPRINGS,27540,M & D PACOS HOLDING CO LLC ,5004 HANNA LN,FUQUAY VARINA NC 27526-9093,,2100256,0649139444
OFC GROSS,1978,6160.0,4050 WAKE FOREST RD,RALEIGH,27609,S D JOHNSON INK LLC ,PO BOX 99435,RALEIGH NC 27624-9435,,778697,1715495475
OFC GROSS,1986,6160.0,6000 WESTGATE RD,RALEIGH,27617,JOHNSON LEE FAMILY PROPERTIES 7 LLC ,501 MARLOWE RD,RALEIGH NC 27609-7019,,4374872,0778430059
OFC GROSS,1986,6158.0,7412 CHAPEL HILL RD,CARY,27607,CH7412 LLC ,204 STERLING RIDGE WAY,CARY NC 27519-7667,,830167,0774445343
FLEX WHSE,1995,6145.0,800 BEACON LAKE DR,RALEIGH,27610,BEACON LAKE LLC ,1101 HARVEY ST,RALEIGH NC 27608-2204,,1272859,1724625845
CHURCH,1985,6140.0,1208 BRIDGE ST,FUQUAY-VARINA,27526,MIRACLE TEMPLE HOLINESS CHURCH TRS ,PO BOX 432,ANGIER NC 27501-0432,,953605,0657737312
OFC GROSS,1984,6124.0,3227 WELLINGTON CT,RALEIGH,27615,ETS PROPERTY LLC ,3227 WELLINGTON CT,RALEIGH NC 27615-4120,,1261504,1727581255
DAY CARE,1988,6120.0,300 SE CARY PKWY,CARY,27511,POWER PROPERTIES LLC ,300 SE CARY PKWY,CARY NC 27511-7601,,1473921,0763601660
OFC GROSS,1982,6120.0,2701 ROWLAND RD,RALEIGH,27615,"BERGDOLT, ELLEN P ",1200 WATERGATE CT,RALEIGH NC 27615-5473,,898388,1727059253
OFC GROSS,1997,6112.0,108 NOVA DR,MORRISVILLE,27560,FILTRATION FUTURES LLC ,5217 BLUE STEM CT,RALEIGH NC 27606-9373,,1030239,0756512570
OFC GROSS,1985,6104.0,107 GLENWOOD AVE,RALEIGH,27603,107 GLENWOOD LLC ,712 W JOHNSON ST,RALEIGH NC 27603-1191,,3526119,1703494746
MULT TEN,2000,6100.0,117 TIMBER DR,GARNER,27529,"EL CHAYEB, JACQUES ",3622 SHANNON RD STE 104,DURHAM NC 27707-3771,,898281,1710742769
OFC GROSS,1975,6070.0,6400 FALLS OF NEUSE RD,RALEIGH,27615,VICTORY IN JESUS LLC ,7319 LITCHFORD RD,RALEIGH NC 27615-5538,,679603,1717213736
VET CLIN,1998,6060.0,2030 KILDAIRE FARM RD,CARY,27518,BLOCK KFR LLC ,222 CLOISTER CT,CHAPEL HILL NC 27514-2212,,2081860,0762532185
DAY CARE,1989,6059.0,5105 OLD POOLE RD,RALEIGH,27610,APPLETREE DAY CARE INC ,PO BOX 14066,RALEIGH NC 27620-4066,,1360297,1733123756
FUNERAL,1996,6053.0,555 CREECH RD,GARNER,27529,"CHAPPELL, CHARLES A CHAPPELL, YOLANDA W",840 PARKRIDGE DR,CLAYTON NC 27527-5312,,1062746,1711758823
MUNC BLD,1996,6049.0,211 N ACADEMY ST,CARY,27513,CARY TOWN OF ,REAL ESTATE DEPT TOWN OF CARY,PO BOX 8005,CARY NC 27512-8005,2622637,0764414981
OFC GROSS,1987,6032.0,140 NORTHWAY CT,RALEIGH,27615,SELFRIDGE INVESTMENTS LLC ,3620 WILLIAMSBOROUGH CT,RALEIGH NC 27609-6356,,1258958,1707462540
OFC GROSS,1975,6026.0,4418 LOUISBURG RD,RALEIGH,27616,VERTEFAY PROPERTIES LLC ,4418 LOUISBURG RD,RALEIGH NC 27616-4335,,1758339,1726616994
OFC GROSS,1990,6020.0,4804 HARGROVE RD,RALEIGH,27616,LOVE GOD LOVE NEIGHBORS LLC ,4804 HARGROVE RD,RALEIGH NC 27616-1885,,760454,1726059446
DAY CARE,1990,6018.0,3129 POPLARWOOD CT,RALEIGH,27604,KCP RE LLC ,SCHWARTZ KALES ACCOUNTANCY CORP,6310 SAN VICENTE BLVD STE 250,LOS ANGELES CA 90048-5447,1705318,1715733442
SNGL TEN,1984,6018.0,1665 NORTH MARKET DR,RALEIGH,27609,LEM PROPERTIES LLC ,PO BOX 58278,RALEIGH NC 27658-8278,,664739,1716519285
SNGL TEN,1985,6010.0,8112 BROWNLEIGH DR,RALEIGH,27617,BAKER OFFICE BUILDING LLC ,3208 HAYDEN CT,RALEIGH NC 27612-2127,,1051644,0777465928
OFC GROSS,1997,6006.0,918 SEVENTH AVE,GARNER,27529,JHH ENTERPRISES ,1340 N MAIN ST,FUQUAY VARINA NC 27526-2617,,1041048,1711126568
OFC GROSS,1986,6005.0,300 PRISTINE WATER DR,APEX,27539,APEX TOWN OF ,PO BOX 250,APEX NC 27502-0250,,2862383,0741933281
SNGL TEN,1988,6000.0,3809 CAPITAL BLVD,RALEIGH,27604,HAB PROPERTIES LLC ,333 SHERWEE DR,RALEIGH NC 27603-3521,,1059705,1725381481
DAY CARE,1991,6000.0,7421 SIEMENS RD,,27591,"GOWER, JERRY GOWER, JOANN W",4814 OLD FAISON RD,KNIGHTDALE NC 27545-9188,,1049301,1785214947
MULT TEN,1989,6000.0,6800 GLENWOOD AVE,RALEIGH,27612,6800 GLENWOOD LLC ,PO BOX 37663,RALEIGH NC 27627-7663,,2234260,0786589707
SNGL TEN,1993,6000.0,4207 FAYETTEVILLE RD,GARNER,27603,GREENBRIAR PROPERTIES LLC ,2503 RELIANCE AVE,APEX NC 27539-6347,,968519,1701370563
SNGL TEN,1992,6000.0,1233 N MAIN ST,FUQUAY-VARINA,27526,MANN FAMILY PROPERTIES OF RALEIGH II LLC ,1210 COWPER DR,RALEIGH NC 27608-2233,,1448195,0667503571
MULT TEN,1984,6000.0,2930 CAPITAL BLVD,RALEIGH,27604,"BARNETTE, HENRY VANCE JR PARKER, CELESTE BARNETTE",4821 OAKGREEN CT,RALEIGH NC 27612-3595,,1189543,1725033386
CHURCH,2005,6000.0,1516 BETHEL RD,,27610,PRAISE WORSHIP TABERNACLE ,1516 BETHEL RD,RALEIGH NC 27610-4408,,1287851,1723806882
CHURCH,2000,6000.0,615 ROYAL ST,RALEIGH,27607,FREEDOM TEMPLE OF DELIVERANCE INC ,615 ROYAL ST,RALEIGH NC 27607-5421,,1376542,0794225758
MULT TEN,1986,6000.0,803 E WILLIAMS ST,APEX,27502,HUANG ENTERPRISES LLC ,9419 110TH PL NE,KIRKLAND WA 98033-4205,,1568174,0741672890
OFC GROSS,1986,6000.0,500 BENSON RD,GARNER,27529,"INTELLECTUAL PROPERTIES NUMBER II, LLC ",1631 MIDTOWN PL STE 104,RALEIGH NC 27609-1300,,800722,1711417586
CLUB HSE,1997,5997.0,4621 SHADY GREENS DR,FUQUAY-VARINA,27526,TOWN OF FUQUAY-VARINA ,401 OLD HONEYCUTT RD,FUQUAY VARINA NC 27526-9307,,1102571,0678852120
OFC GROSS,1986,5980.0,5316 SIX FORKS RD,RALEIGH,27609,J T HOBBY & SON INC ,PO BOX 18506,RALEIGH NC 27619-8506,,694505,1706662128
OFC GROSS,1977,5979.0,934 DURHAM RD,WAKE FOREST,27587,TDW PROPERTIES DURHAM ROAD LLC ,934 DURHAM RD,WAKE FOREST NC 27587-6591,,800762,1831513307
OFC GROSS,1997,5972.0,2210 CAPITAL BLVD,RALEIGH,27604,SKY HUNT LLC ,273D BLUE POND RD,CLAYTON NC 27520-7493,,2552462,1714389610
SNGL TEN,1998,5967.0,4800 SIGNETT DR,RALEIGH,27616,MKT PROPERTIES LLC ,7805 TALBRYN WAY,CHAPEL HILL NC 27516-7866,,1652008,1726345549
MED OFC GROSS,1979,5964.0,3831 MERTON DR,RALEIGH,27609,MERTON BROWNING LLC ,3924 BROWNING PL STE 1,RALEIGH NC 27609-6509,,1471111,1705970286
SNGL TEN,1991,5961.0,2657 APPLIANCE CT,RALEIGH,27604,2657 REALTY LLC ,221 97TH ST,BROOKLYN NY 11209-7703,,1541048,1715717885
DAY CARE,1988,5952.0,201 HIGH HOUSE RD,CARY,27513,WICKHAM REAL ESTATE INVESTMENT LLC ,7800 E LINCOLN DR UNIT 1015,SCOTTSDALE AZ 85250-7929,,1334462,0754902000
FLEX WHSE,1983,5950.0,5512 OLD WAKE FOREST RD,RALEIGH,27609,"CASH'S APPLIANCE PARTS, INC. ",5512 OLD WAKE FOREST RD,RALEIGH NC 27609-5014,,800056,1716861420
OFC GROSS,1984,5950.0,3755 BENSON DR,RALEIGH,27609,BENSON ROAD HOLDINGS LLC ,500 CARDINAL DR,RALEIGH NC 27604-2210,,955006,1715390120
SNGL TEN,1988,5902.0,604 JONES DAIRY RD,WAKE FOREST,27587,"AMJAD, ZAHRA SALEEM, AMJAD I",12340 RICHMOND RUN DR,RALEIGH NC 27614-6412,,512563,1850242840
VET CLIN,1986,5900.0,4640 PARAGON PARK RD,RALEIGH,27616,BROADSTONE PEARL LLC ,PROPERTY TAX DEPT,2950 BUSCH LAKE BLVD,TAMPA FL 33614-1859,1400424,1727989435
RESEARCH,2005,5882.0,3512 MID PINES RD,,27606,NORTH CAROLINA STATE OF ,STATE PROPERTY OFFICE,116 W JONES ST,RALEIGH NC 27603-1335,45656938,0782815303
OFC GROSS,1979,5861.0,5115 HOLLYRIDGE DR,RALEIGH,27612,ANGEL MINISTRIES INC ,ROSS RHUDY,5115 HOLLYRIDGE DR,RALEIGH NC 27612-3111,938618,0786854305
FLEX WHSE,1997,5850.0,219 GARNER BUSINESS CT,GARNER,27529,NMS RAND GBC LLC ,411 SE OSCEOLA ST STE 200,STUART FL 34994-2509,,1166394,1711912390
VET CLIN,1994,5848.0,1130 SW MAYNARD RD,CARY,27513,SRI SHIRDI SAIBABA MANDIR OF NORTH CAROLINA ,1150 SW MAYNARD RD,CARY NC 27513-5721,,1132820,0753874747
OFC GROSS,2001,5840.0,336 E SIX FORKS RD,RALEIGH,27609,THE UNITED MEXICAN STATES ,431 RALEIGH VIEW RD,RALEIGH NC 27610-4623,,1334991,1715035766
OFC GROSS,2002,5836.0,9204 FALLS OF NEUSE RD,RALEIGH,27615,"6737 MARKET, LLC ",4151 GARDENLAKE DR,RALEIGH NC 27612-6953,,846454,1718626970
OFC GROSS,1986,5831.0,8101 BROWNLEIGH DR,RALEIGH,27617,"GLASS, THOMAS G ",3119 STEDMAN DR,RALEIGH NC 27607-5213,,605466,0777461659
CHURCH,1998,5814.0,6320 WHITTED RD,,27526,FUQUAY VARINA CHURCH OF CHRIST ,6320 WHITTED RD,FUQUAY VARINA NC 27526-9085,,1252772,0677195638
CHURCH,1979,5786.0,4300 DURHAM RD,,27614,LEDGEROCK BAPTIST CHURCH TRUSTEE ,% WILLIAM A MARSH JR,810 CENTER ST,DURHAM NC 27704-5112,767458,0891842436
CHURCH,1982,5760.0,14705 NEW LIGHT RD,,27587,NEW LIGH BAPTIST CHURCH INC ,14705 NEW LIGHT RD,WAKE FOREST NC 27587-8620,,673989,1802158758
CHURCH,1981,5759.0,6400 CHAPEL HILL RD,,27607,LINCOLNVILLE AME CHURCH ,900 NOWELL RD,RALEIGH NC 27607-5129,,908069,0774921765
OFC GROSS,1985,5750.0,6117 FAYETTEVILLE RD,,27603,BANNISTER PROPERTIES LLC ,PO BOX 769,GARNER NC 27529-0769,,836327,0790664934
FUNERAL,1988,5746.0,430 N WHITE ST,WAKE FOREST,27587,CLACK & HARRIS FEGGINS ENTERPRISES LLC ,430 N WHITE ST,WAKE FOREST NC 27587-2455,,784315,1841631594
VET CLIN,1983,5745.0,1409 KILDAIRE FARM RD,CARY,27511,KILDAIRE LAND HOLDINGS LLC ,H2 MANAGEMENT AND DESIGN,100 PARKWAY OFFICE CT STE 208,CARY NC 27518-7438,1051070,0763405564
FIRE STA,1988,5740.0,6529 BETHANY CHURCH RD,,27591,WENDELL HOLMES RURAL FIRE DEPT INC ,2960 WENDELL BLVD,WENDELL NC 27591-7269,,886925,1766528868
OFC GROSS,1988,5731.0,115 S ST MARYS ST,RALEIGH,27603,COLEMAN GROUP LLC ,115 S SAINT MARYS ST,RALEIGH NC 27603-1699,,2387929,1703387752
OFC GROSS,1998,5714.0,510 S HARRINGTON ST,RALEIGH,27601,CABARRUS & WEST LLC ,4315 50TH ST NW STE 100,WASHINGTON DC 20016-4369,,1758019,1703561827
FIRE STA,2002,5710.0,10440 FOSSIL CREEK CT,RALEIGH,27617,CITY OF RALEIGH ,222 W HARGETT ST,RALEIGH NC 27601-1316,,3606150,0768031277
MED OFC GROSS,1985,5708.0,7371 SIX FORKS RD,RALEIGH,27615,"SIX FORKS-FCA, LLC ",PO BOX 20197,ATLANTA GA 30325-0197,,1748056,1707457539
OFC GROSS,1996,5705.0,825 S NEW HOPE RD,RALEIGH,27610,110 CENTER ,MAHMOUDI MEHRDAD,303 VINTAGE HILL CIR,APEX NC 27539-5105,757885,1733036061
FLEX WHSE,2002,5694.0,240 TOWERVIEW CT,CARY,27513,DANKS REAL ESTATE HOLDINGS LLC ,2100 GARDEN OAKS CT,RALEIGH NC 27606-8962,,1082748,0754579025
CLUB HSE,2003,5692.0,10630 BEDFORDTOWN DR,RALEIGH,27614,BEDFORD AT FALLS RIVER MASTER ASSN INC ,PO BOX 1639,HOUSTON TX 77251-1639,,0,1729815878
SNGL TEN,2003,5692.0,1202 LAURA VILLAGE DR,APEX,27523,HENDRICK AUTOMOTIVE GROUP ,6000 MONROE RD STE 100,CHARLOTTE NC 28212-6178,,1840456,0742878705
STOR/OFC,1982,5675.0,1803 OBERLIN RD,RALEIGH,27608,"HAYDON, KENNETH W ",1803 OBERLIN RD,RALEIGH NC 27608-2043,,1065643,1704290364
MED OFC GROSS,2003,5664.0,11724 RETAIL DR,WAKE FOREST,27587,WAKE FOREST PROFESSIONAL PROPERTIES ,PO BOX 8346,ROCKY MOUNT NC 27804-1346,,1183309,1830571175
SNGL TEN,1994,5651.0,1207 N SMITHFIELD RD,KNIGHTDALE,27545,"RAY, NATHAN J ",1207 N SMITHFIELD RD,KNIGHTDALE NC 27545-7725,,1056760,1754260713
FIRE STA,2000,5640.0,2740 WAKEFIELD CROSSING DR,RALEIGH,27614,RALEIGH CITY OF ,222 W HARGETT ST,RALEIGH NC 27601-1316,,1309292,1739076373
MED OFC GROSS,1977,5640.0,1205 RIDGE RD,RALEIGH,27607,ARCH PARTNERS LLC ,PMB #172,CARY NC 27518,,1636943,0794275109
OFC GROSS,1999,5621.0,150 TREATMENT PLANT RD,HOLLY SPRINGS,27540,HOLLY SPRINGS TOWN OF ,TOWN ATTORNEY,PO BOX 8,HOLLY SPRINGS NC 27540-0008,3354753,0649308116
FLEX WHSE,1999,5620.0,405 ROGERS VIEW CT,RALEIGH,27610,GONZALEZ ALL GUTTERS INC ,7308 TALIAFERD CT,RALEIGH NC 27616-5624,,1214859,1733276069
SNGL TEN,1985,5603.0,3560 MAITLAND DR,RALEIGH,27610,RONG HUA LLC ,4331 GRIFFINS GATE LN,GREENSBORO NC 27407-7950,,930983,1724453033
DAY CARE,1978,5595.0,4605 OLD FAISON RD,KNIGHTDALE,27545,"GOWER, JERRY L GOWER, JO ANN W",4814 OLD FAISON RD,KNIGHTDALE NC 27545-9188,,1044957,1743776115
DAY CARE,1981,5591.0,600 ST MARYS ST,GARNER,27529,CENTRO CRISTIANO JESUS ES REY INC ,PO BOX 889,GARNER NC 27529-0889,,901922,1711414371
CLUB HSE,2002,5582.0,151 MIDDLE CREEK PARK AVE,CARY,27539,CARY TOWN OF ,REAL ESTATE DEPT TOWN OF CARY,PO BOX 8005,CARY NC 27512-8005,10724207,0669978814
SNGL TEN,1988,5579.0,6501 FALLS OF NEUSE RD,RALEIGH,27615,RETIREMENT INVESTMENT GROUP LLC ,6501 FALLS OF NEUSE RD,RALEIGH NC 27615-6814,,1591278,1717129205
OFC GROSS,2000,5554.0,216 US 70 HWY W,GARNER,27529,WILD POTATO CLAN INDUSTRIES LLC ,216 US HIGHWAY 70 W,GARNER NC 27529-3943,,932946,1711528027
DAY CARE,1997,5546.0,4905 BURLINGTON MILLS RD,ROLESVILLE,27571,SISI LITTLE ONES HOME ACADEMY INC ,127 NATIONAL DR,CLAYTON NC 27527-5114,,1631759,1758587077
GROUP HM,2003,5542.0,2768 WEAVER HILL DR,,27502,"SHALTANIS, DAN SHALTANIS, JENNIFER",2768 WEAVER HILL DR,APEX NC 27502-6547,,1580037,0711224329
OFC GROSS,1978,5500.0,1220 NOWELL RD,RALEIGH,27607,J & M PROPERTIES OF CARY LLC ,1220 NOWELL RD,RALEIGH NC 27607-5134,,748153,0774859138
VET CLIN,1995,5486.0,2310 SPRING FOREST RD,RALEIGH,27615,"GORE, REBECCA A ",405 MARTINDALE DR,RALEIGH NC 27614-9520,,1362671,1716789798
DAY CARE,1989,5468.0,2100 S MAIN ST,WAKE FOREST,27587,DODD CHILDCARE PROPERTIES LLC ,14408 PINE COVE CT,RALEIGH NC 27614-9378,,1200037,1830801726
OFC GROSS,1996,5460.0,125 TIMBER DR,GARNER,27529,BARBARO PROPERTIES IV GARNER LLC ,125 TIMBER DR,GARNER NC 27529-5807,,815110,1710649747
OFC GROSS,1987,5456.0,136 US 70 HWY E,GARNER,27529,BMKN INVESTMENTS LLC ,136 US 70 HWY E,GARNER NC 27529-3982,,1343089,1711708691
OFC GROSS,1980,5443.0,2621 ROWLAND RD,RALEIGH,27615,DEACON INVESTMENTS LLC ,PO BOX 400,ROLESVILLE NC 27571-0400,,941422,1727057045
OFC GROSS,1985,5437.0,404 E CHATHAM ST,CARY,27511,JEWELL-COLLINS PROPERTIES LLC ,PO BOX 3444,CARY NC 27519-3444,,987579,0764712984
OFC GROSS,1976,5426.0,110 ADAMS ST,CARY,27513,SLOAN PERRYMAN LLC ,1000 RAVENWOOD DR,RALEIGH NC 27606-1638,,630796,0764425899
DAY CARE,1987,5415.0,9313 LEESVILLE RD,RALEIGH,27613,NNN REIT LP ,450 S ORANGE AVE STE 900,ORLANDO FL 32801-3339,,1229735,0788029945
MULT TEN,1989,5412.0,412 E WILLIAMS ST,APEX,27502,TWENTY TWENTY DEVELOPMENT LLC ,12408 WHARTONS WAY,RALEIGH NC 27613-6030,,1411451,0741489715
OFC GROSS,1976,5400.0,209 S FUQUAY AVE,FUQUAY-VARINA,27526,GRIFFIN HOLDINGS LLC ,209 S FUQUAY AVE,FUQUAY VARINA NC 27526-2254,,587072,0666061806
OFC GROSS,1985,5400.0,1640 NORTH MARKET DR,RALEIGH,27609,"ONEAL, JIMMY GRAY ",6401 SASSAFRAS LN,RALEIGH NC 27614-9210,,722787,1716600727
OFC GROSS,1981,5400.0,1201 AVERSBORO RD,GARNER,27529,"BROWNING, ROBERT L ",65 GLEN RD STE 182,GARNER NC 27529-7943,,424676,1710490048
SNGL TEN,2004,5400.0,3321 S WILMINGTON ST,RALEIGH,27603,SOUTH WILMINGTON LLC ,3500 SEWARD PL,CHARLOTTE NC 28211-3745,,1319985,1702329369
FLEX WHSE,2000,5396.0,5301 OLD POOLE RD,RALEIGH,27610,R&SS PROPERTIES LLC ,5301 OLD POOLE RD STE 101,RALEIGH NC 27610-3083,,1466323,1733231435
OFC GROSS,1988,5394.0,2160 N SALEM ST,APEX,27523,ARNS ASSOCIATES LLC ,2160 N SALEM ST,APEX NC 27523-8208,,1260270,0742897839
CHURCH,1984,5393.0,13500 CAMP KANATA RD,,,WOODLAND CHAPEL BAPTIST CHURCH ,13500 CAMP KANATA RD,WAKE FOREST NC 27587-8078,,588637,1822704261
MED OFC GROSS,1997,5387.0,1165 US 70 HWY W,GARNER,27529,SAFARI PROPERTIES LLC ,32301 WOODWARD AVE,ROYAL OAK MI 48073-0946,,1860341,1701769119
OFC GROSS,1989,5364.0,3109 CHARLES B ROOT WYND,RALEIGH,27612,GREER INVESTMENT PROPERTIES INC ,3109 CHARLES B ROOT WYND,RALEIGH NC 27612-5372,,952391,0785652519
VET CLIN,1997,5349.0,6400 TRYON RD,CARY,27518,SWAN LAKE HOLDINGS LLC ,8201 DAVISHIRE DR,RALEIGH NC 27615-1878,,1352868,0772161038
DAY CARE,1981,5333.0,1147 EXECUTIVE CIR,CARY,27511,RICO PROPERTIES LLC ,1147 EXECUTIVE CIR,CARY NC 27511-4526,,1282012,0763540085
MED OFC GROSS,1988,5331.0,903 N ARENDELL AVE,ZEBULON,27597,AVESTA PROPERTIES LLC ,7720 HARPS MILL RD,RALEIGH NC 27615-5427,,1009323,2705178781
FLEX WHSE,1986,5328.0,5854 FAYETTEVILLE RD,,27603,PLAZA EL TORO LLC ,3609 JUNCTION BLVD,RALEIGH NC 27603-3636,,500367,0790790252
FUNERAL,2003,5325.0,2810 KIDD RD,RALEIGH,27610,CARLTON L GRAY FUNERAL & CREMATION SERVICE LLC ,PO BOX 14447,RALEIGH NC 27690-2007,,1188792,1723186310
OFC GROSS,1982,5310.0,2305 E MILLBROOK RD,RALEIGH,27604,HGH HOLDINGS LLC ,3434 EDWARDS MILL RD STE 112397,RALEIGH NC 27612-4275,,716250,1716944130
FIRE STA,1993,5298.0,121 NORTHWAY CT,RALEIGH,27615,RALEIGH CITY OF ,PO BOX 590,RALEIGH NC 27602-0590,,1025142,1707461288
FIRE STA,1988,5293.0,4209 SPRING FOREST RD,RALEIGH,27616,RALEIGH CITY OF ,PO BOX 590,RALEIGH NC 27602-0590,,721637,1726761904
MULT TEN,1976,5280.0,407 W GANNON AVE,ZEBULON,27597,LNP INC ,PARRISH REALTY C/O RENEE BAKER,PO BOX 1128,ZEBULON NC 27597-1128,583872,2705048295
MULT TEN,1976,5250.0,124 SW MAYNARD RD,CARY,27511,CITYPLAT CARY LLC ,107 FAYETTEVILLE ST STE 100,RALEIGH NC 27601-2913,,1116446,0763358866
SNGL TEN,1984,5250.0,4100 WENDELL BLVD,WENDELL,27591,"THOMPSON, RONALD W THOMPSON, JANET B",PO BOX 250,WENDELL NC 27591-0250,,530894,1784908847
OFC GROSS,1991,5250.0,3921 BERYL RD,RALEIGH,27607,YANG HONG BALLET LLC ,12908 ANGLEWOOD CT,RALEIGH NC 27614-7937,,835160,0794141101
CLUB HSE,2002,5248.0,2727 LOUIS STEPHENS DR,CARY,27519,CARY TOWN OF ,REAL ESTATE DEPT TOWN OF CARY,PO BOX 8005,CARY NC 27512-8005,12319197,0744086065
SNGL TEN,1976,5242.0,1015 W GANNON AVE,ZEBULON,27597,TIDEWATER INVESTORS II LLC ,1011 W GANNON AVE,ZEBULON NC 27597-2130,,413410,1795647373
OFC GROSS,1978,5240.0,7116 SIX FORKS RD,RALEIGH,27615,SCHMID & RANSONE PROPERTIES LLC ,7116 SIX FORKS RD,RALEIGH NC 27615-6261,,707322,1707542123
MULT TEN,2005,5238.0,3608 DAVIS DR,MORRISVILLE,27560,GRACE PARK DEVELOPMENT LLC ,2251 CHARLES DR,RALEIGH NC 27612-4083,,2016545,0745531998
FIRE STA,1998,5225.0,2651 SOUTHALL RD,RALEIGH,27604,RALEIGH CITY OF ,PO BOX 590,RALEIGH NC 27602-0590,,984612,1735105411
DAY CARE,1983,5223.0,610 NOTTINGHAM DR,CARY,27511,RKMS HOLDING LLC 610 ,610 NOTTINGHAM DR,CARY NC 27511-5962,,979569,0773640614
SNGL TEN,2005,5222.0,4500 NEW BERN AVE,RALEIGH,27610,TRUSTEE OF WILLIAM L ABERNATHY TESTAMENTARY CHARIT COMMUNITY BANK OF RAYMORE TRUSTEE,PO BOX 200,RAYMORE MO 64083-0200,,1724466,1734051548
MED OFC GROSS,1983,5211.0,4100 WAKE FOREST RD,RALEIGH,27609,HBMB ASSETS LLC ,1008 WHITE OAK DR,SAN JOSE CA 95129-3156,,1351464,1715496589
OFC GROSS,1984,5208.0,817 NEW BERN AVE,RALEIGH,27601,716 SOUTH SAUNDERS LLC ,500 N PERSON ST,RALEIGH NC 27604-1212,,1105865,1713099146
DAY CARE,1982,5208.0,12401 STRICKLAND RD,RALEIGH,27613,MARACAS MONTESSORI LLC ,12401 STRICKLAND RD,RALEIGH NC 27613-5324,,1924740,0788745895
CHURCH,2005,5200.0,8109 STEPHENSON RD,,27539,FELTON GROVE BAPTIST CHURCH ,8109 STEPHENSON RD,APEX NC 27539-6662,,1665774,0750990757
OFC GROSS,1976,5200.0,120 KEITH HILLS ST,,27526,"KEITH, BRYANT E KEITH, BARBARA J",108 KEITH HILLS ST,FUQUAY VARINA NC 27526-9313,,1236528,0668123139
CHURCH,2001,5194.0,3305 OLD MILBURNIE RD,,27616,GRACE BAPTIST CHURCH OF RAL NC ,PO BOX 174,KNIGHTDALE NC 27545-0174,,1702483,1746733575
FIRE STA,1986,5185.0,8200 MORGANS WAY,RALEIGH,27613,RALEIGH CITY OF ,PO BOX 590,RALEIGH NC 27602-0590,,959908,0798404599
DAY CARE,1983,5182.0,955 W CHATHAM ST,CARY,27511,MDC NC1 LP LIMITED PARTNERSHIP ,LEGAL DEPARTMENT,11995 EL CAMINO REAL,SAN DIEGO CA 92130-2539,1055091,0753868958
MULT TEN,1997,5180.0,11904 GALAXY DR,WAKE FOREST,27587,CAPITAL WAKE INVESTMENTS LLC ,PO BOX 388,GARNER NC 27529-0388,,934073,1830681716
CHURCH,1993,5179.0,2600 EDGEMONT RD,,27591,THE WENDELL COMMUNITY CHURCH INC ,2600 EDGEMONT RD,WENDELL NC 27591-9225,,1241685,1776711239
FIRE STA,1988,5168.0,1721 TRAILWOOD DR,RALEIGH,27606,RALEIGH CITY OF ,PO BOX 590,RALEIGH NC 27602-0590,,693156,0793101178
DAY CARE,1978,5152.0,115 COMMERCE ST,APEX,27502,"GROW PRESCHOOL, LLC ",115 COMMERCE ST,APEX NC 27502-1465,,686577,0742319189
OFC GROSS,1984,5151.0,6317 ANGUS DR,RALEIGH,27617,CHAUFFERS TEAMSTERS & HELPERS LOCAL UNION NO 391,PO BOX 35405,GREENSBORO NC 27425-5405,,1104991,0778118376
SNGL TEN,1985,5151.0,1610 AUTOMOTIVE WAY,RALEIGH,27604,CAPITAL CITY STOW N GO LLC ,1016 CANTERBURY RD,RALEIGH NC 27607-4182,,748115,1714165234
SNGL TEN,1988,5125.0,5217 ATLANTIC AVE,RALEIGH,27616,"5217 ATLANTIC PROPERTIES, LLC ",5217 ATLANTIC AVE,RALEIGH NC 27616-1871,,1831414,1716853857
VET CLIN,1987,5117.0,980 NORTHWOODS DR,CARY,27513,HUDSON NORTHWOODS LLC ,980 NORTHWOODS DR,CARY NC 27513-3803,,942273,0764363894
DAY CARE,1984,5101.0,7601 SIX FORKS RD,RALEIGH,27615,SUTCLIFFE PROPERTIES INC ,TERRY J SUTCLIFFE PRESIDENT,1903 QUAIL RUN,LAWRENCE KS 66047-3526,1133202,1707465664
DAY CARE,1981,5101.0,1413 AVERSBORO RD,GARNER,27529,CREATIVE PLANNING TRUST COMPANY LLC TRUSTEE THE CABELL GILLESPIE TRUST,5454 W 110TH ST,OVERLAND PARK KS 66211-1204,,790731,1710379545
OFC GROSS,1987,5096.0,3905 NEW BERN AVE,RALEIGH,27610,DRB REAL ESTATE HOLDINGS LLC ,123 DARE PINES WAY,DURHAM NC 27703-8350,,1054005,1724762115
OFC GROSS,1982,5091.0,8801 MIDWAY WEST RD,RALEIGH,27617,ANGUS INVESTMENTS LLC ,PO BOX 90174,RALEIGH NC 27675-0174,,1385131,0778245266
OFC GROSS,1984,5091.0,8117 EBENEZER CHURCH RD,RALEIGH,27612,WOODS HOLDINGS LLC ,14223 WYNFIELD CIR,RALEIGH NC 27615,,1308894,0777663299
OFC GROSS,1998,5052.0,1743 S MAIN ST,WAKE FOREST,27587,NRD LLP ,7713 WAKEBROOK DR,RALEIGH NC 27616-9673,,712144,1840024776
OFC GROSS,2000,5052.0,1725 S MAIN ST,WAKE FOREST,27587,LOFTS AT SOUTH MAIN LLC ,300 CARPATHIAN WAY,RALEIGH NC 27615-1615,,781040,1840025828
OFC GROSS,1988,5048.0,520 EAGLE ROCK RD,,27591,SOUTHERN BELL TELEPHONE ,1155 PEACHTREE ST NE # 15H08,ATLANTA GA 30309-3646,,2231595,1774276021
DAY CARE,1997,5043.0,55 LILES DEAN RD,WENDELL,27591,"DIXON, THOMAS E DIXON, LORRAINE H",1200 PULLEY GORDON RD,ZEBULON NC 27597-8895,,1658892,1784338406
OFC GROSS,1988,5040.0,3105 CHARLES B ROOT WYND,RALEIGH,27612,PINTAIL MANAGEMENT LLC ,3105 CHARLES B ROOT WYND,RALEIGH NC 27612-5372,,950194,0785652593
DAY CARE,1985,5040.0,8400 FALLS OF NEUSE RD,RALEIGH,27615,"ARCHER, JOHN T TRUSTEE MESSINA, MICHAEL J TRUSTEE",TRUST DEPARTMENT,PO BOX 200,RAYMORE MO 64083-0200,1413533,1718209869
OFC GROSS,1992,5036.0,1419 NC 39 HWY,,27597,CITY OF RALEIGH ,PO BOX 590,RALEIGH NC 27602-0590,,1327943,2715525434
OFC GROSS,1975,5033.0,200 N PINE ST,WENDELL,27591,"KIRK, PHILIP G ",10908 POOLE RD,WENDELL NC 27591-8081,,558290,1784713030
OFC GROSS,1993,5025.0,920 WITHERS RD,,27603,OLDCASTLE ARCHITECTURAL INC ,PROP TAX COMPLIANCE,PO BOX 80615,INDIANAPOLIS IN 46280-0615,1396275,0791993919
SNGL TEN,2003,5013.0,12512 CAPITAL BLVD,WAKE FOREST,27587,WAKE FOREST AUTO SPA INC ,1208 HARTSFIELD FOREST DR,WAKE FOREST NC 27587-9176,,1353352,1831842705
MED OFC GROSS,1997,5010.0,7608 PURFOY RD,FUQUAY-VARINA,27526,TOREG FV LLC ,120 WILLIAM PENN PLZ,14400 METCALF AVE,OVERLAND PARK KS 66223-2989,1229373,0666791950
DAY CARE,1989,5000.0,4309 TEN TEN RD,,27539,"LEE, LINDA PARKER ",CRYSTAL MCMILLON,1218 TRADITIONAL LN,WILMINGTON NC 28411-5600,1311166,0760784423
OFC GROSS,1994,5000.0,2204 N MAIN ST,FUQUAY-VARINA,27526,"REVELS, BOBBY J REVELS, RUBY M",6217 BURT RD,FUQUAY VARINA NC 27526-9658,,645999,0677552100
SNGL TEN,2000,5000.0,7439 SUNSET LAKE RD,FUQUAY-VARINA,27526,"CAPITAL WAKE INVESTMENTS, LLC ",PO BOX 388,GARNER NC 27529-0388,,1051872,0667700951
OFC GROSS,1984,5000.0,1654 NORTH MARKET DR,RALEIGH,27609,ELLARA LLC ,1654 N MARKET DR,RALEIGH NC 27609-2517,,758561,1716602651
OFC GROSS,1998,5000.0,7008 HARPS MILL RD,RALEIGH,27615,BAKIS 2637 LLC ,7008 HARPS MILL RD,RALEIGH NC 27615-3242,,701838,1717053516
FLEX WHSE,1984,5000.0,1420 BROOKSIDE DR,RALEIGH,27604,"BOBBIT DRIVE ASSOCIATES LLC BAILEY, FRANCES G",PO BOX 464,RALEIGH NC 27602-0464,,584857,1714155618
SNGL TEN,1985,5000.0,101 SAWMILL RD,RALEIGH,27615,BGS & ASSOCIATES LLC ,720 W HARGETT ST STE B,RALEIGH NC 27603-1853,,1046722,1707464027
SNGL TEN,1990,5000.0,9880 CAPITAL BLVD,WAKE FOREST,27587,CAPITAL AUTOMOTIVE PROPERTIES LLC ,4900 LEIGH DR,RALEIGH NC 27616-2804,,3287131,1738389309
SNGL TEN,2002,5000.0,8730 FIDELITY BLVD,RALEIGH,27617,6421 WESTGATE REALTY LLC ,6312 WESTGATE RD,RALEIGH NC 27617-4723,,1105048,0778132064
OFC GROSS,1993,5000.0,112 NOVA DR,MORRISVILLE,27560,KV PROPERTIES LLC ,441 CHARLEVILLE CT,CARY NC 27519-6494,,1244943,0756512730
MULT TEN,1990,4992.0,6812 GLENWOOD AVE,RALEIGH,27612,REDAN ASSOCIATES LLC ,G LEE SINGLETON,PO BOX 10181,RALEIGH NC 27605-0181,1487783,0786587944
SNGL TEN,1989,4985.0,2609 S SAUNDERS ST,RALEIGH,27603,CAROLINA PAWN PTNR LLC ,LDPM INC,430 DAVIS DR STE 110,MORRISVILLE NC 27560-6829,1311138,1702472470
MULT TEN,1999,4980.0,1440 GARNER STATION BLVD,GARNER,27603,R & T PROPERTIES OF NC LLC ,PO BOX 4111,GREENSBORO NC 27404-4111,,1806350,1701391009
SNGL TEN,1996,4968.0,1921 HIGH HOUSE RD,CARY,27519,JG REALTY LLC ,3001 VILLAGE MARKETPLACE APT 201,MORRISVILLE NC 27560,,2044209,0744427587
MULT TEN,1979,4961.0,3000 CREECH RD,,27610,CREECH ROAD PLAZA LLC ,8624 FORESTER LN,APEX NC 27539-7930,,430700,1712635136
DAY CARE,1981,4960.0,7909 CREEDMOOR RD,,27613,OUTLAND INVESTMENTS LLC ,7909 CREEDMOOR RD,RALEIGH NC 27613-4362,,1275987,0798403873
CHURCH,1999,4944.0,5412 ETTA BURKE CT,RALEIGH,27606,KADAMPA CENTER INC THE ,5412 ETTA BURKE CT,RALEIGH NC 27606-1394,,1155953,0784329002
OFC GROSS,1976,4930.0,751 E GARNER RD,GARNER,27529,TIME WARNER CABLE SOUTHEAST LLC ,REAL ESTATE DEPT,7820 CRESCENT EXECUTIVE DR,CHARLOTTE NC 28217-5500,1355085,1721306674
VET CLIN,1998,4930.0,3435 KILDAIRE FARM RD,CARY,27518,TEN TEN LAND HOLDINGS LLC ,100 PARKWAY OFFICE CT STE 208,CARY NC 27518-7438,,2097438,0761112855
SNGL TEN,1992,4926.0,406 AIRPORT BLVD,MORRISVILLE,27560,NNN REIT INC ,450 S ORANGE AVE STE 900,ORLANDO FL 32801-3339,,846122,0756002823
OFC GROSS,2000,4922.0,1520 GLENWOOD AVE,RALEIGH,27608,1520 GLENWOOD LLC ,1520 GLENWOOD AVE,RALEIGH NC 27608-2264,,1785258,1704560356
CHURCH,2004,4920.0,7904 S NC 55 HWY,ANGIER,27592,BETHEL CHURCH INC ,PO BOX 96,FUQUAY VARINA NC 27526-0160,,2197603,0675246135
OFC GROSS,1979,4920.0,4913 PROFESSIONAL CT,RALEIGH,27609,"INTELLECTUAL PROPERTIES, NUMBER III, LLC ",1631 MIDTOWN PL STE 104,RALEIGH NC 27609-1300,,714769,1716547946
OFC GROSS,1989,4910.0,6220 CAPE CHARLES DR,RALEIGH,27617,SAINT FRANCIS OF ASSISI CATHOLIC PARISH OF RALEIGH ,11401 LEESVILLE RD,RALEIGH NC 27613-5954,,1279369,0778788909
CHURCH,1983,4909.0,201 DOUGLAS ST,HOLLY SPRINGS,27540,DOUGLASS CHAPEL AME ZION CHURCH ,PO BOX 275,HOLLY SPRINGS NC 27540-0275,,1229918,0649730002
SNGL TEN,1997,4888.0,1405 US 70 HWY W,GARNER,27529,SAMPLE PROPERTIES II LLC ,PO BOX 388,GARNER NC 27529-0388,,1331268,1701575760
DAY CARE,1985,4880.0,529 BETHLEHEM RD,,27545,FB & MV INC ,529 BETHLEHEM RD,KNIGHTDALE NC 27545-9311,,891288,1753185817
FIRE STA,1983,4875.0,4601 PLEASANT VALLEY RD,RALEIGH,27612,RALEIGH CITY OF ,PO BOX 590,RALEIGH NC 27602-0590,,1012821,0786574834
VET CLIN,1976,4850.0,1613 E MILLBROOK RD,RALEIGH,27609,HANDIN RALEIGH LLC ,268 KING GEORGE ST,ANNAPOLIS MD 21401-1624,,1509172,1716641710
OFC GROSS,1986,4816.0,225 TRYON RD,RALEIGH,27603,"FREEMAN, RUBEN FREEMAN, ANNIE MOORE",4309 ROCKSIDE HILLS DR,RALEIGH NC 27603-6318,,1117215,1702418172
OFC GROSS,1999,4808.0,4911 GREEN RD,RALEIGH,27616,HOPE PRESBYTERIAN CHURCH OF RALEIGH ,4911 GREEN RD,RALEIGH NC 27616-3416,,989522,1726253795
MULT TEN,2000,4800.0,1629 RONALD DR,RALEIGH,27609,LCV PROPERTIES LLC ,9008 DANSFORESHIRE WAY,WAKE FOREST NC 27587-8849,,1103037,1716602410
OFC GROSS,1993,4800.0,1431 MECHANICAL BLVD,GARNER,27529,"EKCO ARNOLD, THOMAS C",1431 MECHANICAL BLVD STE A,GARNER NC 27529-2504,,530478,1701966876
CHURCH,1981,4800.0,701 PROCTOR ST,,27597,BEAVERS CHAPEL CHRISTIAN CHURCH ,700 PROCTOR ST,ZEBULON NC 27597-8726,,638337,2706210539
DAY CARE,1981,4800.0,1701 AVERSBORO RD,GARNER,27529,MEW INVESTMENT LLC ,8617 PIERCE OLIVE RD,APEX NC 27539-5344,,1283557,1710359309
SNGL TEN,1976,4800.0,3236 CAPITAL BLVD,RALEIGH,27604,SAM MCCALL FAMILY LIMITED PARTNERSHIP ,215 ROBBINS ST,GREENSBORO NC 27406-3628,,931816,1725242896
VET CLIN,1992,4766.0,1233 NE MAYNARD RD,CARY,27513,CVH ENTERPRISE LLC ,2002 OLD RALEIGH RD,APEX NC 27502-9244,,1415247,0774032504
SNGL TEN,1990,4764.0,3201 JOHN HUMPHRIES WYND,RALEIGH,27612,JOHNSONS JEWELERS INC ,3201 JOHN HUMPHRIES WYND,RALEIGH NC 27612-5381,,1369073,0785762062
MED OFC GROSS,1984,4738.0,120 NORTHWAY CT,RALEIGH,27615,SMITH & TART PROPERTIES LLC ,120 NORTHWAY CT,RALEIGH NC 27615-4916,,1113438,1707464500
CHURCH,1993,4715.0,1424 SAWYER RD,RALEIGH,27610,MT PLEASANT HOLY CHURCH OF GOD INC ,1424 SAWYER RD,RALEIGH NC 27610-3938,,892526,1703926757
OFC GROSS,1979,4700.0,1201 AVERSBORO RD,GARNER,27529,"BROWNING, ROBERT L ",65 GLEN RD STE 182,GARNER NC 27529-7943,,602018,1710389847
OFC GROSS,2004,4695.0,933 OLD KNIGHT RD,KNIGHTDALE,27545,MYBECS 3 LLC ,933 OLD KNIGHT RD,KNIGHTDALE NC 27545-9065,,809199,1754579836
MULT TEN,2001,4680.0,3023 CAPITAL BLVD,RALEIGH,27604,MCGEE PROPERTIES LLC ,PO BOX 464,RALEIGH NC 27602-0464,,1398056,1725140128
OFC GROSS,1985,4680.0,833 WAKE FOREST BUSINESS PARK,WAKE FOREST,27587,WFAC PROPERTIES LLC ,833 WAKE FOREST BUSINESS PARK STE C,WAKE FOREST NC 27587-6521,,590251,1831712602
CHURCH,1982,4676.0,11912 OLD CREEDMOOR RD,,27613,CHESTNUT GROVE BAPTIST CHURCH ,11912 OLD CREEDMOOR RD,RALEIGH NC 27613-7118,,428978,0880735977
MED OFC GROSS,1976,4675.0,3814 BROWNING PL,RALEIGH,27609,SALEEBY PROFESSIONAL BUILDING ,9601 KOUPELA DR,RALEIGH NC 27615-2237,,776519,1705876411
OFC GROSS,1997,4672.0,629 OBERLIN RD,RALEIGH,27605,SIX TWO NINE OFFICE LLC ,1001 COLLEGE CT,NEW BERN NC 28562-4972,,1504890,0794939962
DAY CARE,1979,4668.0,223 W MILLBROOK RD,RALEIGH,27609,KCP RE LLC ,SCHWARTZ KALES ACCOUNTANCY CORP,6310 SAN VICENTE BLVD STE 250,LOS ANGELES CA 90048-5447,960298,1706560589
SNGL TEN,1986,4640.0,133 JONES FRANKLIN RD,RALEIGH,27606,SRP PLAZA WEST LLC ,222 CLOISTER CT,CHAPEL HILL NC 27514-2212,,1014817,0784206078
MED OFC GROSS,1995,4636.0,5045 OLD RALEIGH RD,CARY,27511,LITTLE BUILDING LLC ,5839 CAPITAL BLVD,RALEIGH NC 27616-2937,,1596250,0752746035
CHURCH,1989,4633.0,6325 S NC 55 HWY,FUQUAY-VARINA,27526,ENGLISH FUQUAY VARINA CONGREGATION OF JEHOVAHS WIT ,6325 S NC 55 HWY,FUQUAY VARINA NC 27526-7922,,934660,0676284572
DAY CARE,1995,4630.0,314 CHAPANOKE RD,RALEIGH,27603,"EASTER SEALS UCP NORTH CAROLINA & VIRGINIA, INC ",5171 GLENWOOD AVE STE 200,RALEIGH NC 27612-3266,,1490362,1702533143
MED OFC GROSS,1981,4630.0,1149 KILDAIRE FARM RD,CARY,27511,"K5 INVESTMENT PROPERTIES, LLC ",1141 BEXLEY HILLS BND,APEX NC 27502-1887,,1095855,0763435805
CHURCH,1999,4628.0,4900 ROLESVILLE RD,,27591,MANASSEH CHURCH OF GOD IN CHRIST ,C/O JOYCE WILLIAMS-SEC.,2100 OAKVIEW CT,RALEIGH NC 27604-2218,1048368,1765819965
DAY CARE,1979,4614.0,1118 SE MAYNARD RD,CARY,27511,KCP RE LLC ,SCHWARTZ KALES ACCOUNTANCY CORP,6310 SAN VICENTE BLVD STE 250,LOS ANGELES CA 90048-5447,1091350,0773090781
MED OFC GROSS,1997,4607.0,100 PRESTON EXECUTIVE DR,CARY,27513,MITHRA & SUDHIR PROPERTIES LLC ,2833 FLORA OAKS WAY,APEX NC 27523-5807,,1539276,0754137029
SNGL TEN,1979,4606.0,3925 BERYL RD,RALEIGH,27607,"BARAKAT, NAMEE TRUSTEE NAMEE BARAKAT'S SEPARATE PROPERTY SUB-TRUST",2429 TRENTON PARK LN,RALEIGH NC 27607-6377,,1013677,0794049174
OFC GROSS,1978,4604.0,5121 HOLLYRIDGE DR,RALEIGH,27612,NEESE FAMILY HOLDINGS LLC ,PO BOX 17944,RALEIGH NC 27619-7944,,472129,0786854466
SNGL TEN,2000,4601.0,2017 NW CARY PKWY,MORRISVILLE,27560,IVY COTTAGE REAL ESTATE LLC ,405 TYNEMOUTH DR,CARY NC 27513-5580,,1167840,0754573635
CHURCH,1980,4601.0,4219 LAKE RIDGE DR,RALEIGH,27604,IGLESIA CRISTIANA RENACER INC. ,PO BOX 99001,RALEIGH NC 27624-9001,,502647,1726302348
OFC GROSS,2001,4592.0,9 S PINE ST,WENDELL,27591,WENDELL TOWN OF ,409 LANDING VIEW DR,WENDELL NC 27591-4559,,717888,1783793672
MED OFC GROSS,2004,4590.0,2081 SHEPHERDS VINEYARD DR,APEX,27502,KPS PARTNERS LLC ,2081 SHEPHERDS VINEYARD DR STE 102,APEX NC 27502-6410,,1017858,0752253507
CLUB HSE,1985,4574.0,502 LOCHMERE DR,CARY,27518,LOCHMERE ASSN ,HRW INC,4700 HOMEWOOD CT STE 380,RALEIGH NC 27609-5732,0,0771192688
SNGL TEN,1989,4560.0,110 E VANCE ST,ZEBULON,27597,PARRISH REALTY CO OF ZEBULON INC ,PARRISH REALTY C/O RENEE BAKER,PO BOX 1128,ZEBULON NC 27597-1128,447860,2705349552
MED OFC GROSS,1994,4558.0,1146 EXECUTIVE CIR,CARY,27511,WMB LLC ,1146 EXECUTIVE CIR,CARY NC 27511-4526,,1126001,0763438886
OFC GROSS,1978,4540.0,3933 ARROW DR,RALEIGH,27612,3933 ARROW LLC ,3933 ARROW DR,RALEIGH NC 27612-4646,,1158487,0795696783
CLUB HSE,2001,4518.0,101 REDWOOD PARK DR,MORRISVILLE,27560,BRECKENRIDGE HOMEOWNERS ASSOC OF NC INC ,YORK PROPERTIES INC,2108 CLARK AVE,RALEIGH NC 27605-1606,0,0746006525
CLUB HSE,2003,4518.0,7481 SILVER VIEW LN,RALEIGH,27613,LONG LAKE HOMEOWNERS ASSN INC ,PPM,11010 RAVEN RIDGE RD,RALEIGH NC 27614-8837,0,0777964011
MED OFC GROSS,1977,4501.0,3200 WENDELL BLVD,WENDELL,27591,UTLBI LLC ,HEATH BRANTLEY,PO BOX 1662,WENDELL NC 27591-1662,860206,1784515489
OFC GROSS,1990,4500.0,241 HORIZON DR,RALEIGH,27615,TRIANGLE LEBANESE-AMERICAN CENTER ,241 HORIZON DR,RALEIGH NC 27615-4923,,647115,1707463721
OFC GROSS,1995,4500.0,4660 PARAGON PARK RD,RALEIGH,27616,PARAGON AHW LLC ,4660 PARAGON PARK RD,RALEIGH NC 27616-3174,,1001305,1737082331
FLEX WHSE,1983,4500.0,5508 OLD WAKE FOREST RD,RALEIGH,27609,BTN LLC ,2708 CROFTON SPRINGS DR,RALEIGH NC 27615-4060,,795159,1716860258
CHURCH,1999,4488.0,2709 NC 97 HWY,,27591,EAST WAKE CHURCH OF GOD ,PO BOX 1628,WENDELL NC 27591-1628,,1160680,1785420107
DAY CARE,1988,4469.0,3801 MITCHELL MILL RD,,27616,CADET 23 LLC ,KRISTIN WALKER,902 CARNEGIE CTR STE 520,PRINCETON NJ 08540-6531,1252921,1747371690
CHURCH,1987,4440.0,8800 HONEYCUTT RD,,27615,MILLBROOK CONGREGATION OF JEHOVAHS WITNESSES (TRUSTEES OF),PO BOX 58250,RALEIGH NC 27658-8250,,838721,1718220816
MED OFC GROSS,1999,4422.0,7700 LEAD MINE RD,RALEIGH,27615,GREYSTONE POINTE LLC ,7700 LEAD MINE RD,RALEIGH NC 27615-4828,,1184405,1707170654
OFC GROSS,1994,4410.0,2000 S MAIN ST,WAKE FOREST,27587,A/N/S PROPERTIES INC ,PO BOX 1109,WAKE FOREST NC 27588-1109,,811850,1830816020
GROUP HM,1994,4402.0,208 MIDENHALL WAY,CARY,27513,"KAN, EUNICE E ",1932 PARKWOOD DR,SAN MATEO CA 94403-3961,,1004269,0765667340
OFC GROSS,1989,4400.0,219 N BOYLAN AVE,RALEIGH,27603,JMIKE INVESTCO LLC ,3008 ANDERSON DR STE 250,RALEIGH NC 27609-7678,,2116548,1704400404
OFC GROSS,1979,4398.0,219 W MILLBROOK RD,RALEIGH,27609,ZAYTOUN FAMILY LIMITED PARTNERSHIP ,5041 SIX FORKS RD STE 200,RALEIGH NC 27609-4494,,630003,1706562588
CHURCH,1981,4396.0,9116 FOWLER RD,,27597,ORIGINAL ST JOHNS UNITED ,FRANK PERRY ETAL TRUSTEES,PO BOX 155,ZEBULON NC 27597-0155,386564,1797375562
CHURCH,1996,4392.0,4520 AUBURN CHURCH RD,,27529,CHURCH OF THE LORD JESUS CHRIST THE ,119 DUNSTAN AVE,DURHAM NC 27707-2315,,549135,1731030739
SNGL TEN,2000,4348.0,2424 PEARCES RD,,27597,FAIRWAY ENTERPRISES INC ,PO BOX 216,ZEBULON NC 27597-0216,,1954638,2708404089
OFC GROSS,1984,4344.0,1004 VANDORA SPRINGS RD,GARNER,27529,OMEGAS OF RALEIGH LLC ,PO BOX 97301,RALEIGH NC 27624-7301,,741409,1711029454
MED OFC GROSS,1997,4326.0,1000 OLD RALEIGH RD,APEX,27502,WHITE OAK PROFESSIONAL PARK LLC ,1000 OLD RALEIGH RD,APEX NC 27502-9216,,1284515,0742617840
SNGL TEN,1988,4320.0,900 HODGES ST,RALEIGH,27608,"PARKS, MICHAEL TERRY TRUSTEE I TRUST MIKE PARKS REVOCABLE LIVING TRUST",2548 OAKES PLANTATION DR,RALEIGH NC 27610-9328,,864814,1715112577
CLUB HSE,2001,4316.0,804 HERITAGE LAKE RD,WAKE FOREST,27587,HERITAGE REH LLC ,PO BOX 97487,RALEIGH NC 27624-7487,,424627,1840715259
CHURCH,1984,4309.0,6105 FAYETTEVILLE RD,,27603,"MATEO, WILSON TRUSTEE BRITO, NAIROBI SANTANA TRUSTEE",PO BOX 100,KENLY NC 27542-0100,,781936,0790676267
CLUB HSE,1983,4305.0,1709 RIDGE RD,RALEIGH,27607,RALEIGH CITY OF ,PO BOX 590,RALEIGH NC 27602-0590,,3770032,0795313373
MED OFC GROSS,2004,4300.0,500 W WILLIAMS ST,APEX,27502,JGY HOLDINGS LLC ,2004 YAMACRAW DR,KNIGHTDALE NC 27545-6778,,1149080,0742113838
OFC GROSS,1990,4278.0,7634 OLD US 1 HWY,,27562,DOMTAR PAPER CO LLC ,100 KINGSLEY PARK DR,FORT MILL SC 29715-6476,,1012345,0609625590
OFC GROSS,1997,4268.0,5404 HILLSBOROUGH ST,RALEIGH,27606,DJF HOLDINGS LLC ,8708 PENNY RD,RALEIGH NC 27606-9567,,726435,0784421914
VET CLIN,1976,4265.0,7130 SIX FORKS RD,RALEIGH,27615,FARZANA INVESTMENT INC ,3913 DEVAN OAKS WAY,RALEIGH NC 27606-4350,,909379,1707541542
SNGL TEN,1999,4256.0,1010 BUCK JONES RD,CARY,27606,BUCK JONES RENTALS LLC ,1010 BUCK JONES RD,RALEIGH NC 27606-3323,,1814662,0773658288
VET CLIN,2000,4250.0,1050 N MAIN ST,HOLLY SPRINGS,27540,DVM SERVICES REALTY LLC ,4935 RALEIGH ROAD PKWY W,WILSON NC 27896-9701,,941907,0649970232
CLUB HSE,1987,4242.0,416 N TAYLOR ST,WAKE FOREST,27587,WAKE FOREST TOWN OF ,301 BROOKS ST,WAKE FOREST NC 27587-2901,,347561,1841638126
OFC GROSS,2004,4236.0,4170 FAYETTEVILLE RD,GARNER,27603,OLD OAK ASSOCIATES LLC ,PO BOX 8346,ROCKY MOUNT NC 27804-1346,,856441,1701380342
OFC GROSS,2000,4208.0,2019 FAIRVIEW RD,RALEIGH,27608,2019 ASSOCIATES LLC ,3029 ROTHGEB DR,RALEIGH NC 27609-7707,,1423572,1704484063
SNGL TEN,2000,4200.0,14300 FALLS OF NEUSE RD,RALEIGH,27614,"TANSTAAFL FUNDING, LLC ",2503 RELIANCE AVE,APEX NC 27539-6347,,1221904,1739493227
MULT TEN,1987,4200.0,1290 N MAIN ST,FUQUAY-VARINA,27526,"GOODWIN, CHARLES ROBERT GOODWIN, BEVERLY PITTMAN",3305 BENTWINDS BLUFFS LN,FUQUAY VARINA NC 27526-4495,,998594,0667504321
OFC GROSS,1990,4196.0,618 W JONES ST,RALEIGH,27603,LIGON PROPERTIES II LLC ,3001 ROTHGEB DR,RALEIGH NC 27609-7707,,2898020,1704403178
FIRE STA,1975,4189.0,3409 POOLE RD,RALEIGH,27610,RALEIGH CITY OF ,PO BOX 590,RALEIGH NC 27602-0590,,865944,1723456036
CHURCH,1981,4165.0,309 HOLMAN DR,GARNER,27529,SHALOM CHRISTIAN COMMUNITY CHURCH ,309 HOLMAN DR,GARNER NC 27529-4059,,577438,1710893586
OFC GROSS,1994,4136.0,12205 CAPITAL BLVD,WAKE FOREST,27587,MWF PARCLES LLC ,1330 SAINT MARYS ST STE 350,RALEIGH NC 27605-3246,,802106,1831513549
CHURCH,1987,4128.0,414 ROSE LN,RALEIGH,27610,GREATER PENTECOSTAL FAITH DELIVERANCE CHURCH INTL,PO BOX 4081,RALEIGH NC 27620,,578398,1713858982
MED OFC GROSS,1992,4121.0,1303 WATER PLANT RD,,27597,"HWANG, YINNAN HWANG, HSIU MEI",1200 WATER PLANT RD,ZEBULON NC 27597-8612,,824251,1795248828
MED OFC GROSS,1979,4118.0,9317 LEESVILLE RD,RALEIGH,27613,LEESVILLE PROPERTIES LLC ,9317 LEESVILLE RD,RALEIGH NC 27613-7515,,793374,0788131000
SNGL TEN,1990,4113.0,1216 E GANNON AVE,,27597,THORNTON PROPERTY MANAGEMENT LLC ,1216 E GANNON AVE,ZEBULON NC 27597-8004,,811193,2715272871
VET CLIN,1987,4112.0,5919 CREEDMOOR RD,RALEIGH,27612,BONE CREEK FARMS LLC ,111 S POPLAR ST UNIT 549,ABERDEEN NC 28315-2787,,1087733,0797405036
CLUB HSE,2005,4110.0,1925 WIDE RIVER DR,RALEIGH,27614,RIVER RUN NEIGHBORHOOD ASSOCIATION INC ,4700 HOMEWOOD CT STE 380,RALEIGH NC 27609-5732,,0,1729545800
FIRE STA,1975,4103.0,875 SE MAYNARD RD,CARY,27511,CARY TOWN OF ,REAL ESTATE DEPT TOWN OF CARY,PO BOX 8005,CARY NC 27512-8005,1420708,0763978708
VET CLIN,1994,4101.0,1610 OLD APEX RD,CARY,27513,SVR INFRA LLC ,1160 CRAIGMEADE DR,MORRISVILLE NC 27560-5231,,1246931,0753224410
OFC GROSS,2003,4100.0,114 HYANNIS DR,HOLLY SPRINGS,27540,HLM PROPERTIES LLC ,3928 COLINWOOD LN,RALEIGH NC 27606-4886,,750608,0740907801
SNGL TEN,1988,4091.0,7110 SANDY FORKS RD,RALEIGH,27615,RIPTIDE NORTHRIDGE LLC ,749 FENNER RD,ROCKY MOUNT NC 27804-6510,,1795892,1717126181
OFC GROSS,2000,4090.0,815 N ARENDELL AVE,ZEBULON,27597,ZEBULON CHAMBER OF COMMERCE INC ,815 N ARENDELL AVE,ZEBULON NC 27597-2305,,599335,2705270521
CLUB HSE,1985,4065.0,1510 GLEN EDEN DR,RALEIGH,27612,RALEIGH CITY OF ,PO BOX 590,RALEIGH NC 27602-0590,,4968289,0795366593
CHURCH,1975,4064.0,16 LEVISTER CT,RALEIGH,27601,BRIGHT HOPE DIVINE HOLY CHURCH OF GOD INC ,PO BOX 27304,RALEIGH NC 27611-7304,,228211,1703630852
MED OFC GROSS,1998,4060.0,3917 SUNSET RIDGE RD,RALEIGH,27607,SEDATION & COSMETIC FAMILY DENTAL CARE LLC,3917 SUNSET RIDGE RD,RALEIGH NC 27607-6415,,767414,0785608723
VET CLIN,1995,4040.0,2111 HIGH HOUSE RD,CARY,27519,VCA REAL ESTATE PROPERTY ACQUISITION CORPORATION,12401 W OLYMPIC BLVD,LOS ANGELES CA 90064-1022,,968028,0744327243
SNGL TEN,2003,4018.0,13150 FALLS OF NEUSE RD,RALEIGH,27614,RIPTIDE V LLC ,PO BOX 7865,ROCKY MOUNT NC 27804-0865,,1430552,1729978787
MED OFC GROSS,1998,4013.0,106 LAKE BOONE TRL,RALEIGH,27608,PORTER KEYSER LLC ,8008 CONNESTEE CT,RALEIGH NC 27612-7355,,821562,0795929648
OFC GROSS,1977,4000.0,209 MAIN ST,KNIGHTDALE,27545,KNIGHTDALE TOWN OF ,950 STEEPLE SQUARE CT,KNIGHTDALE NC 27545-7655,,1504330,1754325608
SNGL TEN,1976,4000.0,820 E CHATHAM ST,CARY,27511,COOPER BROTHERS PROPERTIES LLC ,820 E CHATHAM ST,CARY NC 27511-6917,,1413718,0774033082
MED OFC GROSS,2004,4000.0,1604 JONES FRANKLIN RD,RALEIGH,27606,SCHNIDER GROUP LLC ,1604 JONES FRANKLIN RD,RALEIGH NC 27606-3334,,1223295,0783013485
OFC GROSS,1987,4000.0,126 US 70 HWY W,GARNER,27529,HIGHWAY 70 ASSOCIATES LLC ,126 US HWY 70 W,GARNER NC 27529-3974,,462359,1711614760
SNGL TEN,2005,4000.0,411 E SIX FORKS RD,RALEIGH,27609,MRAC-IV LLC ,1213 KEITH RD,WAKE FOREST NC 27587-7301,,1346376,1715133685
SNGL TEN,1985,4000.0,1230 GREEN ST,RALEIGH,27603,ALAMANCE FIVE LLC ,HESTER & COMPANY,PO BOX 6100,RALEIGH NC 27628-6100,1603677,1703423927
SNGL TEN,1991,4000.0,12825 NORWOOD RD,,27613,"HALLOVER HOLDINGS, LLC ",8517 ONEAL RD,RALEIGH NC 27613-4210,,1170282,0789972486
MULT TEN,1980,4000.0,418 S MAIN ST,ROLESVILLE,27571,GETTY LEASING INC ,"GPM INVESTMENTS, LLC",1410 COMMONWEALTH DR STE 202,WILMINGTON NC 28403-0377,997241,1758795264
VET CLIN,1980,4000.0,5849 LEASE LN,RALEIGH,27617,BAZOOBAND PROPERTIES LLC ,8421 GLENWOOD AVE,RALEIGH NC 27612-7365,,956541,0778607401
CHURCH,1998,4000.0,1850 WENDELL BLVD,,27591,CHARITY FREE WILL BAPTIST CHURCH ,PO BOX 1356,WENDELL NC 27591-1356,,712240,1774875198
